id,name,population,land_sq_mi
01001,"Autauga County, Alabama",56145,594.456
01003,"Baldwin County, Alabama",229287,1589.836
01005,"Barbour County, Alabama",24589,885.008
01007,"Bibb County, Alabama",22136,622.47
01009,"Blount County, Alabama",57879,644.891
01011,"Bullock County, Alabama",9976,622.815
01013,"Butler County, Alabama",19504,776.839
01015,"Calhoun County, Alabama",113469,605.889
01017,"Chambers County, Alabama",32865,596.561
01019,"Cherokee County, Alabama",26294,553.524
01021,"Chilton County, Alabama",44397,692.837
01023,"Choctaw County, Alabama",12418,913.479
01025,"Clarke County, Alabama",23291,1238.42
01027,"Clay County, Alabama",13112,603.962
01029,"Cleburne County, Alabama",14967,560.105
01031,"Coffee County, Alabama",53230,678.986
01033,"Colbert County, Alabama",55411,592.953
01035,"Conecuh County, Alabama",11851,850.279
01037,"Coosa County, Alabama",10650,650.909
01039,"Covington County, Alabama",36930,1030.571
01041,"Crenshaw County, Alabama",13681,608.865
01043,"Cullman County, Alabama",84515,734.738
01045,"Dale County, Alabama",48959,561.113
01047,"Dallas County, Alabama",36098,978.738
01049,"DeKalb County, Alabama",71658,777.077
01051,"Elmore County, Alabama",82158,618.515
01053,"Escambia County, Alabama",36281,945.408
01055,"Etowah County, Alabama",102371,535.105
01057,"Fayette County, Alabama",16241,627.684
01059,"Franklin County, Alabama",31507,633.92
01061,"Geneva County, Alabama",26411,574.485
01063,"Greene County, Alabama",7990,647.023
01065,"Hale County, Alabama",14670,643.99
01067,"Henry County, Alabama",17223,561.763
01069,"Houston County, Alabama",106580,579.826
01071,"Jackson County, Alabama",51582,1078.015
01073,"Jefferson County, Alabama",655342,1111.531
01075,"Lamar County, Alabama",13764,604.846
01077,"Lauderdale County, Alabama",93368,668.014
01079,"Lawrence County, Alabama",32857,690.684
01081,"Lee County, Alabama",166831,607.543
01083,"Limestone County, Alabama",102228,559.963
01085,"Lowndes County, Alabama",9641,716.085
01087,"Macon County, Alabama",17895,608.665
01089,"Madison County, Alabama",379453,801.601
01091,"Marengo County, Alabama",18733,976.898
01093,"Marion County, Alabama",29703,742.343
01095,"Marshall County, Alabama",96990,565.845
01097,"Mobile County, Alabama",412716,1229.374
01099,"Monroe County, Alabama",20459,1025.669
01101,"Montgomery County, Alabama",224639,785.35
01103,"Morgan County, Alabama",119883,579.67
01105,"Perry County, Alabama",8687,719.67
01107,"Pickens County, Alabama",19793,881.408
01109,"Pike County, Alabama",32966,672.067
01111,"Randolph County, Alabama",22920,580.55
01113,"Russell County, Alabama",58237,641.182
01115,"St. Clair County, Alabama",90739,631.57
01117,"Shelby County, Alabama",221428,785.44
01119,"Sumter County, Alabama",12225,903.826
01121,"Talladega County, Alabama",79985,736.817
01123,"Tallapoosa County, Alabama",40133,716.528
01125,"Tuscaloosa County, Alabama",210758,1320.848
01127,"Walker County, Alabama",63143,791.03
01129,"Washington County, Alabama",15976,1080.203
01131,"Wilcox County, Alabama",10206,887.858
01133,"Winston County, Alabama",23508,612.998
02013,"Aleutians East Borough, Alaska",3401,6985.234
02016,"Aleutians West Census Area, Alaska",5680,4393.026
02020,"Anchorage Municipality, Alaska",287095,1706.8
02050,"Bethel Census Area, Alaska",18437,40627.14
02060,"Bristol Bay Borough, Alaska",788,481.977
02068,"Denali Borough, Alaska",2081,12641.049
02070,"Dillingham Census Area, Alaska",4833,18333.994
02090,"Fairbanks North Star Borough, Alaska",95651,7334.809
02100,"Haines Borough, Alaska",2614,2343.393
02105,"Hoonah-Angoon Census Area, Alaska",2141,6555.258
02110,"Juneau City and Borough, Alaska",31849,2704.031
02122,"Kenai Peninsula Borough, Alaska",59414,16017.419
02130,"Ketchikan Gateway Borough, Alaska",13747,4856.927
02150,"Kodiak Island Borough, Alaska",12992,6688.86
02158,"Kusilvak Census Area, Alaska",8328,17077.063
02164,"Lake and Peninsula Borough, Alaska",1493,23831.834
02170,"Matanuska-Susitna Borough, Alaska",110213,24706.967
02180,"Nome Census Area, Alaska",9909,22969.463
02185,"North Slope Borough, Alaska",9294,88823.627
02188,"Northwest Arctic Borough, Alaska",7644,35663.282
02195,"Petersburg Borough, Alaska",3296,2900.654
02198,"Prince of Wales-Hyder Census Area, Alaska",6147,5267.725
02220,"Sitka City and Borough, Alaska",8405,2870.058
02230,"Skagway Municipality, Alaska",1179,433.933
02240,"Southeast Fairbanks Census Area, Alaska",6957,24831.059
02275,"Wrangell City and Borough, Alaska",2510,2555.995
02282,"Yakutat City and Borough, Alaska",637,7623.28
02290,"Yukon-Koyukuk Census Area, Alaska",5077,145575.546
04001,"Apache County, Arizona",71875,11198.309
04003,"Cochise County, Arizona",127450,6209.75
04005,"Coconino County, Arizona",142481,18616.355
04007,"Gila County, Arizona",54303,4757.33
04009,"Graham County, Arizona",39211,4621.877
04011,"Greenlee County, Arizona",9341,1842.143
04012,"La Paz County, Arizona",21480,4496.565
04013,"Maricopa County, Arizona",4579081,9201.792
04015,"Mohave County, Arizona",217206,13332.118
04017,"Navajo County, Arizona",112112,9949.491
04019,"Pima County, Arizona",1061175,9188.69
04021,"Pinal County, Arizona",480828,5366.047
04023,"Santa Cruz County, Arizona",46808,1236.242
04025,"Yavapai County, Arizona",240226,8122.872
04027,"Yuma County, Arizona",217824,5513.838
05001,"Arkansas County, Arkansas",17383,992.141
05003,"Ashley County, Arkansas",19339,925.492
05005,"Baxter County, Arkansas",42242,553.926
05007,"Benton County, Arkansas",288774,847.721
05009,"Boone County, Arkansas",37625,589.723
05011,"Bradley County, Arkansas",10639,649.167
05013,"Calhoun County, Arkansas",5113,628.601
05015,"Carroll County, Arkansas",28276,629.938
05017,"Chicot County, Arkansas",9924,636.978
05019,"Clark County, Arkansas",22103,865.971
05021,"Clay County, Arkansas",14375,639.224
05023,"Cleburne County, Arkansas",24935,553.959
05025,"Cleveland County, Arkansas",7957,597.914
05027,"Columbia County, Arkansas",23331,766.065
05029,"Conway County, Arkansas",21037,551.917
05031,"Craighead County, Arkansas",112245,707.158
05033,"Crawford County, Arkansas",63409,595.269
05035,"Crittenden County, Arkansas",47616,612.865
05037,"Cross County, Arkansas",16142,616.318
05039,"Dallas County, Arkansas",6802,667.323
05041,"Desha County, Arkansas",11110,741.214
05043,"Drew County, Arkansas",17977,828.662
05045,"Faulkner County, Arkansas",126919,647.246
05047,"Franklin County, Arkansas",17897,608.963
05049,"Fulton County, Arkansas",12381,618.036
05051,"Garland County, Arkansas",99789,677.643
05053,"Grant County, Arkansas",18449,631.885
05055,"Greene County, Arkansas",45597,577.34
05057,"Hempstead County, Arkansas",21253,727.2
05059,"Hot Spring County, Arkansas",33787,614.944
05061,"Howard County, Arkansas",13109,587.326
05063,"Independence County, Arkansas",37757,763.712
05065,"Izard County, Arkansas",13613,580.177
05067,"Jackson County, Arkansas",16636,633.611
05069,"Jefferson County, Arkansas",65377,872.367
05071,"Johnson County, Arkansas",26513,660.996
05073,"Lafayette County, Arkansas",6596,529.472
05075,"Lawrence County, Arkansas",16410,587.528
05077,"Lee County, Arkansas",8513,599.807
05079,"Lincoln County, Arkansas",12944,559.462
05081,"Little River County, Arkansas",12180,531.255
05083,"Logan County, Arkansas",21410,709.116
05085,"Lonoke County, Arkansas",73921,771.448
05087,"Madison County, Arkansas",16644,834.228
05089,"Marion County, Arkansas",16790,596.653
05091,"Miller County, Arkansas",43177,624.04
05093,"Mississippi County, Arkansas",40066,902.093
05095,"Monroe County, Arkansas",6584,607.469
05097,"Montgomery County, Arkansas",9006,780.453
05099,"Nevada County, Arkansas",8099,617.79
05101,"Newton County, Arkansas",7602,821.072
05103,"Ouachita County, Arkansas",23167,732.721
05105,"Perry County, Arkansas",10327,551.377
05107,"Phillips County, Arkansas",17299,690.36
05109,"Pike County, Arkansas",10643,600.335
05111,"Poinsett County, Arkansas",23283,758.295
05113,"Polk County, Arkansas",19707,856.838
05115,"Pope County, Arkansas",64334,811.128
05117,"Prairie County, Arkansas",7966,647.52
05119,"Pulaski County, Arkansas",392980,758.308
05121,"Randolph County, Arkansas",18247,651.913
05123,"St. Francis County, Arkansas",24682,634.784
05125,"Saline County, Arkansas",123968,723.532
05127,"Scott County, Arkansas",10164,892.85
05129,"Searcy County, Arkansas",7842,665.834
05131,"Sebastian County, Arkansas",127590,531.182
05133,"Sevier County, Arkansas",16702,563.574
05135,"Sharp County, Arkansas",17424,604.624
05137,"Stone County, Arkansas",12674,606.44
05139,"Union County, Arkansas",38219,1039.067
05141,"Van Buren County, Arkansas",16541,709.563
05143,"Washington County, Arkansas",243216,941.471
05145,"White County, Arkansas",78729,1034.079
05147,"Woodruff County, Arkansas",6264,585.965
05149,"Yell County, Arkansas",21181,930.211
06001,"Alameda County, California",1662323,737.462
06003,"Alpine County, California",1119,738.34
06005,"Amador County, California",40083,594.584
06007,"Butte County, California",212744,1636.49
06009,"Calaveras County, California",46308,1020.019
06011,"Colusa County, California",21558,1150.713
06013,"Contra Costa County, California",1152333,716.929
06015,"Del Norte County, California",27968,1006.228
06017,"El Dorado County, California",192925,1707.85
06019,"Fresno County, California",1000918,5958.383
06021,"Glenn County, California",28283,1313.968
06023,"Humboldt County, California",134977,3568.188
06025,"Imperial County, California",180267,4175.539
06027,"Inyo County, California",18046,10197.261
06029,"Kern County, California",901362,8134.646
06031,"Kings County, California",152692,1390.972
06033,"Lake County, California",64479,1256.551
06035,"Lassen County, California",30016,4541.34
06037,"Los Angeles County, California",9943046,4059.282
06039,"Madera County, California",157761,2136.918
06041,"Marin County, California",257332,520.423
06043,"Mariposa County, California",17160,1448.84
06045,"Mendocino County, California",86061,3506.824
06047,"Merced County, California",279252,1938.004
06049,"Modoc County, California",8763,3948.234
06051,"Mono County, California",14534,3048.904
06053,"Monterey County, California",430906,3281.723
06055,"Napa County, California",135965,748.279
06057,"Nevada County, California",99606,957.76
06059,"Orange County, California",3166857,792.841
06061,"Placer County, California",402950,1407.075
06063,"Plumas County, California",18967,2553.062
06065,"Riverside County, California",2489188,7209.269
06067,"Sacramento County, California",1559146,965.271
06069,"San Benito County, California",64055,1388.652
06071,"San Bernardino County, California",2189183,20068.011
06073,"San Diego County, California",3332427,4210.234
06075,"San Francisco County, California",866606,46.914
06077,"San Joaquin County, California",767967,1392.37
06079,"San Luis Obispo County, California",282249,3300.854
06081,"San Mateo County, California",758308,448.621
06083,"Santa Barbara County, California",444766,2733.936
06085,"Santa Clara County, California",1907105,1291.084
06087,"Santa Cruz County, California",269925,445.108
06089,"Shasta County, California",179027,3775.52
06091,"Sierra County, California",2920,953.168
06093,"Siskiyou County, California",43245,6278.768
06095,"Solano County, California",446935,821.829
06097,"Sonoma County, California",489819,1575.63
06099,"Stanislaus County, California",550081,1496.017
06101,"Sutter County, California",96385,602.696
06103,"Tehama County, California",64494,2949.137
06105,"Trinity County, California",12216,3179.268
06107,"Tulare County, California",468680,4823.899
06109,"Tuolumne County, California",54515,2220.911
06111,"Ventura County, California",841387,1840.789
06113,"Yolo County, California",219728,1014.733
06115,"Yuba County, California",80160,632.006
08001,"Adams County, Colorado",519883,1166.735
08003,"Alamosa County, Colorado",16180,722.645
08005,"Arapahoe County, Colorado",657452,797.86
08007,"Archuleta County, Colorado",14196,1350.088
08009,"Baca County, Colorado",3555,2554.993
08011,"Bent County, Colorado",5356,1512.847
08013,"Boulder County, Colorado",327171,726.383
08014,"Broomfield County, Colorado",72236,32.968
08015,"Chaffee County, Colorado",20661,1013.408
08017,"Cheyenne County, Colorado",1795,1778.276
08019,"Clear Creek County, Colorado",9586,395.073
08021,"Conejos County, Colorado",8143,1287.428
08023,"Costilla County, Colorado",3921,1227.593
08025,"Crowley County, Colorado",5696,787.428
08027,"Custer County, Colorado",5183,738.626
08029,"Delta County, Colorado",31067,1142.125
08031,"Denver County, Colorado",735538,153.075
08033,"Dolores County, Colorado",2096,1067.17
08035,"Douglas County, Colorado",360750,840.245
08037,"Eagle County, Colorado",54929,1684.469
08039,"Elbert County, Colorado",27313,1850.836
08041,"El Paso County, Colorado",728310,2126.416
08043,"Fremont County, Colorado",47867,1533.87
08045,"Garfield County, Colorado",60366,2947.43
08047,"Gilpin County, Colorado",6235,150.023
08049,"Grand County, Colorado",15794,1846.439
08051,"Gunnison County, Colorado",17593,3239.14
08053,"Hinsdale County, Colorado",808,1117.231
08055,"Huerfano County, Colorado",6883,1591.033
08057,"Jackson County, Colorado",1389,1613.726
08059,"Jefferson County, Colorado",583283,764.38
08061,"Kiowa County, Colorado",1458,1767.809
08063,"Kit Carson County, Colorado",7121,2160.822
08065,"Lake County, Colorado",7987,376.919
08067,"La Plata County, Colorado",56564,1689.682
08069,"Larimer County, Colorado",360428,2595.77
08071,"Las Animas County, Colorado",14420,4772.938
08073,"Lincoln County, Colorado",5680,2577.679
08075,"Logan County, Colorado",21974,1838.598
08077,"Mesa County, Colorado",155603,3328.721
08079,"Mineral County, Colorado",773,875.76
08081,"Moffat County, Colorado",13144,4743.244
08083,"Montezuma County, Colorado",26408,2029.349
08085,"Montrose County, Colorado",43322,2240.946
08087,"Morgan County, Colorado",28941,1280.485
08089,"Otero County, Colorado",18201,1261.946
08091,"Ouray County, Colorado",5001,540.671
08093,"Park County, Colorado",18955,2193.51
08095,"Phillips County, Colorado",4367,687.928
08097,"Pitkin County, Colorado",17894,970.701
08099,"Prowers County, Colorado",12106,1638.408
08101,"Pueblo County, Colorado",169823,2386.591
08103,"Rio Blanco County, Colorado",6342,3220.971
08105,"Rio Grande County, Colorado",11296,911.956
08107,"Routt County, Colorado",25560,2362.02
08109,"Saguache County, Colorado",6938,3168.566
08111,"San Juan County, Colorado",748,387.516
08113,"San Miguel County, Colorado",8105,1286.725
08115,"Sedgwick County, Colorado",2260,548.041
08117,"Summit County, Colorado",30631,608.328
08119,"Teller County, Colorado",25529,557.075
08121,"Washington County, Colorado",4875,2518.084
08123,"Weld County, Colorado",333983,3984.941
08125,"Yuma County, Colorado",10047,2364.398
09001,"Fairfield County, Connecticut",942426,624.97
09003,"Hartford County, Connecticut",889226,734.933
09005,"Litchfield County, Connecticut",179610,920.515
09007,"Middlesex County, Connecticut",161657,369.304
09009,"New Haven County, Connecticut",851948,604.305
09011,"New London County, Connecticut",264999,665.065
09013,"Tolland County, Connecticut",150600,410.352
09015,"Windham County, Connecticut",116540,512.928
10001,"Kent County, Delaware",183643,586.061
10003,"New Castle County, Delaware",561531,426.337
10005,"Sussex County, Delaware",241635,936.156
11001,"District of Columbia, District of Columbia",712816,61.126
12001,"Alachua County, Florida",271218,875.635
12003,"Baker County, Florida",29566,585.23
12005,"Bay County, Florida",171322,758.642
12007,"Bradford County, Florida",28593,293.964
12009,"Brevard County, Florida",608459,1014.971
12011,"Broward County, Florida",1958105,1202.731
12013,"Calhoun County, Florida",14078,567.336
12015,"Charlotte County, Florida",194711,681.119
12017,"Citrus County, Florida",153010,581.918
12019,"Clay County, Florida",221770,604.611
12021,"Collier County, Florida",392973,1996.95
12023,"Columbia County, Florida",72654,797.551
12027,"DeSoto County, Florida",38520,636.695
12029,"Dixie County, Florida",17057,705.034
12031,"Duval County, Florida",966728,762.646
12033,"Escambia County, Florida",322364,656.993
12035,"Flagler County, Florida",118451,486.201
12037,"Franklin County, Florida",12201,544.983
12039,"Gadsden County, Florida",45277,516.375
12041,"Gilchrist County, Florida",18885,349.695
12043,"Glades County, Florida",14198,806.822
12045,"Gulf County, Florida",13534,553.453
12047,"Hamilton County, Florida",14521,514.295
12049,"Hardee County, Florida",26822,637.569
12051,"Hendry County, Florida",42813,1155.95
12053,"Hernando County, Florida",198792,472.966
12055,"Highlands County, Florida",106639,1017.66
12057,"Hillsborough County, Florida",1497957,1021.889
12059,"Holmes County, Florida",19594,478.857
12061,"Indian River County, Florida",162518,502.81
12063,"Jackson County, Florida",46085,918.186
12065,"Jefferson County, Florida",14543,598.079
12067,"Lafayette County, Florida",8482,543.345
12069,"Lake County, Florida",375492,951.552
12071,"Lee County, Florida",790767,781.009
12073,"Leon County, Florida",295460,668.43
12075,"Levy County, Florida",42214,1118.223
12077,"Liberty County, Florida",8364,835.563
12079,"Madison County, Florida",18707,696.529
12081,"Manatee County, Florida",411219,742.762
12083,"Marion County, Florida",373513,1588.422
12085,"Martin County, Florida",162088,543.822
12086,"Miami-Dade County, Florida",2707303,1899.904
12087,"Monroe County, Florida",73900,983.042
12089,"Nassau County, Florida",91113,648.681
12091,"Okaloosa County, Florida",212820,930.194
12093,"Okeechobee County, Florida",42297,769.164
12095,"Orange County, Florida",1404396,902.024
12097,"Osceola County, Florida",385315,1327.546
12099,"Palm Beach County, Florida",1507600,1964.299
12101,"Pasco County, Florida",570412,746.619
12103,"Pinellas County, Florida",976802,273.705
12105,"Polk County, Florida",744552,1797.764
12107,"Putnam County, Florida",74815,728.364
12109,"St. Johns County, Florida",278715,600.644
12111,"St. Lucie County, Florida",337186,571.66
12113,"Santa Rosa County, Florida",189139,1012.401
12115,"Sarasota County, Florida",443465,556.002
12117,"Seminole County, Florida",474171,309.379
12119,"Sumter County, Florida",139018,557.133
12121,"Suwannee County, Florida",44851,688.586
12123,"Taylor County, Florida",21600,1043.335
12125,"Union County, Florida",15182,243.555
12127,"Volusia County, Florida",561497,1101.312
12129,"Wakulla County, Florida",34319,606.418
12131,"Walton County, Florida",76648,1038.293
12133,"Washington County, Florida",25932,584.677
13001,"Appling County, Georgia",18325,508.274
13003,"Atkinson County, Georgia",8393,342.718
13005,"Bacon County, Georgia",11036,284.082
13007,"Baker County, Georgia",2971,341.957
13009,"Baldwin County, Georgia",45099,258.698
13011,"Banks County, Georgia",19352,232.616
13013,"Barrow County, Georgia",85588,161.037
13015,"Bartow County, Georgia",109426,458.909
13017,"Ben Hill County, Georgia",16614,250.118
13019,"Berrien County, Georgia",19408,453.376
13021,"Bibb County, Georgia",152737,249.383
13023,"Bleckley County, Georgia",12955,215.872
13025,"Brantley County, Georgia",19202,443.235
13027,"Brooks County, Georgia",15357,493.184
13029,"Bryan County, Georgia",40755,437.562
13031,"Bulloch County, Georgia",80839,675.963
13033,"Burke County, Georgia",22648,827.037
13035,"Butts County, Georgia",25426,183.69
13037,"Calhoun County, Georgia",6231,280.384
13039,"Camden County, Georgia",55388,630.359
13043,"Candler County, Georgia",10985,243.059
13045,"Carroll County, Georgia",121633,499.135
13047,"Catoosa County, Georgia",67996,162.162
13049,"Charlton County, Georgia",13430,780.087
13051,"Chatham County, Georgia",289463,433.119
13053,"Chattahoochee County, Georgia",10551,248.737
13055,"Chattooga County, Georgia",24843,313.327
13057,"Cherokee County, Georgia",265274,421.082
13059,"Clarke County, Georgia",127795,119.223
13061,"Clay County, Georgia",2866,195.404
13063,"Clayton County, Georgia",292646,141.653
13065,"Clinch County, Georgia",6582,814.996
13067,"Cobb County, Georgia",762944,339.78
13069,"Coffee County, Georgia",43218,592.27
13071,"Colquitt County, Georgia",45542,547.037
13073,"Columbia County, Georgia",160377,290.191
13075,"Cook County, Georgia",17291,228.451
13077,"Coweta County, Georgia",150849,441.07
13079,"Crawford County, Georgia",12231,324.914
13081,"Crisp County, Georgia",22034,272.68
13083,"Dade County, Georgia",16057,173.972
13085,"Dawson County, Georgia",27113,210.828
13087,"Decatur County, Georgia",26457,597.239
13089,"DeKalb County, Georgia",762009,267.74
13091,"Dodge County, Georgia",20452,495.963
13093,"Dooly County, Georgia",13174,392.631
13095,"Dougherty County, Georgia",86477,328.644
13097,"Douglas County, Georgia",147988,200.138
13099,"Early County, Georgia",10037,512.6
13101,"Echols County, Georgia",4002,420.407
13103,"Effingham County, Georgia",65765,478.829
13105,"Elbert County, Georgia",19335,351.103
13107,"Emanuel County, Georgia",22507,680.574
13109,"Evans County, Georgia",10638,182.895
13111,"Fannin County, Georgia",26521,387.105
13113,"Fayette County, Georgia",115821,194.56
13115,"Floyd County, Georgia",98604,509.811
13117,"Forsyth County, Georgia",250847,224.618
13119,"Franklin County, Georgia",23504,261.35
13121,"Fulton County, Georgia",1077402,526.695
13123,"Gilmer County, Georgia",31978,426.213
13125,"Glascock County, Georgia",2984,143.746
13127,"Glynn County, Georgia",85568,419.636
13129,"Gordon County, Georgia",58780,356.443
13131,"Grady County, Georgia",24491,454.462
13133,"Greene County, Georgia",18837,387.517
13135,"Gwinnett County, Georgia",942627,430.756
13137,"Habersham County, Georgia",46047,276.868
13139,"Hall County, Georgia",206591,392.988
13141,"Hancock County, Georgia",8494,471.067
13143,"Haralson County, Georgia",30383,282.165
13145,"Harris County, Georgia",36080,463.802
13147,"Hart County, Georgia",26406,232.422
13149,"Heard County, Georgia",11973,295.973
13151,"Henry County, Georgia",239139,318.708
13153,"Houston County, Georgia",160110,376.046
13155,"Irwin County, Georgia",9387,354.363
13157,"Jackson County, Georgia",76199,339.658
13159,"Jasper County, Georgia",14483,368.406
13161,"Jeff Davis County, Georgia",15213,330.919
13163,"Jefferson County, Georgia",15267,526.555
13165,"Jenkins County, Georgia",8746,347.326
13167,"Johnson County, Georgia",9667,303.019
13169,"Jones County, Georgia",28787,393.942
13171,"Lamar County, Georgia",19261,183.501
13173,"Lanier County, Georgia",10737,196.538
13175,"Laurens County, Georgia",47512,807.336
13177,"Lee County, Georgia",30234,355.882
13179,"Liberty County, Georgia",63004,516.471
13181,"Lincoln County, Georgia",8031,210.381
13183,"Long County, Georgia",20171,400.39
13185,"Lowndes County, Georgia",118268,497.239
13187,"Lumpkin County, Georgia",34186,282.944
13189,"McDuffie County, Georgia",21162,257.372
13191,"McIntosh County, Georgia",14387,431.354
13193,"Macon County, Georgia",12712,400.662
13195,"Madison County, Georgia",30457,282.324
13197,"Marion County, Georgia",8516,365.72
13199,"Meriwether County, Georgia",21164,500.907
13201,"Miller County, Georgia",5622,282.423
13205,"Mitchell County, Georgia",21602,512.158
13207,"Monroe County, Georgia",28042,396.092
13209,"Montgomery County, Georgia",9012,241.145
13211,"Morgan County, Georgia",19636,347.411
13213,"Murray County, Georgia",40032,344.494
13215,"Muscogee County, Georgia",196442,216.495
13217,"Newton County, Georgia",113295,273.804
13219,"Oconee County, Georgia",41124,184.342
13221,"Oglethorpe County, Georgia",15383,439.062
13223,"Paulding County, Georgia",173359,312.35
13225,"Peach County, Georgia",27950,150.284
13227,"Pickens County, Georgia",33127,232.059
13229,"Pierce County, Georgia",19522,340.456
13231,"Pike County, Georgia",19121,216.086
13233,"Polk County, Georgia",42840,310.336
13235,"Pulaski County, Georgia",11191,249.261
13237,"Putnam County, Georgia",22520,344.682
13239,"Quitman County, Georgia",2271,151.237
13241,"Rabun County, Georgia",17273,370.134
13243,"Randolph County, Georgia",6682,428.236
13245,"Richmond County, Georgia",202079,324.34
13247,"Rockdale County, Georgia",90939,129.818
13249,"Schley County, Georgia",5196,166.909
13251,"Screven County, Georgia",14012,645.778
13253,"Seminole County, Georgia",8060,237.543
13255,"Spalding County, Georgia",67414,195.97
13257,"Stephens County, Georgia",26107,178.864
13259,"Stewart County, Georgia",6689,458.748
13261,"Sumter County, Georgia",29282,482.877
13263,"Talbot County, Georgia",6143,391.377
13265,"Taliaferro County, Georgia",1562,194.607
13267,"Tattnall County, Georgia",25365,480.84
13269,"Taylor County, Georgia",8074,376.686
13271,"Telfair County, Georgia",15781,437.307
13273,"Terrell County, Georgia",8523,335.791
13275,"Thomas County, Georgia",44372,544.633
13277,"Tift County, Georgia",40719,260.89
13279,"Toombs County, Georgia",26973,364.013
13281,"Towns County, Georgia",12247,166.477
13283,"Treutlen County, Georgia",6822,199.431
13285,"Troup County, Georgia",70214,414.009
13287,"Turner County, Georgia",7882,285.417
13289,"Twiggs County, Georgia",8103,359.26
13291,"Union County, Georgia",25358,322.085
13293,"Upson County, Georgia",26527,323.467
13295,"Walker County, Georgia",70116,446.39
13297,"Walton County, Georgia",96875,326.821
13299,"Ware County, Georgia",35826,899.242
13301,"Warren County, Georgia",5232,284.358
13303,"Washington County, Georgia",20150,678.526
13305,"Wayne County, Georgia",30023,641.813
13307,"Webster County, Georgia",2595,209.657
13309,"Wheeler County, Georgia",7751,295.49
13311,"White County, Georgia",31094,240.744
13313,"Whitfield County, Georgia",103837,290.445
13315,"Wilcox County, Georgia",8502,377.811
13317,"Wilkes County, Georgia",9694,469.501
13319,"Wilkinson County, Georgia",8812,449.214
13321,"Worth County, Georgia",19972,570.712
15001,"Hawaii County, Hawaii",203340,4028.449
15003,"Honolulu County, Hawaii",963826,600.625
15005,"Kalawao County, Hawaii",87,11.991
15007,"Kauai County, Hawaii",71851,619.884
15009,"Maui County, Hawaii",167902,1161.53
16001,"Ada County, Idaho",494399,1052.014
16003,"Adams County, Idaho",4447,1362.805
16005,"Bannock County, Idaho",88795,1112.491
16007,"Bear Lake County, Idaho",6143,975.728
16009,"Benewah County, Idaho",9430,776.931
16011,"Bingham County, Idaho",47202,2093.732
16013,"Blaine County, Idaho",23426,2637.738
16015,"Boise County, Idaho",8065,1899.556
16017,"Bonner County, Idaho",46817,1733.22
16019,"Bonneville County, Idaho",122134,1865.982
16021,"Boundary County, Idaho",12656,1268.679
16023,"Butte County, Idaho",2646,2236.487
16025,"Camas County, Idaho",1130,1074.234
16027,"Canyon County, Idaho",237053,587.05
16029,"Caribou County, Idaho",7123,1764.194
16031,"Cassia County, Idaho",24277,2565.61
16033,"Clark County, Idaho",852,1763.145
16035,"Clearwater County, Idaho",8846,2457.314
16037,"Custer County, Idaho",4249,4922.177
16039,"Elmore County, Idaho",27448,3075.079
16041,"Franklin County, Idaho",14215,663.019
16043,"Fremont County, Idaho",13218,1863.96
16045,"Gem County, Idaho",18703,559.769
16047,"Gooding County, Idaho",15618,729.322
16049,"Idaho County, Idaho",16823,8477.499
16051,"Jefferson County, Idaho",30581,1093.681
16053,"Jerome County, Idaho",24578,597.543
16055,"Kootenai County, Idaho",170628,1237.779
16057,"Latah County, Idaho",40830,1075.867
16059,"Lemhi County, Idaho",8054,4563.695
16061,"Lewis County, Idaho",3838,478.822
16063,"Lincoln County, Idaho",5358,1201.364
16065,"Madison County, Idaho",40318,469.267
16067,"Minidoka County, Idaho",21216,756.996
16069,"Nez Perce County, Idaho",40755,848.32
16071,"Oneida County, Idaho",4520,1198.951
16073,"Owyhee County, Idaho",12133,7668.205
16075,"Payette County, Idaho",24771,406.893
16077,"Power County, Idaho",7643,1403.826
16079,"Shoshone County, Idaho",12911,2637.425
16081,"Teton County, Idaho",12501,449.091
16083,"Twin Falls County, Idaho",88411,1921.71
16085,"Valley County, Idaho",11792,3665.119
16087,"Washington County, Idaho",10360,1452.852
17001,"Adams County, Illinois",64783,855.149
17003,"Alexander County, Illinois",5497,235.394
17005,"Bond County, Illinois",16262,380.336
17007,"Boone County, Illinois",52777,280.741
17009,"Brown County, Illinois",6546,305.727
17011,"Bureau County, Illinois",32303,869.071
17013,"Calhoun County, Illinois",4616,253.829
17015,"Carroll County, Illinois",14241,445.406
17017,"Cass County, Illinois",11925,375.754
17019,"Champaign County, Illinois",209192,996.104
17021,"Christian County, Illinois",32075,709.49
17023,"Clark County, Illinois",15268,501.375
17025,"Clay County, Illinois",13079,468.351
17027,"Clinton County, Illinois",37398,473.941
17029,"Coles County, Illinois",50383,508.272
17031,"Cook County, Illinois",5108284,944.927
17033,"Crawford County, Illinois",18512,443.643
17035,"Cumberland County, Illinois",10649,345.944
17037,"DeKalb County, Illinois",104491,631.337
17039,"De Witt County, Illinois",15368,397.561
17041,"Douglas County, Illinois",19510,416.647
17043,"DuPage County, Illinois",917481,327.799
17045,"Edgar County, Illinois",16858,623.324
17047,"Edwards County, Illinois",6356,222.4
17049,"Effingham County, Illinois",34065,478.769
17051,"Fayette County, Illinois",21264,716.445
17053,"Ford County, Illinois",12949,485.597
17055,"Franklin County, Illinois",38060,408.924
17057,"Fulton County, Illinois",33690,865.683
17059,"Gallatin County, Illinois",4793,322.941
17061,"Greene County, Illinois",12702,543.039
17063,"Grundy County, Illinois",50993,418.126
17065,"Hamilton County, Illinois",8084,434.647
17067,"Hancock County, Illinois",17422,793.748
17069,"Hardin County, Illinois",3808,177.389
17071,"Henderson County, Illinois",6535,378.793
17073,"Henry County, Illinois",48411,823.061
17075,"Iroquois County, Illinois",26711,1117.395
17077,"Jackson County, Illinois",56675,583.57
17079,"Jasper County, Illinois",9465,494.614
17081,"Jefferson County, Illinois",37235,571.234
17083,"Jersey County, Illinois",21616,369.66
17085,"Jo Daviess County, Illinois",21239,600.924
17087,"Johnson County, Illinois",12358,343.735
17089,"Kane County, Illinois",531010,519.365
17091,"Kankakee County, Illinois",108594,676.49
17093,"Kendall County, Illinois",130638,320.238
17095,"Knox County, Illinois",49053,716.385
17097,"Lake County, Illinois",693593,443.614
17099,"LaSalle County, Illinois",107571,1135.164
17101,"Lawrence County, Illinois",15467,372.179
17103,"Lee County, Illinois",33647,724.787
17105,"Livingston County, Illinois",35414,1043.628
17107,"Logan County, Illinois",28383,618.052
17109,"McDonough County, Illinois",29295,589.323
17111,"McHenry County, Illinois",305888,603.395
17113,"McLean County, Illinois",171256,1183.248
17115,"Macon County, Illinois",103015,580.576
17117,"Macoupin County, Illinois",44567,862.974
17119,"Madison County, Illinois",262635,715.501
17121,"Marion County, Illinois",37045,572.538
17123,"Marshall County, Illinois",11309,386.814
17125,"Mason County, Illinois",13173,539.352
17127,"Massac County, Illinois",13636,237.151
17129,"Menard County, Illinois",12068,314.391
17131,"Mercer County, Illinois",15225,561.24
17133,"Monroe County, Illinois",34739,385.326
17135,"Montgomery County, Illinois",28045,703.764
17137,"Morgan County, Illinois",33400,568.948
17139,"Moultrie County, Illinois",14347,335.958
17141,"Ogle County, Illinois",50306,758.654
17143,"Peoria County, Illinois",177652,618.729
17145,"Perry County, Illinois",20664,441.928
17147,"Piatt County, Illinois",16355,439.188
17149,"Pike County, Illinois",15239,831.352
17151,"Pope County, Illinois",4142,368.867
17153,"Pulaski County, Illinois",5201,199.268
17155,"Putnam County, Illinois",5716,160.097
17157,"Randolph County, Illinois",31351,575.367
17159,"Richland County, Illinois",15507,360.034
17161,"Rock Island County, Illinois",140907,427.496
17163,"St. Clair County, Illinois",258046,657.71
17165,"Saline County, Illinois",23182,379.99
17167,"Sangamon County, Illinois",193882,868.256
17169,"Schuyler County, Illinois",6738,437.3
17171,"Scott County, Illinois",4950,250.79
17173,"Shelby County, Illinois",21299,758.51
17175,"Stark County, Illinois",5262,288.093
17177,"Stephenson County, Illinois",43831,564.247
17179,"Tazewell County, Illinois",130777,646.469
17181,"Union County, Illinois",16498,413.411
17183,"Vermilion County, Illinois",74855,898.319
17185,"Wabash County, Illinois",11190,223.323
17187,"Warren County, Illinois",16696,542.384
17189,"Washington County, Illinois",13764,562.587
17191,"Wayne County, Illinois",16031,713.83
17193,"White County, Illinois",13364,494.983
17195,"Whiteside County, Illinois",54656,684.099
17197,"Will County, Illinois",688726,835.876
17199,"Williamson County, Illinois",66415,420.21
17201,"Winnebago County, Illinois",281295,513.05
17203,"Woodford County, Illinois",38091,527.546
18001,"Adams County, Indiana",35839,338.926
18003,"Allen County, Indiana",382187,657.3
18005,"Bartholomew County, Indiana",84447,406.94
18007,"Benton County, Indiana",8741,406.418
18009,"Blackford County, Indiana",11782,165.082
18011,"Boone County, Indiana",69347,422.882
18013,"Brown County, Indiana",15112,311.987
18015,"Carroll County, Indiana",20228,372.225
18017,"Cass County, Indiana",37388,412.144
18019,"Clark County, Indiana",119266,372.83
18021,"Clay County, Indiana",26246,357.6
18023,"Clinton County, Indiana",32206,405.067
18025,"Crawford County, Indiana",10629,305.613
18027,"Daviess County, Indiana",33505,429.499
18029,"Dearborn County, Indiana",49824,305.087
18031,"Decatur County, Indiana",26584,372.568
18033,"DeKalb County, Indiana",43670,362.833
18035,"Delaware County, Indiana",113454,392.101
18037,"Dubois County, Indiana",42542,427.265
18039,"Elkhart County, Indiana",206161,463.161
18041,"Fayette County, Indiana",22892,215.021
18043,"Floyd County, Indiana",78936,148.481
18045,"Fountain County, Indiana",16511,395.668
18047,"Franklin County, Indiana",22761,384.426
18049,"Fulton County, Indiana",20018,368.393
18051,"Gibson County, Indiana",33825,487.383
18053,"Grant County, Indiana",65225,414.089
18055,"Greene County, Indiana",32203,542.467
18057,"Hamilton County, Indiana",344238,394.377
18059,"Hancock County, Indiana",79553,305.957
18061,"Harrison County, Indiana",40682,484.104
18063,"Hendricks County, Indiana",173251,406.894
18065,"Henry County, Indiana",48033,391.877
18067,"Howard County, Indiana",82732,293.074
18069,"Huntington County, Indiana",36395,382.649
18071,"Jackson County, Indiana",44222,509.978
18073,"Jasper County, Indiana",33440,559.68
18075,"Jay County, Indiana",20416,383.905
18077,"Jefferson County, Indiana",32110,360.64
18079,"Jennings County, Indiana",27515,376.597
18081,"Johnson County, Indiana",160607,320.415
18083,"Knox County, Indiana",36522,515.827
18085,"Kosciusko County, Indiana",78988,531.444
18087,"LaGrange County, Indiana",40119,379.63
18089,"Lake County, Indiana",487536,498.729
18091,"LaPorte County, Indiana",109663,598.287
18093,"Lawrence County, Indiana",45496,449.146
18095,"Madison County, Indiana",129681,451.921
18097,"Marion County, Indiana",966183,396.612
18099,"Marshall County, Indiana",46108,443.62
18101,"Martin County, Indiana",10079,335.761
18103,"Miami County, Indiana",35328,373.842
18105,"Monroe County, Indiana",148219,394.522
18107,"Montgomery County, Indiana",38365,504.647
18109,"Morgan County, Indiana",70707,403.834
18111,"Newton County, Indiana",13907,401.755
18113,"Noble County, Indiana",47832,410.845
18115,"Ohio County, Indiana",5892,86.15
18117,"Orange County, Indiana",19651,398.379
18119,"Owen County, Indiana",20833,385.295
18121,"Parke County, Indiana",16871,444.721
18123,"Perry County, Indiana",19154,381.74
18125,"Pike County, Indiana",12378,334.303
18127,"Porter County, Indiana",170980,418.104
18129,"Posey County, Indiana",25275,409.385
18131,"Pulaski County, Indiana",12388,433.675
18133,"Putnam County, Indiana",37469,480.537
18135,"Randolph County, Indiana",24191,452.379
18137,"Ripley County, Indiana",28448,446.423
18139,"Rush County, Indiana",16649,408.137
18141,"St. Joseph County, Indiana",271484,457.777
18143,"Scott County, Indiana",23788,190.403
18145,"Shelby County, Indiana",44871,411.138
18147,"Spencer County, Indiana",20225,396.882
18149,"Starke County, Indiana",23049,309.144
18151,"Steuben County, Indiana",34831,308.777
18153,"Sullivan County, Indiana",20578,447.172
18155,"Switzerland County, Indiana",10724,220.668
18157,"Tippecanoe County, Indiana",196115,498.907
18159,"Tipton County, Indiana",15227,260.541
18161,"Union County, Indiana",7119,161.19
18163,"Vanderburgh County, Indiana",182447,233.401
18165,"Vermillion County, Indiana",15329,256.864
18167,"Vigo County, Indiana",106608,403.61
18169,"Wabash County, Indiana",30784,412.538
18171,"Warren County, Indiana",8194,364.69
18173,"Warrick County, Indiana",63269,384.843
18175,"Washington County, Indiana",28213,513.687
18177,"Wayne County, Indiana",65778,401.754
18179,"Wells County, Indiana",28142,368.087
18181,"White County, Indiana",24165,505.139
18183,"Whitley County, Indiana",34378,335.568
19001,"Adair County, Iowa",7059,569.271
19003,"Adams County, Iowa",3588,423.433
19005,"Allamakee County, Iowa",13642,639.044
19007,"Appanoose County, Iowa",12430,497.289
19009,"Audubon County, Iowa",5481,442.961
19011,"Benton County, Iowa",25414,716.102
19013,"Black Hawk County, Iowa",130786,565.757
19015,"Boone County, Iowa",26277,570.488
19017,"Bremer County, Iowa",25311,435.479
19019,"Buchanan County, Iowa",21287,571.079
19021,"Buena Vista County, Iowa",19772,574.899
19023,"Butler County, Iowa",14333,580.138
19025,"Calhoun County, Iowa",9473,569.846
19027,"Carroll County, Iowa",19914,569.453
19029,"Cass County, Iowa",12817,564.258
19031,"Cedar County, Iowa",18485,579.462
19033,"Cerro Gordo County, Iowa",42103,568.3
19035,"Cherokee County, Iowa",11190,576.907
19037,"Chickasaw County, Iowa",11834,504.324
19039,"Clarke County, Iowa",9353,431.111
19041,"Clay County, Iowa",15976,567.238
19043,"Clayton County, Iowa",17321,778.496
19045,"Clinton County, Iowa",46392,694.959
19047,"Crawford County, Iowa",16834,714.198
19049,"Dallas County, Iowa",96963,588.299
19051,"Davis County, Iowa",9051,502.188
19053,"Decatur County, Iowa",7769,531.883
19055,"Delaware County, Iowa",16937,577.684
19057,"Des Moines County, Iowa",38708,416.129
19059,"Dickinson County, Iowa",17549,380.532
19061,"Dubuque County, Iowa",97590,608.299
19063,"Emmet County, Iowa",9095,395.89
19065,"Fayette County, Iowa",19258,730.817
19067,"Floyd County, Iowa",15480,500.571
19069,"Franklin County, Iowa",9971,581.969
19071,"Fremont County, Iowa",6729,511.168
19073,"Greene County, Iowa",8795,569.56
19075,"Grundy County, Iowa",12217,501.855
19077,"Guthrie County, Iowa",10737,590.604
19079,"Hamilton County, Iowa",14716,576.729
19081,"Hancock County, Iowa",10507,571.005
19083,"Hardin County, Iowa",16575,569.307
19085,"Harrison County, Iowa",13928,696.874
19087,"Henry County, Iowa",19697,434.288
19089,"Howard County, Iowa",9176,473.247
19091,"Humboldt County, Iowa",9473,434.372
19093,"Ida County, Iowa",6833,431.513
19095,"Iowa County, Iowa",16138,586.455
19097,"Jackson County, Iowa",19205,636.043
19099,"Jasper County, Iowa",37148,730.426
19101,"Jefferson County, Iowa",18347,435.524
19103,"Johnson County, Iowa",153740,613.0
19105,"Jones County, Iowa",20617,575.618
19107,"Keokuk County, Iowa",10085,579.175
19109,"Kossuth County, Iowa",14680,972.731
19111,"Lee County, Iowa",33480,517.55
19113,"Linn County, Iowa",227854,717.059
19115,"Louisa County, Iowa",11011,401.772
19117,"Lucas County, Iowa",8518,430.681
19119,"Lyon County, Iowa",11756,587.609
19121,"Madison County, Iowa",16521,561.006
19123,"Mahaska County, Iowa",22370,570.851
19125,"Marion County, Iowa",33168,554.49
19127,"Marshall County, Iowa",39495,572.503
19129,"Mills County, Iowa",14766,437.431
19131,"Mitchell County, Iowa",10647,469.256
19133,"Monona County, Iowa",8598,694.072
19135,"Monroe County, Iowa",7770,433.717
19137,"Montgomery County, Iowa",9935,424.097
19139,"Muscatine County, Iowa",42394,437.445
19141,"O'Brien County, Iowa",13679,573.035
19143,"Osceola County, Iowa",5987,398.687
19145,"Page County, Iowa",15073,534.944
19147,"Palo Alto County, Iowa",8845,563.864
19149,"Plymouth County, Iowa",25219,862.828
19151,"Pocahontas County, Iowa",6607,577.241
19153,"Polk County, Iowa",494281,572.199
19155,"Pottawattamie County, Iowa",93328,951.268
19157,"Poweshiek County, Iowa",18381,584.924
19159,"Ringgold County, Iowa",4801,535.498
19161,"Sac County, Iowa",9603,575.022
19163,"Scott County, Iowa",173216,458.096
19165,"Shelby County, Iowa",11430,590.779
19167,"Sioux County, Iowa",35043,767.914
19169,"Story County, Iowa",98237,572.544
19171,"Tama County, Iowa",16801,721.011
19173,"Taylor County, Iowa",6092,531.902
19175,"Union County, Iowa",12157,423.645
19177,"Van Buren County, Iowa",7069,484.792
19179,"Wapello County, Iowa",34985,431.842
19181,"Warren County, Iowa",52265,569.837
19183,"Washington County, Iowa",21992,568.828
19185,"Wayne County, Iowa",6415,525.469
19187,"Webster County, Iowa",35934,715.706
19189,"Winnebago County, Iowa",10277,400.489
19191,"Winneshiek County, Iowa",19862,689.836
19193,"Woodbury County, Iowa",103138,872.896
19195,"Worth County, Iowa",7359,400.123
19197,"Wright County, Iowa",12416,580.415
20001,"Allen County, Kansas",12399,500.297
20003,"Anderson County, Kansas",7949,579.641
20005,"Atchison County, Kansas",16015,431.174
20007,"Barber County, Kansas",4358,1134.075
20009,"Barton County, Kansas",25658,895.257
20011,"Bourbon County, Kansas",14435,635.461
20013,"Brown County, Kansas",9482,570.871
20015,"Butler County, Kansas",66992,1429.707
20017,"Chase County, Kansas",2586,773.053
20019,"Chautauqua County, Kansas",3230,638.881
20021,"Cherokee County, Kansas",19681,587.567
20023,"Cheyenne County, Kansas",2600,1019.89
20025,"Clark County, Kansas",1963,974.638
20027,"Clay County, Kansas",8025,645.298
20029,"Cloud County, Kansas",8642,715.342
20031,"Coffey County, Kansas",8158,626.885
20033,"Comanche County, Kansas",1690,788.298
20035,"Cowley County, Kansas",34628,1125.738
20037,"Crawford County, Kansas",38730,589.771
20039,"Decatur County, Kansas",2776,893.517
20041,"Dickinson County, Kansas",18266,847.068
20043,"Doniphan County, Kansas",7496,393.479
20045,"Douglas County, Kansas",122530,455.766
20047,"Edwards County, Kansas",2750,621.894
20049,"Elk County, Kansas",2507,644.264
20051,"Ellis County, Kansas",28671,899.912
20053,"Ellsworth County, Kansas",6034,715.575
20055,"Finney County, Kansas",35917,1301.997
20057,"Ford County, Kansas",33094,1098.271
20059,"Franklin County, Kansas",25703,571.772
20061,"Geary County, Kansas",32218,384.663
20063,"Gove County, Kansas",2621,1071.666
20065,"Graham County, Kansas",2389,898.527
20067,"Grant County, Kansas",7077,574.808
20069,"Gray County, Kansas",5954,868.867
20071,"Greeley County, Kansas",1196,778.404
20073,"Greenwood County, Kansas",5868,1143.304
20075,"Hamilton County, Kansas",2425,996.514
20077,"Harper County, Kansas",5336,801.274
20079,"Harvey County, Kansas",34291,539.756
20081,"Haskell County, Kansas",3923,577.521
20083,"Hodgeman County, Kansas",1779,859.992
20085,"Jackson County, Kansas",13171,656.219
20087,"Jefferson County, Kansas",19032,532.626
20089,"Jewell County, Kansas",2833,909.971
20091,"Johnson County, Kansas",607220,473.629
20093,"Kearny County, Kansas",3745,870.543
20095,"Kingman County, Kansas",6974,863.419
20097,"Kiowa County, Kansas",2456,722.64
20099,"Labette County, Kansas",19586,645.393
20101,"Lane County, Kansas",1518,717.409
20103,"Leavenworth County, Kansas",82246,463.407
20105,"Lincoln County, Kansas",2986,719.396
20107,"Linn County, Kansas",9654,594.081
20109,"Logan County, Kansas",2732,1072.993
20111,"Lyon County, Kansas",33045,847.478
20113,"McPherson County, Kansas",28448,898.285
20115,"Marion County, Kansas",11652,944.299
20117,"Marshall County, Kansas",9652,900.175
20119,"Meade County, Kansas",4029,978.083
20121,"Miami County, Kansas",34334,575.879
20123,"Mitchell County, Kansas",5879,701.792
20125,"Montgomery County, Kansas",31502,643.594
20127,"Morris County, Kansas",5559,695.343
20129,"Morton County, Kansas",2538,729.731
20131,"Nemaha County, Kansas",10121,717.427
20133,"Neosho County, Kansas",15929,571.481
20135,"Ness County, Kansas",2768,1074.739
20137,"Norton County, Kansas",5328,878.044
20139,"Osage County, Kansas",15770,705.506
20141,"Osborne County, Kansas",3439,892.516
20143,"Ottawa County, Kansas",5712,720.73
20145,"Pawnee County, Kansas",6366,754.263
20147,"Phillips County, Kansas",5181,885.871
20149,"Pottawatomie County, Kansas",24722,840.74
20151,"Pratt County, Kansas",9127,735.039
20153,"Rawlins County, Kansas",2511,1069.416
20155,"Reno County, Kansas",61793,1255.308
20157,"Republic County, Kansas",4536,717.377
20159,"Rice County, Kansas",9362,726.234
20161,"Riley County, Kansas",73202,609.7
20163,"Rooks County, Kansas",4827,890.527
20165,"Rush County, Kansas",2947,717.763
20167,"Russell County, Kansas",6804,886.26
20169,"Saline County, Kansas",53926,720.246
20171,"Scott County, Kansas",4790,717.585
20173,"Sedgwick County, Kansas",519907,996.936
20175,"Seward County, Kansas",21038,639.653
20177,"Shawnee County, Kansas",175999,544.026
20179,"Sheridan County, Kansas",2520,895.957
20181,"Sherman County, Kansas",5777,1056.064
20183,"Smith County, Kansas",3544,895.464
20185,"Stafford County, Kansas",4046,792.046
20187,"Stanton County, Kansas",1969,680.352
20189,"Stevens County, Kansas",5388,727.26
20191,"Sumner County, Kansas",22578,1181.668
20193,"Thomas County, Kansas",7702,1074.686
20195,"Trego County, Kansas",2758,889.474
20197,"Wabaunsee County, Kansas",6906,794.336
20199,"Wallace County, Kansas",1536,913.652
20201,"Washington County, Kansas",5427,894.76
20203,"Wichita County, Kansas",2074,718.566
20205,"Wilson County, Kansas",8362,570.422
20207,"Woodson County, Kansas",3015,497.819
20209,"Wyandotte County, Kansas",165265,151.638
21001,"Adair County, Kentucky",19555,405.288
21003,"Allen County, Kentucky",21303,344.341
21005,"Anderson County, Kentucky",22833,202.168
21007,"Ballard County, Kentucky",7769,246.927
21009,"Barren County, Kentucky",44300,487.585
21011,"Bath County, Kentucky",12481,278.797
21013,"Bell County, Kentucky",25482,359.062
21015,"Boone County, Kentucky",135396,246.288
21017,"Bourbon County, Kentucky",19901,289.746
21019,"Boyd County, Kentucky",46516,159.867
21021,"Boyle County, Kentucky",30367,180.35
21023,"Bracken County, Kentucky",8286,202.717
21025,"Breathitt County, Kentucky",12550,492.416
21027,"Breckinridge County, Kentucky",20537,569.809
21029,"Bullitt County, Kentucky",82182,297.052
21031,"Butler County, Kentucky",12703,426.092
21033,"Caldwell County, Kentucky",12687,344.79
21035,"Calloway County, Kentucky",39300,385.031
21037,"Campbell County, Kentucky",94020,151.34
21039,"Carlisle County, Kentucky",4692,189.44
21041,"Carroll County, Kentucky",10730,128.678
21043,"Carter County, Kentucky",26542,409.497
21045,"Casey County, Kentucky",16066,444.239
21047,"Christian County, Kentucky",71478,717.51
21049,"Clark County, Kentucky",36463,252.487
21051,"Clay County, Kentucky",19631,469.297
21053,"Clinton County, Kentucky",10110,197.25
21055,"Crittenden County, Kentucky",8847,359.963
21057,"Cumberland County, Kentucky",6523,305.196
21059,"Daviess County, Kentucky",101978,458.391
21061,"Edmonson County, Kentucky",12235,302.885
21063,"Elliott County, Kentucky",7372,234.319
21065,"Estill County, Kentucky",14109,253.094
21067,"Fayette County, Kentucky",324735,283.637
21069,"Fleming County, Kentucky",14603,348.545
21071,"Floyd County, Kentucky",34974,393.285
21073,"Franklin County, Kentucky",51118,207.844
21075,"Fulton County, Kentucky",5952,205.928
21077,"Gallatin County, Kentucky",8779,98.364
21079,"Garrard County, Kentucky",17719,230.109
21081,"Grant County, Kentucky",25387,257.977
21083,"Graves County, Kentucky",36818,551.754
21085,"Grayson County, Kentucky",26480,499.928
21087,"Green County, Kentucky",10995,286.049
21089,"Greenup County, Kentucky",34865,344.462
21091,"Hancock County, Kentucky",8742,187.673
21093,"Hardin County, Kentucky",111309,623.395
21095,"Harlan County, Kentucky",25566,465.831
21097,"Harrison County, Kentucky",18920,306.412
21099,"Hart County, Kentucky",19013,412.564
21101,"Henderson County, Kentucky",44740,436.326
21103,"Henry County, Kentucky",16067,286.295
21105,"Hickman County, Kentucky",4364,242.274
21107,"Hopkins County, Kentucky",44662,542.084
21109,"Jackson County, Kentucky",13340,345.195
21111,"Jefferson County, Kentucky",767452,380.802
21113,"Jessamine County, Kentucky",54057,172.167
21115,"Johnson County, Kentucky",22002,261.965
21117,"Kenton County, Kentucky",167949,160.291
21119,"Knott County, Kentucky",14512,351.518
21121,"Knox County, Kentucky",31022,386.305
21123,"Larue County, Kentucky",14431,261.553
21125,"Laurel County, Kentucky",61238,433.989
21127,"Lawrence County, Kentucky",15436,415.596
21129,"Lee County, Kentucky",7268,208.859
21131,"Leslie County, Kentucky",9637,400.854
21133,"Letcher County, Kentucky",21213,337.93
21135,"Lewis County, Kentucky",13262,482.84
21137,"Lincoln County, Kentucky",24466,332.843
21139,"Livingston County, Kentucky",9041,313.269
21141,"Logan County, Kentucky",27416,552.213
21143,"Lyon County, Kentucky",8133,213.842
21145,"McCracken County, Kentucky",65644,248.724
21147,"McCreary County, Kentucky",17071,426.804
21149,"McLean County, Kentucky",9075,252.527
21151,"Madison County, Kentucky",94265,437.356
21153,"Magoffin County, Kentucky",12017,308.444
21155,"Marion County, Kentucky",19314,343.046
21157,"Marshall County, Kentucky",31163,302.207
21159,"Martin County, Kentucky",11031,229.618
21161,"Mason County, Kentucky",17035,240.126
21163,"Meade County, Kentucky",28616,305.443
21165,"Menifee County, Kentucky",6502,203.585
21167,"Mercer County, Kentucky",21889,249.064
21169,"Metcalfe County, Kentucky",10058,289.641
21171,"Monroe County, Kentucky",10549,329.43
21173,"Montgomery County, Kentucky",28186,197.35
21175,"Morgan County, Kentucky",13142,381.127
21177,"Muhlenberg County, Kentucky",30457,467.358
21179,"Nelson County, Kentucky",46450,417.523
21181,"Nicholas County, Kentucky",7234,195.162
21183,"Ohio County, Kentucky",23899,587.286
21185,"Oldham County, Kentucky",66999,187.244
21187,"Owen County, Kentucky",11017,351.108
21189,"Owsley County, Kentucky",4331,197.41
21191,"Pendleton County, Kentucky",14586,277.158
21193,"Perry County, Kentucky",25456,339.702
21195,"Pike County, Kentucky",57057,786.73
21197,"Powell County, Kentucky",12218,178.981
21199,"Pulaski County, Kentucky",65530,658.411
21201,"Robertson County, Kentucky",2136,99.921
21203,"Rockcastle County, Kentucky",16750,316.547
21205,"Rowan County, Kentucky",24682,279.84
21207,"Russell County, Kentucky",17998,253.692
21209,"Scott County, Kentucky",58470,281.768
21211,"Shelby County, Kentucky",49611,379.771
21213,"Simpson County, Kentucky",18635,234.205
21215,"Spencer County, Kentucky",19585,186.726
21217,"Taylor County, Kentucky",25707,266.369
21219,"Todd County, Kentucky",12448,374.503
21221,"Trigg County, Kentucky",14776,441.504
21223,"Trimble County, Kentucky",8481,151.648
21225,"Union County, Kentucky",14443,342.787
21227,"Warren County, Kentucky",134510,541.717
21229,"Washington County, Kentucky",12147,296.972
21231,"Wayne County, Kentucky",20209,458.184
21233,"Webster County, Kentucky",12923,332.099
21235,"Whitley County, Kentucky",36451,437.831
21237,"Wolfe County, Kentucky",7106,222.171
21239,"Woodford County, Kentucky",26765,190.111
22001,"Acadia Parish, Louisiana",61918,655.244
22003,"Allen Parish, Louisiana",25440,762.084
22005,"Ascension Parish, Louisiana",128665,289.969
22007,"Assumption Parish, Louisiana",21621,344.021
22009,"Avoyelles Parish, Louisiana",39966,831.942
22011,"Beauregard Parish, Louisiana",37881,1157.477
22013,"Bienville Parish, Louisiana",12983,811.344
22015,"Bossier Parish, Louisiana",127275,839.52
22017,"Caddo Parish, Louisiana",237479,879.468
22019,"Calcasieu Parish, Louisiana",203310,1064.084
22021,"Caldwell Parish, Louisiana",9839,529.77
22023,"Cameron Parish, Louisiana",7003,1284.639
22025,"Catahoula Parish, Louisiana",9226,708.025
22027,"Claiborne Parish, Louisiana",15508,754.794
22029,"Concordia Parish, Louisiana",18914,697.054
22031,"De Soto Parish, Louisiana",27650,876.449
22033,"East Baton Rouge Parish, Louisiana",439729,455.502
22035,"East Carroll Parish, Louisiana",6589,420.887
22037,"East Feliciana Parish, Louisiana",18882,453.293
22039,"Evangeline Parish, Louisiana",33276,662.431
22041,"Franklin Parish, Louisiana",19723,624.298
22043,"Grant Parish, Louisiana",22254,643.188
22045,"Iberia Parish, Louisiana",68991,573.714
22047,"Iberville Parish, Louisiana",32070,618.719
22049,"Jackson Parish, Louisiana",15574,569.378
22051,"Jefferson Parish, Louisiana",432346,300.949
22053,"Jefferson Davis Parish, Louisiana",31208,651.52
22055,"Lafayette Parish, Louisiana",246518,268.827
22057,"Lafourche Parish, Louisiana",97596,1067.793
22059,"LaSalle Parish, Louisiana",15021,624.854
22061,"Lincoln Parish, Louisiana",46552,471.636
22063,"Livingston Parish, Louisiana",143737,648.127
22065,"Madison Parish, Louisiana",10635,624.175
22067,"Morehouse Parish, Louisiana",24227,794.95
22069,"Natchitoches Parish, Louisiana",37655,1253.323
22071,"Orleans Parish, Louisiana",389476,169.489
22073,"Ouachita Parish, Louisiana",152439,610.349
22075,"Plaquemines Parish, Louisiana",23113,780.172
22077,"Pointe Coupee Parish, Louisiana",21529,556.875
22079,"Rapides Parish, Louisiana",128567,1320.414
22081,"Red River Parish, Louisiana",8286,388.98
22083,"Richland Parish, Louisiana",20014,555.613
22085,"Sabine Parish, Louisiana",23803,866.625
22087,"St. Bernard Parish, Louisiana",47647,377.516
22089,"St. Charles Parish, Louisiana",52987,277.742
22091,"St. Helena Parish, Louisiana",10081,408.527
22093,"St. James Parish, Louisiana",20727,237.861
22095,"St. John the Baptist Parish, Louisiana",42516,214.474
22097,"St. Landry Parish, Louisiana",81440,924.029
22099,"St. Martin Parish, Louisiana",52954,737.47
22101,"St. Mary Parish, Louisiana",48330,555.843
22103,"St. Tammany Parish, Louisiana",263446,845.257
22105,"Tangipahoa Parish, Louisiana",136765,791.171
22107,"Tensas Parish, Louisiana",4178,603.013
22109,"Terrebonne Parish, Louisiana",109859,1229.853
22111,"Union Parish, Louisiana",22170,876.9
22113,"Vermilion Parish, Louisiana",59378,1173.61
22115,"Vernon Parish, Louisiana",47894,1326.719
22117,"Washington Parish, Louisiana",45773,669.637
22119,"Webster Parish, Louisiana",37943,593.289
22121,"West Baton Rouge Parish, Louisiana",26792,192.346
22123,"West Carroll Parish, Louisiana",10646,359.686
22125,"West Feliciana Parish, Louisiana",15465,403.316
22127,"Winn Parish, Louisiana",13839,950.004
23001,"Androscoggin County, Maine",108547,467.952
23003,"Aroostook County, Maine",66804,6671.087
23005,"Cumberland County, Maine",298111,836.221
23007,"Franklin County, Maine",29986,1697.004
23009,"Hancock County, Maine",55088,1587.128
23011,"Kennebec County, Maine",122955,867.471
23013,"Knox County, Maine",39951,365.136
23015,"Lincoln County, Maine",34775,455.867
23017,"Oxford County, Maine",58132,2076.957
23019,"Penobscot County, Maine",151655,3397.197
23021,"Piscataquis County, Maine",16996,3960.947
23023,"Sagadahoc County, Maine",36044,253.971
23025,"Somerset County, Maine",50635,3924.27
23027,"Waldo County, Maine",39923,729.971
23029,"Washington County, Maine",31473,2562.73
23031,"York County, Maine",209066,991.186
24001,"Allegany County, Maryland",70057,422.204
24003,"Anne Arundel County, Maryland",582777,414.81
24005,"Baltimore County, Maryland",826017,598.358
24009,"Calvert County, Maryland",93072,213.19
24011,"Caroline County, Maryland",33492,319.442
24013,"Carroll County, Maryland",169092,447.63
24015,"Cecil County, Maryland",103419,346.3
24017,"Charles County, Maryland",164436,457.824
24019,"Dorchester County, Maryland",31853,540.765
24021,"Frederick County, Maryland",265161,660.591
24023,"Garrett County, Maryland",28852,649.077
24025,"Harford County, Maryland",256805,437.126
24027,"Howard County, Maryland",328200,250.95
24029,"Kent County, Maryland",19192,277.027
24031,"Montgomery County, Maryland",1051816,493.11
24033,"Prince George's County, Maryland",909612,482.65
24035,"Queen Anne's County, Maryland",51167,371.69
24037,"St. Mary's County, Maryland",114687,358.616
24039,"Somerset County, Maryland",25453,319.749
24041,"Talbot County, Maryland",36972,268.558
24043,"Washington County, Maryland",151146,457.76
24045,"Wicomico County, Maryland",103990,374.429
24047,"Worcester County, Maryland",52403,468.402
24510,"Baltimore city, Maryland",586131,80.946
25001,"Barnstable County, Massachusetts",213164,394.221
25003,"Berkshire County, Massachusetts",124571,926.877
25005,"Bristol County, Massachusetts",566765,553.112
25007,"Dukes County, Massachusetts",17461,103.202
25009,"Essex County, Massachusetts",791263,492.521
25011,"Franklin County, Massachusetts",70267,699.208
25013,"Hampden County, Massachusetts",463986,617.002
25015,"Hampshire County, Massachusetts",161401,527.233
25017,"Middlesex County, Massachusetts",1609379,817.856
25019,"Nantucket County, Massachusetts",11376,46.192
25021,"Norfolk County, Massachusetts",709409,396.107
25023,"Plymouth County, Massachusetts",523738,658.502
25025,"Suffolk County, Massachusetts",801582,58.254
25027,"Worcester County, Massachusetts",829212,1510.674
26001,"Alcona County, Michigan",10505,674.655
26003,"Alger County, Michigan",9015,915.034
26005,"Allegan County, Michigan",118927,825.253
26007,"Alpena County, Michigan",28238,571.897
26009,"Antrim County, Michigan",23449,475.679
26011,"Arenac County, Michigan",14953,363.178
26013,"Baraga County, Michigan",8164,898.427
26015,"Barry County, Michigan",62061,553.104
26017,"Bay County, Michigan",102387,442.408
26019,"Benzie County, Michigan",17852,319.698
26021,"Berrien County, Michigan",153025,567.781
26023,"Branch County, Michigan",43424,506.411
26025,"Calhoun County, Michigan",133580,706.262
26027,"Cass County, Michigan",51584,490.108
26029,"Charlevoix County, Michigan",26105,416.33
26031,"Cheboygan County, Michigan",25365,715.279
26033,"Chippewa County, Michigan",36958,1558.507
26035,"Clare County, Michigan",30771,564.367
26037,"Clinton County, Michigan",79753,566.349
26039,"Crawford County, Michigan",13981,556.403
26041,"Delta County, Michigan",35612,1171.101
26043,"Dickinson County, Michigan",25112,760.948
26045,"Eaton County, Michigan",110148,575.209
26047,"Emmet County, Michigan",33342,467.535
26049,"Genesee County, Michigan",404794,636.942
26051,"Gladwin County, Michigan",25424,501.786
26053,"Gogebic County, Michigan",13842,1102.136
26055,"Grand Traverse County, Michigan",93592,464.336
26057,"Gratiot County, Michigan",40283,568.381
26059,"Hillsdale County, Michigan",45658,598.152
26061,"Houghton County, Michigan",35126,1009.101
26063,"Huron County, Michigan",30653,836.016
26065,"Ingham County, Michigan",290609,556.078
26067,"Ionia County, Michigan",64553,571.32
26069,"Iosco County, Michigan",25140,549.104
26071,"Iron County, Michigan",11066,1165.997
26073,"Isabella County, Michigan",69504,572.699
26075,"Jackson County, Michigan",156920,701.897
26077,"Kalamazoo County, Michigan",265988,561.955
26079,"Kalkaska County, Michigan",18003,559.744
26081,"Kent County, Michigan",658708,848.931
26083,"Keweenaw County, Michigan",2119,540.112
26085,"Lake County, Michigan",11587,567.591
26087,"Lapeer County, Michigan",87635,646.983
26089,"Leelanau County, Michigan",21743,347.199
26091,"Lenawee County, Michigan",97808,749.627
26093,"Livingston County, Michigan",192335,565.283
26095,"Luce County, Michigan",6126,899.075
26097,"Mackinac County, Michigan",10839,1021.879
26099,"Macomb County, Michigan",870791,479.344
26101,"Manistee County, Michigan",24738,542.325
26103,"Marquette County, Michigan",65834,1809.051
26105,"Mason County, Michigan",29164,494.969
26107,"Mecosta County, Michigan",43907,555.155
26109,"Menominee County, Michigan",22608,1044.041
26111,"Midland County, Michigan",83441,517.45
26113,"Missaukee County, Michigan",15152,564.788
26115,"Monroe County, Michigan",150568,549.353
26117,"Montcalm County, Michigan",63476,705.329
26119,"Montmorency County, Michigan",9337,546.675
26121,"Muskegon County, Michigan",173883,503.914
26123,"Newaygo County, Michigan",49348,838.887
26125,"Oakland County, Michigan",1253459,867.275
26127,"Oceana County, Michigan",26819,538.105
26129,"Ogemaw County, Michigan",20923,563.503
26131,"Ontonagon County, Michigan",5656,1310.978
26133,"Osceola County, Michigan",23466,566.286
26135,"Oscoda County, Michigan",8368,565.674
26137,"Otsego County, Michigan",24765,515.006
26139,"Ottawa County, Michigan",294635,563.52
26141,"Presque Isle County, Michigan",12665,658.717
26143,"Roscommon County, Michigan",23986,519.897
26145,"Saginaw County, Michigan",189868,800.797
26147,"St. Clair County, Michigan",159293,721.513
26149,"St. Joseph County, Michigan",60848,500.596
26151,"Sanilac County, Michigan",40747,962.571
26153,"Schoolcraft County, Michigan",8104,1171.876
26155,"Shiawassee County, Michigan",67738,530.967
26157,"Tuscola County, Michigan",52289,804.851
26159,"Van Buren County, Michigan",75474,607.793
26161,"Washtenaw County, Michigan",366473,706.003
26163,"Wayne County, Michigan",1740623,611.838
26165,"Wexford County, Michigan",33743,564.925
27001,"Aitkin County, Minnesota",15848,1821.773
27003,"Anoka County, Minnesota",359921,421.964
27005,"Becker County, Minnesota",34456,1315.059
27007,"Beltrami County, Minnesota",47442,2504.704
27009,"Benton County, Minnesota",40958,408.297
27011,"Big Stone County, Minnesota",4923,499.165
27013,"Blue Earth County, Minnesota",68241,747.849
27015,"Brown County, Minnesota",24846,611.109
27017,"Carlton County, Minnesota",35769,861.192
27019,"Carver County, Minnesota",106565,354.022
27021,"Cass County, Minnesota",29928,2021.473
27023,"Chippewa County, Minnesota",11758,581.23
27025,"Chisago County, Minnesota",56794,414.899
27027,"Clay County, Minnesota",64690,1045.176
27029,"Clearwater County, Minnesota",9017,998.826
27031,"Cook County, Minnesota",5417,1452.567
27033,"Cottonwood County, Minnesota",11242,639.973
27035,"Crow Wing County, Minnesota",65644,998.357
27037,"Dakota County, Minnesota",431807,562.538
27039,"Dodge County, Minnesota",20987,439.282
27041,"Douglas County, Minnesota",38328,636.937
27043,"Faribault County, Minnesota",13601,712.479
27045,"Fillmore County, Minnesota",21135,861.333
27047,"Freeborn County, Minnesota",30364,707.245
27049,"Goodhue County, Minnesota",46318,756.704
27051,"Grant County, Minnesota",6026,547.8
27053,"Hennepin County, Minnesota",1268408,554.037
27055,"Houston County, Minnesota",18632,552.044
27057,"Hubbard County, Minnesota",21783,926.007
27059,"Isanti County, Minnesota",41429,435.758
27061,"Itasca County, Minnesota",45268,2667.74
27063,"Jackson County, Minnesota",9768,702.972
27065,"Kanabec County, Minnesota",16416,521.61
27067,"Kandiyohi County, Minnesota",43130,797.373
27069,"Kittson County, Minnesota",4214,1099.0
27071,"Koochiching County, Minnesota",12059,3104.607
27073,"Lac qui Parle County, Minnesota",6527,765.021
27075,"Lake County, Minnesota",10639,2109.105
27077,"Lake of the Woods County, Minnesota",3754,1297.842
27079,"Le Sueur County, Minnesota",28741,448.674
27081,"Lincoln County, Minnesota",5568,536.784
27083,"Lyon County, Minnesota",25271,714.411
27085,"McLeod County, Minnesota",35710,491.51
27087,"Mahnomen County, Minnesota",5473,557.867
27089,"Marshall County, Minnesota",9321,1775.063
27091,"Martin County, Minnesota",19484,712.331
27093,"Meeker County, Minnesota",23341,607.969
27095,"Mille Lacs County, Minnesota",26146,572.306
27097,"Morrison County, Minnesota",33187,1125.094
27099,"Mower County, Minnesota",40150,711.273
27101,"Murray County, Minnesota",8155,704.667
27103,"Nicollet County, Minnesota",34482,448.592
27105,"Nobles County, Minnesota",21400,715.117
27107,"Norman County, Minnesota",6338,872.789
27109,"Olmsted County, Minnesota",159298,653.512
27111,"Otter Tail County, Minnesota",58741,1971.634
27113,"Pennington County, Minnesota",13874,616.579
27115,"Pine County, Minnesota",29359,1411.337
27117,"Pipestone County, Minnesota",9121,465.053
27119,"Polk County, Minnesota",30900,1970.999
27121,"Pope County, Minnesota",11277,669.536
27123,"Ramsey County, Minnesota",547903,152.248
27125,"Red Lake County, Minnesota",4046,432.407
27127,"Redwood County, Minnesota",15079,878.573
27129,"Renville County, Minnesota",14403,982.905
27131,"Rice County, Minnesota",67084,495.84
27133,"Rock County, Minnesota",9301,482.459
27135,"Roseau County, Minnesota",15117,1671.718
27137,"St. Louis County, Minnesota",198538,6247.574
27139,"Scott County, Minnesota",150689,356.273
27141,"Sherburne County, Minnesota",98811,432.909
27143,"Sibley County, Minnesota",14715,588.834
27145,"Stearns County, Minnesota",162038,1342.829
27147,"Steele County, Minnesota",36596,429.645
27149,"Stevens County, Minnesota",9765,563.58
27151,"Swift County, Minnesota",9176,741.986
27153,"Todd County, Minnesota",24732,945.098
27155,"Traverse County, Minnesota",3218,573.872
27157,"Wabasha County, Minnesota",21642,522.922
27159,"Wadena County, Minnesota",13807,536.347
27161,"Waseca County, Minnesota",18550,423.363
27163,"Washington County, Minnesota",265476,384.714
27165,"Watonwan County, Minnesota",10792,434.947
27167,"Wilkin County, Minnesota",6161,751.038
27169,"Winona County, Minnesota",50485,626.177
27171,"Wright County, Minnesota",140249,661.159
27173,"Yellow Medicine County, Minnesota",9580,759.101
28001,"Adams County, Mississippi",30275,462.344
28003,"Alcorn County, Mississippi",36889,400.044
28005,"Amite County, Mississippi",12205,730.1
28007,"Attala County, Mississippi",18004,734.957
28009,"Benton County, Mississippi",8351,406.616
28011,"Bolivar County, Mississippi",30142,876.507
28013,"Calhoun County, Mississippi",14241,586.573
28015,"Carroll County, Mississippi",9732,628.388
28017,"Chickasaw County, Mississippi",16951,501.782
28019,"Choctaw County, Mississippi",8063,418.197
28021,"Claiborne County, Mississippi",8911,487.415
28023,"Clarke County, Mississippi",15299,691.576
28025,"Clay County, Mississippi",19352,410.072
28027,"Coahoma County, Mississippi",21564,553.095
28029,"Copiah County, Mississippi",27933,777.285
28031,"Covington County, Mississippi",18518,413.819
28033,"DeSoto County, Mississippi",188275,476.346
28035,"Forrest County, Mississippi",75009,466.042
28037,"Franklin County, Mississippi",7657,563.964
28039,"George County, Mississippi",24425,478.696
28041,"Greene County, Mississippi",13477,712.738
28043,"Grenada County, Mississippi",20610,422.122
28045,"Hancock County, Mississippi",48000,473.964
28047,"Harrison County, Mississippi",208801,573.641
28049,"Hinds County, Mississippi",227966,869.845
28051,"Holmes County, Mississippi",16726,756.674
28053,"Humphreys County, Mississippi",7827,418.514
28055,"Issaquena County, Mississippi",1220,412.98
28057,"Itawamba County, Mississippi",23261,532.795
28059,"Jackson County, Mississippi",143802,722.825
28061,"Jasper County, Mississippi",16332,676.311
28063,"Jefferson County, Mississippi",6997,519.933
28065,"Jefferson Davis County, Mississippi",10890,408.446
28067,"Jones County, Mississippi",67993,694.845
28069,"Kemper County, Mississippi",9521,766.182
28071,"Lafayette County, Mississippi",54408,631.697
28073,"Lamar County, Mississippi",64165,496.57
28075,"Lauderdale County, Mississippi",73751,703.674
28077,"Lawrence County, Mississippi",12480,430.602
28079,"Leake County, Mississippi",22741,582.897
28081,"Lee County, Mississippi",85466,449.965
28083,"Leflore County, Mississippi",27854,594.074
28085,"Lincoln County, Mississippi",33936,586.207
28087,"Lowndes County, Mississippi",58309,505.443
28089,"Madison County, Mississippi",106871,714.358
28091,"Marion County, Mississippi",24441,542.385
28093,"Marshall County, Mississippi",35301,706.185
28095,"Monroe County, Mississippi",35123,765.092
28097,"Montgomery County, Mississippi",9661,406.981
28099,"Neshoba County, Mississippi",28996,570.134
28101,"Newton County, Mississippi",20866,577.77
28103,"Noxubee County, Mississippi",10236,695.158
28105,"Oktibbeha County, Mississippi",49789,458.239
28107,"Panola County, Mississippi",33848,685.175
28109,"Pearl River County, Mississippi",55876,811.319
28111,"Perry County, Mississippi",11862,647.282
28113,"Pike County, Mississippi",38997,409.185
28115,"Pontotoc County, Mississippi",32461,497.813
28117,"Prentiss County, Mississippi",25013,414.985
28119,"Quitman County, Mississippi",6760,405.012
28121,"Rankin County, Mississippi",155975,775.494
28123,"Scott County, Mississippi",28061,609.231
28125,"Sharkey County, Mississippi",4160,431.72
28127,"Simpson County, Mississippi",26629,589.165
28129,"Smith County, Mississippi",15779,636.268
28131,"Stone County, Mississippi",18360,445.485
28133,"Sunflower County, Mississippi",24740,697.759
28135,"Tallahatchie County, Mississippi",13707,645.223
28137,"Tate County, Mississippi",28539,404.763
28139,"Tippah County, Mississippi",21748,457.822
28141,"Tishomingo County, Mississippi",19275,424.297
28143,"Tunica County, Mississippi",9392,454.13
28145,"Union County, Mississippi",28866,415.607
28147,"Walthall County, Mississippi",14294,403.928
28149,"Warren County, Mississippi",44841,588.53
28151,"Washington County, Mississippi",42837,723.972
28153,"Wayne County, Mississippi",20317,810.716
28155,"Webster County, Mississippi",9676,421.158
28157,"Wilkinson County, Mississippi",8351,678.106
28159,"Winston County, Mississippi",17845,607.251
28161,"Yalobusha County, Mississippi",11982,467.151
28163,"Yazoo County, Mississippi",26982,922.339
29001,"Adair County, Missouri",25399,567.324
29003,"Andrew County, Missouri",17586,432.632
29005,"Atchison County, Missouri",5096,547.285
29007,"Audrain County, Missouri",24835,692.25
29009,"Barry County, Missouri",35818,778.122
29011,"Barton County, Missouri",11592,592.03
29013,"Bates County, Missouri",16242,836.696
29015,"Benton County, Missouri",19627,704.033
29017,"Bollinger County, Missouri",12111,617.904
29019,"Boone County, Missouri",182991,685.554
29021,"Buchanan County, Missouri",86530,408.249
29023,"Butler County, Missouri",42178,694.755
29025,"Caldwell County, Missouri",9051,426.392
29027,"Callaway County, Missouri",44887,834.567
29029,"Camden County, Missouri",46414,656.036
29031,"Cape Girardeau County, Missouri",79512,578.517
29033,"Carroll County, Missouri",8554,694.622
29035,"Carter County, Missouri",5991,507.359
29037,"Cass County, Missouri",106806,696.615
29039,"Cedar County, Missouri",14322,474.47
29041,"Chariton County, Missouri",7360,751.178
29043,"Christian County, Missouri",90655,562.589
29045,"Clark County, Missouri",6830,504.606
29047,"Clay County, Missouri",253463,397.663
29049,"Clinton County, Missouri",20553,418.94
29051,"Cole County, Missouri",76191,391.548
29053,"Cooper County, Missouri",17102,564.75
29055,"Crawford County, Missouri",23739,742.477
29057,"Dade County, Missouri",7568,490.01
29059,"Dallas County, Missouri",17219,540.951
29061,"Daviess County, Missouri",8283,563.282
29063,"DeKalb County, Missouri",10944,421.358
29065,"Dent County, Missouri",15481,752.761
29067,"Douglas County, Missouri",13344,813.623
29069,"Dunklin County, Missouri",28878,541.909
29071,"Franklin County, Missouri",104469,922.649
29073,"Gasconade County, Missouri",14566,519.005
29075,"Gentry County, Missouri",6484,491.422
29077,"Greene County, Missouri",294997,675.329
29079,"Grundy County, Missouri",9595,435.293
29081,"Harrison County, Missouri",8321,722.517
29083,"Henry County, Missouri",22076,696.936
29085,"Hickory County, Missouri",9586,398.808
29087,"Holt County, Missouri",4232,462.693
29089,"Howard County, Missouri",10001,463.801
29091,"Howell County, Missouri",40262,927.177
29093,"Iron County, Missouri",10098,550.263
29095,"Jackson County, Missouri",705925,604.52
29097,"Jasper County, Missouri",121648,638.506
29099,"Jefferson County, Missouri",226543,656.445
29101,"Johnson County, Missouri",54219,829.261
29103,"Knox County, Missouri",3940,504.009
29105,"Laclede County, Missouri",35895,764.63
29107,"Lafayette County, Missouri",33006,628.28
29109,"Lawrence County, Missouri",38175,611.738
29111,"Lewis County, Missouri",9810,505.017
29113,"Lincoln County, Missouri",60119,626.571
29115,"Linn County, Missouri",11830,615.588
29117,"Livingston County, Missouri",14413,532.303
29119,"McDonald County, Missouri",22900,539.445
29121,"Macon County, Missouri",15095,801.208
29123,"Madison County, Missouri",12113,494.386
29125,"Maries County, Missouri",8795,526.981
29127,"Marion County, Missouri",28423,436.922
29129,"Mercer County, Missouri",3558,453.835
29131,"Miller County, Missouri",25791,592.572
29133,"Mississippi County, Missouri",12691,411.596
29135,"Moniteau County, Missouri",15585,415.03
29137,"Monroe County, Missouri",8672,647.63
29139,"Montgomery County, Missouri",11294,535.047
29141,"Morgan County, Missouri",20716,597.635
29143,"New Madrid County, Missouri",16693,674.884
29145,"Newton County, Missouri",58451,624.754
29147,"Nodaway County, Missouri",21743,876.964
29149,"Oregon County, Missouri",10411,789.844
29151,"Osage County, Missouri",13535,606.58
29153,"Ozark County, Missouri",9083,745.005
29155,"Pemiscot County, Missouri",15600,492.605
29157,"Perry County, Missouri",19194,474.355
29159,"Pettis County, Missouri",42490,682.229
29161,"Phelps County, Missouri",44414,671.787
29163,"Pike County, Missouri",17552,670.439
29165,"Platte County, Missouri",106532,419.802
29167,"Polk County, Missouri",32490,635.527
29169,"Pulaski County, Missouri",52709,547.112
29171,"Putnam County, Missouri",4688,517.317
29173,"Ralls County, Missouri",10299,469.787
29175,"Randolph County, Missouri",24409,482.712
29177,"Ray County, Missouri",22915,568.968
29179,"Reynolds County, Missouri",6198,808.477
29181,"Ripley County, Missouri",13300,629.516
29183,"St. Charles County, Missouri",406204,560.501
29185,"St. Clair County, Missouri",9689,674.981
29186,"Ste. Genevieve County, Missouri",17924,499.153
29187,"St. Francois County, Missouri",66485,451.886
29189,"St. Louis County, Missouri",994020,507.875
29195,"Saline County, Missouri",22858,755.51
29197,"Schuyler County, Missouri",4534,307.305
29199,"Scotland County, Missouri",4871,436.507
29201,"Scott County, Missouri",38288,420.005
29203,"Shannon County, Missouri",8203,1003.82
29205,"Shelby County, Missouri",5919,500.863
29207,"Stoddard County, Missouri",29001,823.142
29209,"Stone County, Missouri",32465,463.826
29211,"Sullivan County, Missouri",6033,647.982
29213,"Taney County, Missouri",56104,632.332
29215,"Texas County, Missouri",25112,1177.267
29217,"Vernon County, Missouri",20388,826.391
29219,"Warren County, Missouri",36594,428.611
29221,"Washington County, Missouri",24604,759.866
29223,"Wayne County, Missouri",12769,759.186
29225,"Webster County, Missouri",39859,592.563
29227,"Worth County, Missouri",1953,266.629
29229,"Wright County, Missouri",18325,681.775
29510,"St. Louis city, Missouri",297645,61.736
30001,"Beaverhead County, Montana",9483,5542.687
30003,"Big Horn County, Montana",13063,4997.815
30005,"Blaine County, Montana",6568,4227.517
30007,"Broadwater County, Montana",6444,1192.359
30009,"Carbon County, Montana",10921,2047.781
30011,"Carter County, Montana",1235,3340.477
30013,"Cascade County, Montana",81346,2698.207
30015,"Chouteau County, Montana",5699,3972.52
30017,"Custer County, Montana",11292,3783.309
30019,"Daniels County, Montana",1638,1426.27
30021,"Dawson County, Montana",8555,2371.926
30023,"Deer Lodge County, Montana",9204,736.683
30025,"Fallon County, Montana",2826,1620.595
30027,"Fergus County, Montana",11104,4339.329
30029,"Flathead County, Montana",105851,5087.222
30031,"Gallatin County, Montana",116806,2605.352
30033,"Garfield County, Montana",1268,4676.56
30035,"Glacier County, Montana",13594,2995.098
30037,"Golden Valley County, Montana",827,1174.423
30039,"Granite County, Montana",3317,1727.162
30041,"Hill County, Montana",16358,2899.401
30043,"Jefferson County, Montana",12360,1656.997
30045,"Judith Basin County, Montana",1994,1869.687
30047,"Lake County, Montana",30986,1490.467
30049,"Lewis and Clark County, Montana",70229,3458.381
30051,"Liberty County, Montana",2369,1429.988
30053,"Lincoln County, Montana",20343,3612.559
30055,"McCone County, Montana",1648,2642.225
30057,"Madison County, Montana",8959,3588.156
30059,"Meagher County, Montana",1831,2391.868
30061,"Mineral County, Montana",4544,1219.619
30063,"Missoula County, Montana",121630,2593.009
30065,"Musselshell County, Montana",4669,1868.958
30067,"Park County, Montana",16760,2802.479
30069,"Petroleum County, Montana",500,1655.625
30071,"Phillips County, Montana",3919,5140.422
30073,"Pondera County, Montana",5782,1624.567
30075,"Powder River County, Montana",1681,3298.196
30077,"Powell County, Montana",6817,2326.042
30079,"Prairie County, Montana",1067,1736.603
30081,"Ravalli County, Montana",45002,2390.998
30083,"Richland County, Montana",11043,2084.556
30085,"Roosevelt County, Montana",10964,2354.602
30087,"Rosebud County, Montana",8836,5008.135
30089,"Sanders County, Montana",12157,2760.401
30091,"Sheridan County, Montana",3261,1676.941
30093,"Silver Bow County, Montana",35180,717.983
30095,"Stillwater County, Montana",9888,1796.746
30097,"Sweet Grass County, Montana",3684,1855.536
30099,"Teton County, Montana",6249,2271.616
30101,"Toole County, Montana",4686,1914.864
30103,"Treasure County, Montana",695,977.801
30105,"Valley County, Montana",7359,4926.114
30107,"Wheatland County, Montana",2157,1422.481
30109,"Wibaux County, Montana",939,889.571
30111,"Yellowstone County, Montana",162990,2633.468
31001,"Adams County, Nebraska",31321,563.274
31003,"Antelope County, Nebraska",6264,857.157
31005,"Arthur County, Nebraska",466,715.152
31007,"Banner County, Nebraska",786,746.039
31009,"Blaine County, Nebraska",457,710.691
31011,"Boone County, Nebraska",5096,686.543
31013,"Box Butte County, Nebraska",10696,1075.364
31015,"Boyd County, Nebraska",1860,539.935
31017,"Brown County, Nebraska",2981,1221.356
31019,"Buffalo County, Nebraska",50114,968.22
31021,"Burt County, Nebraska",6477,491.586
31023,"Butler County, Nebraska",7960,584.893
31025,"Cass County, Nebraska",26232,557.347
31027,"Cedar County, Nebraska",8414,740.244
31029,"Chase County, Nebraska",3840,894.419
31031,"Cherry County, Nebraska",5781,5960.222
31033,"Cheyenne County, Nebraska",9111,1196.008
31035,"Clay County, Nebraska",6216,572.289
31037,"Colfax County, Nebraska",10587,411.647
31039,"Cuming County, Nebraska",8798,570.522
31041,"Custer County, Nebraska",10626,2575.594
31043,"Dakota County, Nebraska",20070,264.276
31045,"Dawes County, Nebraska",8361,1396.391
31047,"Dawson County, Nebraska",23510,1013.059
31049,"Deuel County, Nebraska",1793,439.851
31051,"Dixon County, Nebraska",5596,476.11
31053,"Dodge County, Nebraska",36222,529.067
31055,"Douglas County, Nebraska",574332,326.407
31057,"Dundy County, Nebraska",1671,919.678
31059,"Fillmore County, Nebraska",5519,575.371
31061,"Franklin County, Nebraska",2940,575.816
31063,"Frontier County, Nebraska",2587,974.631
31065,"Furnas County, Nebraska",4653,719.132
31067,"Gage County, Nebraska",21431,851.461
31069,"Garden County, Nebraska",1847,1705.365
31071,"Garfield County, Nebraska",1956,569.33
31073,"Gosper County, Nebraska",1986,458.155
31075,"Grant County, Nebraska",630,776.985
31077,"Greeley County, Nebraska",2319,569.811
31079,"Hall County, Nebraska",61028,546.39
31081,"Hamilton County, Nebraska",9237,542.11
31083,"Harlan County, Nebraska",3311,553.466
31085,"Hayes County, Nebraska",916,713.062
31087,"Hitchcock County, Nebraska",2773,709.943
31089,"Holt County, Nebraska",9956,2412.397
31091,"Hooker County, Nebraska",647,721.16
31093,"Howard County, Nebraska",6488,569.338
31095,"Jefferson County, Nebraska",7099,570.178
31097,"Johnson County, Nebraska",5057,376.075
31099,"Kearney County, Nebraska",6652,516.243
31101,"Keith County, Nebraska",7983,1061.744
31103,"Keya Paha County, Nebraska",759,773.076
31105,"Kimball County, Nebraska",3495,951.942
31107,"Knox County, Nebraska",8304,1108.443
31109,"Lancaster County, Nebraska",320650,837.561
31111,"Lincoln County, Nebraska",34347,2564.14
31113,"Logan County, Nebraska",747,570.698
31115,"Loup County, Nebraska",650,563.521
31117,"McPherson County, Nebraska",474,859.255
31119,"Madison County, Nebraska",34813,572.622
31121,"Merrick County, Nebraska",7809,487.259
31123,"Morrill County, Nebraska",4625,1424.017
31125,"Nance County, Nebraska",3532,441.598
31127,"Nemaha County, Nebraska",7044,407.377
31129,"Nuckolls County, Nebraska",4134,575.155
31131,"Otoe County, Nebraska",15965,615.664
31133,"Pawnee County, Nebraska",2601,431.075
31135,"Perkins County, Nebraska",2867,883.313
31137,"Phelps County, Nebraska",9006,539.79
31139,"Pierce County, Nebraska",7184,573.249
31141,"Platte County, Nebraska",33364,674.05
31143,"Polk County, Nebraska",5201,438.671
31145,"Red Willow County, Nebraska",10627,717.006
31147,"Richardson County, Nebraska",7791,551.841
31149,"Rock County, Nebraska",1377,1008.293
31151,"Saline County, Nebraska",13987,574.061
31153,"Sarpy County, Nebraska",188856,238.101
31155,"Saunders County, Nebraska",21927,748.928
31157,"Scotts Bluff County, Nebraska",35299,739.608
31159,"Seward County, Nebraska",17186,571.43
31161,"Sheridan County, Nebraska",5150,2440.885
31163,"Sherman County, Nebraska",2986,565.853
31165,"Sioux County, Nebraska",1200,2066.722
31167,"Stanton County, Nebraska",5880,427.608
31169,"Thayer County, Nebraska",4887,573.807
31171,"Thomas County, Nebraska",739,712.577
31173,"Thurston County, Nebraska",7220,393.584
31175,"Valley County, Nebraska",4103,568.112
31177,"Washington County, Nebraska",20901,389.957
31179,"Wayne County, Nebraska",9492,442.916
31181,"Webster County, Nebraska",3419,574.913
31183,"Wheeler County, Nebraska",790,575.183
31185,"York County, Nebraska",13511,572.51
32001,"Churchill County, Nevada",25363,4950.157
32003,"Clark County, Nevada",2315963,7891.651
32005,"Douglas County, Nevada",49088,710.485
32007,"Elko County, Nevada",53006,17173.446
32009,"Esmeralda County, Nevada",886,3581.889
32011,"Eureka County, Nevada",2065,4175.688
32013,"Humboldt County, Nevada",16962,9640.792
32015,"Lander County, Nevada",5514,5519.247
32017,"Lincoln County, Nevada",5159,10633.386
32019,"Lyon County, Nevada",58319,2003.075
32021,"Mineral County, Nevada",4518,3751.283
32023,"Nye County, Nevada",48054,18181.914
32027,"Pershing County, Nevada",6573,6036.589
32029,"Storey County, Nevada",4207,263.778
32031,"Washoe County, Nevada",477082,6315.877
32033,"White Pine County, Nevada",9466,8886.665
32510,"Carson City, Nevada",56034,144.534
33001,"Belknap County, New Hampshire",61551,401.847
33003,"Carroll County, New Hampshire",49167,931.864
33005,"Cheshire County, New Hampshire",76228,706.709
33007,"Coos County, New Hampshire",31174,1794.573
33009,"Grafton County, New Hampshire",90691,1708.599
33011,"Hillsborough County, New Hampshire",418735,876.526
33013,"Merrimack County, New Hampshire",152622,932.899
33015,"Rockingham County, New Hampshire",311307,695.391
33017,"Strafford County, New Hampshire",131533,367.47
33019,"Sullivan County, New Hampshire",43267,537.876
34001,"Atlantic County, New Jersey",262945,555.514
34003,"Bergen County, New Jersey",930394,232.788
34005,"Burlington County, New Jersey",446596,799.292
34007,"Camden County, New Jersey",506809,221.358
34009,"Cape May County, New Jersey",91546,251.522
34011,"Cumberland County, New Jersey",147008,483.361
34013,"Essex County, New Jersey",800501,126.085
34015,"Gloucester County, New Jersey",293245,322.0
34017,"Hudson County, New Jersey",671666,46.194
34019,"Hunterdon County, New Jersey",124797,427.835
34021,"Mercer County, New Jersey",367239,224.44
34023,"Middlesex County, New Jersey",822736,309.222
34025,"Monmouth County, New Jersey",618381,468.182
34027,"Morris County, New Jersey",491087,460.972
34029,"Ocean County, New Jersey",614237,628.286
34031,"Passaic County, New Jersey",500382,186.013
34033,"Salem County, New Jersey",62451,331.862
34035,"Somerset County, New Jersey",329331,301.866
34037,"Sussex County, New Jersey",140002,518.661
34039,"Union County, New Jersey",555394,102.766
34041,"Warren County, New Jersey",105624,356.541
35001,"Bernalillo County, New Mexico",681666,1161.245
35003,"Catron County, New Mexico",3623,6924.187
35005,"Chaves County, New Mexico",64711,6067.177
35006,"Cibola County, New Mexico",26354,4539.984
35007,"Colfax County, New Mexico",11927,3757.976
35009,"Curry County, New Mexico",48793,1405.526
35011,"De Baca County, New Mexico",1673,2323.107
35013,"Doña Ana County, New Mexico",221262,3808.189
35015,"Eddy County, New Mexico",58418,4176.347
35017,"Grant County, New Mexico",27007,3961.207
35019,"Guadalupe County, New Mexico",4275,3029.772
35021,"Harding County, New Mexico",638,2125.478
35023,"Hidalgo County, New Mexico",4106,3438.534
35025,"Lea County, New Mexico",71830,4391.552
35027,"Lincoln County, New Mexico",19939,4831.115
35028,"Los Alamos County, New Mexico",19462,109.123
35029,"Luna County, New Mexico",23905,2965.179
35031,"McKinley County, New Mexico",70824,5451.064
35033,"Mora County, New Mexico",4478,1926.249
35035,"Otero County, New Mexico",67967,6612.562
35037,"Quay County, New Mexico",8197,2873.955
35039,"Rio Arriba County, New Mexico",38521,5860.874
35041,"Roosevelt County, New Mexico",18350,2446.051
35043,"Sandoval County, New Mexico",148904,3710.194
35045,"San Juan County, New Mexico",123312,5517.231
35047,"San Miguel County, New Mexico",27144,4721.515
35049,"Santa Fe County, New Mexico",151946,1910.38
35051,"Sierra County, New Mexico",10867,4181.208
35053,"Socorro County, New Mexico",16541,6646.387
35055,"Taos County, New Mexico",32593,2202.373
35057,"Torrance County, New Mexico",15486,3345.213
35059,"Union County, New Mexico",4026,3825.05
35061,"Valencia County, New Mexico",77574,1066.744
36001,"Albany County, New York",303654,522.888
36003,"Allegany County, New York",45587,1029.435
36005,"Bronx County, New York",1401142,42.172
36007,"Broome County, New York",189420,705.638
36009,"Cattaraugus County, New York",75863,1308.163
36011,"Cayuga County, New York",76029,691.583
36013,"Chautauqua County, New York",126032,1060.412
36015,"Chemung County, New York",82622,407.333
36017,"Chenango County, New York",46730,893.593
36019,"Clinton County, New York",79778,1037.751
36021,"Columbia County, New York",59534,634.663
36023,"Cortland County, New York",47173,498.774
36025,"Delaware County, New York",43938,1442.596
36027,"Dutchess County, New York",293293,795.649
36029,"Erie County, New York",917241,1042.731
36031,"Essex County, New York",36891,1794.122
36033,"Franklin County, New York",49965,1629.296
36035,"Fulton County, New York",52812,495.46
36037,"Genesee County, New York",56994,492.939
36039,"Greene County, New York",47177,647.161
36041,"Hamilton County, New York",4345,1717.378
36043,"Herkimer County, New York",60945,1411.54
36045,"Jefferson County, New York",108095,1268.704
36047,"Kings County, New York",2538934,69.377
36049,"Lewis County, New York",26187,1274.642
36051,"Livingston County, New York",62398,631.762
36053,"Madison County, New York",70478,654.85
36055,"Monroe County, New York",740900,656.943
36057,"Montgomery County, New York",49170,403.111
36059,"Nassau County, New York",1351334,284.542
36061,"New York County, New York",1611989,22.656
36063,"Niagara County, New York",208396,522.353
36065,"Oneida County, New York",227346,1212.331
36067,"Onondaga County, New York",459214,778.393
36069,"Ontario County, New York",110091,644.075
36071,"Orange County, New York",385234,812.318
36073,"Orleans County, New York",39978,391.263
36075,"Oswego County, New York",116346,951.646
36077,"Otsego County, New York",58701,1001.737
36079,"Putnam County, New York",98532,230.203
36081,"Queens County, New York",2225821,108.724
36083,"Rensselaer County, New York",158108,652.459
36085,"Richmond County, New York",475327,57.523
36087,"Rockland County, New York",326225,173.444
36089,"St. Lawrence County, New York",107185,2679.516
36091,"Saratoga County, New York",230298,809.996
36093,"Schenectady County, New York",155358,204.581
36095,"Schoharie County, New York",31132,621.819
36097,"Schuyler County, New York",17685,328.343
36099,"Seneca County, New York",33991,323.698
36101,"Steuben County, New York",94657,1390.508
36103,"Suffolk County, New York",1474273,911.174
36105,"Sullivan County, New York",75802,968.145
36107,"Tioga County, New York",47904,518.767
36109,"Tompkins County, New York",101058,474.642
36111,"Ulster County, New York",177716,1124.236
36113,"Warren County, New York",63756,867.217
36115,"Washington County, New York",60606,831.167
36117,"Wayne County, New York",89339,603.83
36119,"Westchester County, New York",965802,430.723
36121,"Wyoming County, New York",39465,592.752
36123,"Yates County, New York",24780,338.139
37001,"Alamance County, North Carolina",171346,423.452
37003,"Alexander County, North Carolina",37441,259.985
37005,"Alleghany County, North Carolina",11194,234.835
37007,"Anson County, North Carolina",24097,531.461
37009,"Ashe County, North Carolina",27166,426.264
37011,"Avery County, North Carolina",17571,247.338
37013,"Beaufort County, North Carolina",47073,832.736
37015,"Bertie County, North Carolina",18712,699.176
37017,"Bladen County, North Carolina",32911,875.032
37019,"Brunswick County, North Carolina",149039,850.083
37021,"Buncombe County, North Carolina",263477,656.497
37023,"Burke County, North Carolina",90418,506.237
37025,"Cabarrus County, North Carolina",221479,361.232
37027,"Caldwell County, North Carolina",82100,471.888
37029,"Camden County, North Carolina",10984,240.33
37031,"Carteret County, North Carolina",69558,507.604
37033,"Caswell County, North Carolina",22443,425.367
37035,"Catawba County, North Carolina",160307,401.374
37037,"Chatham County, North Carolina",75748,681.679
37039,"Cherokee County, North Carolina",29073,455.541
37041,"Chowan County, North Carolina",13815,172.657
37043,"Clay County, North Carolina",11505,214.983
37045,"Cleveland County, North Carolina",99035,464.249
37047,"Columbus County, North Carolina",54754,938.121
37049,"Craven County, North Carolina",101233,706.573
37051,"Cumberland County, North Carolina",336364,652.556
37053,"Currituck County, North Carolina",29052,261.909
37055,"Dare County, North Carolina",37547,383.229
37057,"Davidson County, North Carolina",169234,553.178
37059,"Davie County, North Carolina",43286,263.699
37061,"Duplin County, North Carolina",58794,814.72
37063,"Durham County, North Carolina",327306,286.525
37065,"Edgecombe County, North Carolina",50829,505.436
37067,"Forsyth County, North Carolina",383843,407.851
37069,"Franklin County, North Carolina",71859,491.802
37071,"Gaston County, North Carolina",226568,355.752
37073,"Gates County, North Carolina",11464,340.612
37075,"Graham County, North Carolina",8474,291.966
37077,"Granville County, North Carolina",60486,531.991
37079,"Greene County, North Carolina",20928,266.734
37081,"Guilford County, North Carolina",540521,645.922
37083,"Halifax County, North Carolina",49479,723.738
37085,"Harnett County, North Carolina",137058,594.933
37087,"Haywood County, North Carolina",62972,553.56
37089,"Henderson County, North Carolina",118445,372.949
37091,"Hertford County, North Carolina",23108,353.164
37093,"Hoke County, North Carolina",55830,390.153
37095,"Hyde County, North Carolina",4843,612.345
37097,"Iredell County, North Carolina",185770,574.409
37099,"Jackson County, North Carolina",44033,491.107
37101,"Johnston County, North Carolina",216246,792.017
37103,"Jones County, North Carolina",9250,471.368
37105,"Lee County, North Carolina",62353,255.062
37107,"Lenoir County, North Carolina",55720,399.087
37109,"Lincoln County, North Carolina",88097,295.847
37111,"McDowell County, North Carolina",45782,439.954
37113,"Macon County, North Carolina",35994,515.579
37115,"Madison County, North Carolina",21740,449.615
37117,"Martin County, North Carolina",22178,456.412
37119,"Mecklenburg County, North Carolina",1128945,523.605
37121,"Mitchell County, North Carolina",14881,221.251
37123,"Montgomery County, North Carolina",27238,491.537
37125,"Moore County, North Carolina",103352,697.68
37127,"Nash County, North Carolina",94859,540.444
37129,"New Hanover County, North Carolina",236613,192.255
37131,"Northampton County, North Carolina",19088,536.695
37133,"Onslow County, North Carolina",203943,762.075
37135,"Orange County, North Carolina",149077,397.559
37137,"Pamlico County, North Carolina",12715,336.515
37139,"Pasquotank County, North Carolina",40372,226.882
37141,"Pender County, North Carolina",64671,871.296
37143,"Perquimans County, North Carolina",13667,247.173
37145,"Person County, North Carolina",39925,392.34
37147,"Pitt County, North Carolina",182924,652.366
37149,"Polk County, North Carolina",21030,237.687
37151,"Randolph County, North Carolina",144557,782.337
37153,"Richmond County, North Carolina",44332,473.689
37155,"Robeson County, North Carolina",129999,947.295
37157,"Rockingham County, North Carolina",91285,565.642
37159,"Rowan County, North Carolina",142495,511.608
37161,"Rutherford County, North Carolina",67076,565.437
37163,"Sampson County, North Carolina",63382,945.93
37165,"Scotland County, North Carolina",34637,319.14
37167,"Stanly County, North Carolina",63239,395.079
37169,"Stokes County, North Carolina",45743,449.345
37171,"Surry County, North Carolina",71683,532.645
37173,"Swain County, North Carolina",14179,527.728
37175,"Transylvania County, North Carolina",34498,378.358
37177,"Tyrrell County, North Carolina",3774,390.777
37179,"Union County, North Carolina",244562,632.736
37181,"Vance County, North Carolina",44718,252.396
37183,"Wake County, North Carolina",1132271,834.587
37185,"Warren County, North Carolina",19522,429.391
37187,"Washington County, North Carolina",11485,346.51
37189,"Watauga County, North Carolina",56441,312.438
37191,"Wayne County, North Carolina",123967,553.922
37193,"Wilkes County, North Carolina",68043,753.679
37195,"Wilson County, North Carolina",81979,367.574
37197,"Yadkin County, North Carolina",37625,334.942
37199,"Yancey County, North Carolina",18099,312.592
38001,"Adams County, North Dakota",2188,987.547
38003,"Barnes County, North Dakota",10402,1491.558
38005,"Benson County, North Dakota",6762,1388.555
38007,"Billings County, North Dakota",890,1148.488
38009,"Bottineau County, North Dakota",6287,1668.858
38011,"Bowman County, North Dakota",2986,1161.809
38013,"Burke County, North Dakota",2118,1103.619
38015,"Burleigh County, North Dakota",96212,1632.694
38017,"Cass County, North Dakota",183904,1764.935
38019,"Cavalier County, North Dakota",3713,1489.125
38021,"Dickey County, North Dakota",4705,1131.493
38023,"Divide County, North Dakota",2277,1261.13
38025,"Dunn County, North Dakota",4465,2008.492
38027,"Eddy County, North Dakota",2179,630.239
38029,"Emmons County, North Dakota",3187,1510.003
38031,"Foster County, North Dakota",3165,634.08
38033,"Golden Valley County, North Dakota",1737,1000.885
38035,"Grand Forks County, North Dakota",69481,1436.225
38037,"Grant County, North Dakota",2215,1659.233
38039,"Griggs County, North Dakota",2207,708.685
38041,"Hettinger County, North Dakota",2438,1132.239
38043,"Kidder County, North Dakota",2458,1351.062
38045,"LaMoure County, North Dakota",4033,1146.005
38047,"Logan County, North Dakota",1880,992.599
38049,"McHenry County, North Dakota",5695,1873.942
38051,"McIntosh County, North Dakota",2440,974.563
38053,"McKenzie County, North Dakota",15242,2760.134
38055,"McLean County, North Dakota",9416,2110.259
38057,"Mercer County, North Dakota",8174,1042.781
38059,"Morton County, North Dakota",31503,1925.888
38061,"Mountrail County, North Dakota",10502,1825.163
38063,"Nelson County, North Dakota",2789,981.815
38065,"Oliver County, North Dakota",1926,722.404
38067,"Pembina County, North Dakota",6658,1118.535
38069,"Pierce County, North Dakota",3928,1018.285
38071,"Ramsey County, North Dakota",11388,1185.367
38073,"Ransom County, North Dakota",5173,862.472
38075,"Renville County, North Dakota",2283,877.244
38077,"Richland County, North Dakota",16156,1435.674
38079,"Rolette County, North Dakota",14165,903.042
38081,"Sargent County, North Dakota",3913,858.483
38083,"Sheridan County, North Dakota",1275,972.226
38085,"Sioux County, North Dakota",4173,1094.052
38087,"Slope County, North Dakota",747,1215.264
38089,"Stark County, North Dakota",32107,1334.913
38091,"Steele County, North Dakota",1890,712.143
38093,"Stutsman County, North Dakota",20498,2221.904
38095,"Towner County, North Dakota",2108,1025.113
38097,"Traill County, North Dakota",7959,861.871
38099,"Walsh County, North Dakota",10437,1281.607
38101,"Ward County, North Dakota",68466,2013.028
38103,"Wells County, North Dakota",3709,1270.533
38105,"Williams County, North Dakota",38700,2077.6
39001,"Adams County, Ohio",27531,583.872
39003,"Allen County, Ohio",101980,402.545
39005,"Ashland County, Ohio",53362,422.987
39007,"Ashtabula County, Ohio",96513,702.067
39009,"Athens County, Ohio",65481,503.644
39011,"Auglaize County, Ohio",45680,401.388
39013,"Belmont County, Ohio",65932,532.127
39015,"Brown County, Ohio",43414,489.543
39017,"Butler County, Ohio",385648,466.524
39019,"Carroll County, Ohio",26897,394.612
39021,"Champaign County, Ohio",38960,428.989
39023,"Clark County, Ohio",133593,396.877
39025,"Clermont County, Ohio",207449,452.56
39027,"Clinton County, Ohio",41921,408.731
39029,"Columbiana County, Ohio",101118,531.917
39031,"Coshocton County, Ohio",36449,563.988
39033,"Crawford County, Ohio",41338,401.786
39035,"Cuyahoga County, Ohio",1227883,457.211
39037,"Darke County, Ohio",51205,598.102
39039,"Defiance County, Ohio",37778,411.45
39041,"Delaware County, Ohio",213554,443.147
39043,"Erie County, Ohio",73719,251.288
39045,"Fairfield County, Ohio",159709,504.365
39047,"Fayette County, Ohio",28579,406.361
39049,"Franklin County, Ohio",1324624,532.417
39051,"Fulton County, Ohio",41889,405.447
39053,"Gallia County, Ohio",29802,466.53
39055,"Geauga County, Ohio",93271,400.301
39057,"Greene County, Ohio",170122,413.559
39059,"Guernsey County, Ohio",38779,522.254
39061,"Hamilton County, Ohio",817985,405.407
39063,"Hancock County, Ohio",75407,531.325
39065,"Hardin County, Ohio",31469,470.285
39067,"Harrison County, Ohio",15014,402.331
39069,"Henry County, Ohio",26904,416.01
39071,"Highland County, Ohio",43304,553.084
39073,"Hocking County, Ohio",28095,421.349
39075,"Holmes County, Ohio",44004,422.612
39077,"Huron County, Ohio",57979,492.243
39079,"Jackson County, Ohio",32493,420.31
39081,"Jefferson County, Ohio",64939,408.124
39083,"Knox County, Ohio",62423,525.499
39085,"Lake County, Ohio",229569,229.27
39087,"Lawrence County, Ohio",59091,453.393
39089,"Licking County, Ohio",178100,682.427
39091,"Logan County, Ohio",45326,458.506
39093,"Lorain County, Ohio",312172,490.536
39095,"Lucas County, Ohio",428294,339.663
39097,"Madison County, Ohio",44559,465.814
39099,"Mahoning County, Ohio",226075,411.488
39101,"Marion County, Ohio",64820,403.806
39103,"Medina County, Ohio",180912,421.458
39105,"Meigs County, Ohio",22678,430.102
39107,"Mercer County, Ohio",41274,462.447
39109,"Miami County, Ohio",107516,406.521
39111,"Monroe County, Ohio",13586,455.723
39113,"Montgomery County, Ohio",531610,461.351
39115,"Morgan County, Ohio",14305,416.426
39117,"Morrow County, Ohio",35411,406.134
39119,"Muskingum County, Ohio",86020,664.546
39121,"Noble County, Ohio",14364,398.012
39123,"Ottawa County, Ohio",40253,254.704
39125,"Paulding County, Ohio",18648,416.435
39127,"Perry County, Ohio",36215,407.934
39129,"Pickaway County, Ohio",58658,501.228
39131,"Pike County, Ohio",27695,440.282
39133,"Portage County, Ohio",162583,487.405
39135,"Preble County, Ohio",40836,424.226
39137,"Putnam County, Ohio",33654,482.544
39139,"Richland County, Ohio",120891,495.227
39141,"Ross County, Ohio",76420,689.166
39143,"Sandusky County, Ohio",58351,408.246
39145,"Scioto County, Ohio",74347,610.145
39147,"Seneca County, Ohio",54938,551.026
39149,"Shelby County, Ohio",48337,407.694
39151,"Stark County, Ohio",369772,575.265
39153,"Summit County, Ohio",538866,412.793
39155,"Trumbull County, Ohio",196800,618.101
39157,"Tuscarawas County, Ohio",91776,567.389
39159,"Union County, Ohio",60021,431.759
39161,"Van Wert County, Ohio",28159,409.15
39163,"Vinton County, Ohio",12972,412.36
39165,"Warren County, Ohio",238412,401.427
39167,"Washington County, Ohio",59652,631.974
39169,"Wayne County, Ohio",115694,554.789
39171,"Williams County, Ohio",36565,420.66
39173,"Wood County, Ohio",131113,617.162
39175,"Wyandot County, Ohio",21711,406.879
40001,"Adair County, Oklahoma",21955,573.878
40003,"Alfalfa County, Oklahoma",5718,866.565
40005,"Atoka County, Oklahoma",13912,975.446
40007,"Beaver County, Oklahoma",5207,1814.837
40009,"Beckham County, Oklahoma",21468,901.675
40011,"Blaine County, Oklahoma",9447,928.488
40013,"Bryan County, Oklahoma",48998,904.253
40015,"Caddo County, Oklahoma",28684,1277.754
40017,"Canadian County, Oklahoma",153192,896.573
40019,"Carter County, Oklahoma",48353,822.204
40021,"Cherokee County, Oklahoma",49019,749.127
40023,"Choctaw County, Oklahoma",14646,770.377
40025,"Cimarron County, Oklahoma",2145,1834.808
40027,"Cleveland County, Oklahoma",287066,538.901
40029,"Coal County, Oklahoma",5587,516.771
40031,"Comanche County, Oklahoma",121099,1069.322
40033,"Cotton County, Oklahoma",5676,632.639
40035,"Craig County, Oklahoma",14194,761.255
40037,"Creek County, Oklahoma",71485,949.942
40039,"Custer County, Oklahoma",28648,988.779
40041,"Delaware County, Oklahoma",43136,737.801
40043,"Dewey County, Oklahoma",4815,999.628
40045,"Ellis County, Oklahoma",3830,1231.477
40047,"Garfield County, Oklahoma",60869,1058.507
40049,"Garvin County, Oklahoma",27691,802.142
40051,"Grady County, Oklahoma",55906,1100.54
40053,"Grant County, Oklahoma",4372,1000.74
40055,"Greer County, Oklahoma",5704,639.285
40057,"Harmon County, Oklahoma",2557,537.258
40059,"Harper County, Oklahoma",3611,1038.584
40061,"Haskell County, Oklahoma",12652,576.725
40063,"Hughes County, Oklahoma",13126,804.471
40065,"Jackson County, Oklahoma",24305,802.653
40067,"Jefferson County, Oklahoma",5949,758.956
40069,"Johnston County, Oklahoma",10824,643.049
40071,"Kay County, Oklahoma",43274,919.597
40073,"Kingfisher County, Oklahoma",15806,898.078
40075,"Kiowa County, Oklahoma",8741,1015.078
40077,"Latimer County, Oklahoma",10132,722.105
40079,"Le Flore County, Oklahoma",49935,1589.411
40081,"Lincoln County, Oklahoma",35045,952.372
40083,"Logan County, Oklahoma",48777,743.736
40085,"Love County, Oklahoma",10230,513.914
40087,"McClain County, Oklahoma",41348,570.717
40089,"McCurtain County, Oklahoma",32772,1850.767
40091,"McIntosh County, Oklahoma",19635,618.286
40093,"Major County, Oklahoma",7579,955.0
40095,"Marshall County, Oklahoma",17114,371.49
40097,"Mayes County, Oklahoma",41152,655.395
40099,"Murray County, Oklahoma",13955,416.375
40101,"Muskogee County, Oklahoma",67610,810.624
40103,"Noble County, Oklahoma",11113,731.711
40105,"Nowata County, Oklahoma",10076,565.817
40107,"Okfuskee County, Oklahoma",11765,618.458
40109,"Oklahoma County, Oklahoma",804041,708.897
40111,"Okmulgee County, Oklahoma",38234,697.443
40113,"Osage County, Oklahoma",46642,2246.608
40115,"Ottawa County, Oklahoma",30879,470.817
40117,"Pawnee County, Oklahoma",16381,568.353
40119,"Payne County, Oklahoma",81755,684.901
40121,"Pittsburg County, Oklahoma",43679,1305.522
40123,"Pontotoc County, Oklahoma",38397,720.411
40125,"Pottawatomie County, Oklahoma",72998,787.793
40127,"Pushmataha County, Oklahoma",10970,1395.537
40129,"Roger Mills County, Oklahoma",3570,1141.135
40131,"Rogers County, Oklahoma",93155,675.747
40133,"Seminole County, Oklahoma",24248,632.833
40135,"Sequoyah County, Oklahoma",41538,673.561
40137,"Stephens County, Oklahoma",43100,870.209
40139,"Texas County, Oklahoma",19997,2041.273
40141,"Tillman County, Oklahoma",7229,871.134
40143,"Tulsa County, Oklahoma",657589,570.217
40145,"Wagoner County, Oklahoma",82925,561.916
40147,"Washington County, Oklahoma",52222,415.524
40149,"Washita County, Oklahoma",10830,1003.089
40151,"Woods County, Oklahoma",8687,1286.482
40153,"Woodward County, Oklahoma",19812,1242.786
41001,"Baker County, Oregon",16284,3067.967
41003,"Benton County, Oregon",93239,675.182
41005,"Clackamas County, Oregon",421596,1870.673
41007,"Clatsop County, Oregon",40423,828.13
41009,"Columbia County, Oregon",52876,658.684
41011,"Coos County, Oregon",64711,1596.065
41013,"Crook County, Oregon",25105,2978.929
41015,"Curry County, Oregon",23305,1628.382
41017,"Deschutes County, Oregon",201769,3017.618
41019,"Douglas County, Oregon",111364,5035.711
41021,"Gilliam County, Oregon",1975,1204.721
41023,"Grant County, Oregon",7180,4527.792
41025,"Harney County, Oregon",7373,10134.438
41027,"Hood River County, Oregon",23280,522.087
41029,"Jackson County, Oregon",221844,2783.252
41031,"Jefferson County, Oregon",24856,1781.701
41033,"Josephine County, Oregon",88053,1638.649
41035,"Klamath County, Oregon",68739,5949.977
41037,"Lake County, Oregon",7949,8138.61
41039,"Lane County, Oregon",382986,4554.091
41041,"Lincoln County, Oregon",50583,980.982
41043,"Linn County, Oregon",131054,2289.277
41045,"Malheur County, Oregon",30983,9887.71
41047,"Marion County, Oregon",349204,1181.097
41049,"Morrow County, Oregon",11700,2030.529
41051,"Multnomah County, Oregon",815637,431.159
41053,"Polk County, Oregon",87744,740.924
41055,"Sherman County, Oregon",1801,823.614
41057,"Tillamook County, Oregon",27442,1102.369
41059,"Umatilla County, Oregon",77752,3215.448
41061,"Union County, Oregon",26551,2036.941
41063,"Wallowa County, Oregon",7181,3145.897
41065,"Wasco County, Oregon",26403,2381.136
41067,"Washington County, Oregon",603514,724.272
41069,"Wheeler County, Oregon",1387,1716.021
41071,"Yamhill County, Oregon",107664,715.942
42001,"Adams County, Pennsylvania",102742,518.69
42003,"Allegheny County, Pennsylvania",1211358,729.954
42005,"Armstrong County, Pennsylvania",64162,653.321
42007,"Beaver County, Pennsylvania",162575,434.695
42009,"Bedford County, Pennsylvania",47817,1012.241
42011,"Berks County, Pennsylvania",421017,856.403
42013,"Blair County, Pennsylvania",121007,525.276
42015,"Bradford County, Pennsylvania",60221,1147.474
42017,"Bucks County, Pennsylvania",627987,604.367
42019,"Butler County, Pennsylvania",189135,789.486
42021,"Cambria County, Pennsylvania",128672,687.51
42023,"Cameron County, Pennsylvania",4330,396.233
42025,"Carbon County, Pennsylvania",64081,381.324
42027,"Centre County, Pennsylvania",161496,1108.708
42029,"Chester County, Pennsylvania",526759,750.546
42031,"Clarion County, Pennsylvania",38305,600.835
42033,"Clearfield County, Pennsylvania",78612,1145.325
42035,"Clinton County, Pennsylvania",37957,887.984
42037,"Columbia County, Pennsylvania",64842,483.212
42039,"Crawford County, Pennsylvania",83697,1012.355
42041,"Cumberland County, Pennsylvania",255857,545.48
42043,"Dauphin County, Pennsylvania",279874,524.87
42045,"Delaware County, Pennsylvania",566753,183.815
42047,"Elk County, Pennsylvania",29607,826.901
42049,"Erie County, Pennsylvania",268426,798.913
42051,"Fayette County, Pennsylvania",128126,790.758
42053,"Forest County, Pennsylvania",6965,427.259
42055,"Franklin County, Pennsylvania",155637,772.299
42057,"Fulton County, Pennsylvania",14501,437.551
42059,"Greene County, Pennsylvania",35621,575.932
42061,"Huntingdon County, Pennsylvania",44590,874.652
42063,"Indiana County, Pennsylvania",83664,827.404
42065,"Jefferson County, Pennsylvania",43108,652.435
42067,"Juniata County, Pennsylvania",24619,391.391
42069,"Lackawanna County, Pennsylvania",208989,459.013
42071,"Lancaster County, Pennsylvania",546192,943.924
42073,"Lawrence County, Pennsylvania",85083,357.365
42075,"Lebanon County, Pennsylvania",141663,361.835
42077,"Lehigh County, Pennsylvania",370802,345.332
42079,"Luzerne County, Pennsylvania",316982,889.663
42081,"Lycoming County, Pennsylvania",113209,1228.92
42083,"McKean County, Pennsylvania",40333,979.694
42085,"Mercer County, Pennsylvania",108545,672.52
42087,"Mifflin County, Pennsylvania",46064,411.045
42089,"Monroe County, Pennsylvania",170154,608.357
42091,"Montgomery County, Pennsylvania",833869,482.971
42093,"Montour County, Pennsylvania",18042,130.241
42095,"Northampton County, Pennsylvania",305892,369.788
42097,"Northumberland County, Pennsylvania",90258,457.664
42099,"Perry County, Pennsylvania",46212,551.449
42101,"Philadelphia County, Pennsylvania",1578487,134.356
42103,"Pike County, Pennsylvania",56072,544.895
42105,"Potter County, Pennsylvania",16453,1081.249
42107,"Schuylkill County, Pennsylvania",140709,778.579
42109,"Snyder County, Pennsylvania",40317,328.784
42111,"Somerset County, Pennsylvania",72916,1075.047
42113,"Sullivan County, Pennsylvania",5913,449.939
42115,"Susquehanna County, Pennsylvania",40006,823.498
42117,"Tioga County, Pennsylvania",40381,1133.805
42119,"Union County, Pennsylvania",44294,315.952
42121,"Venango County, Pennsylvania",50328,674.265
42123,"Warren County, Pennsylvania",38911,884.282
42125,"Washington County, Pennsylvania",206803,857.01
42127,"Wayne County, Pennsylvania",51163,725.769
42129,"Westmoreland County, Pennsylvania",347087,1027.712
42131,"Wyoming County, Pennsylvania",26557,397.376
42133,"York County, Pennsylvania",450448,904.366
44001,"Bristol County, Rhode Island",48350,24.132
44003,"Kent County, Rhode Island",164646,168.566
44005,"Newport County, Rhode Island",81836,102.431
44007,"Providence County, Rhode Island",636547,409.482
44009,"Washington County, Rhode Island",125746,329.279
45001,"Abbeville County, South Carolina",24404,491.193
45003,"Aiken County, South Carolina",172895,1070.688
45005,"Allendale County, South Carolina",8331,408.095
45007,"Anderson County, South Carolina",204353,713.854
45009,"Bamberg County, South Carolina",13906,393.367
45011,"Barnwell County, South Carolina",20805,548.379
45013,"Beaufort County, South Carolina",195656,576.037
45015,"Berkeley County, South Carolina",235987,1103.62
45017,"Calhoun County, South Carolina",14554,381.152
45019,"Charleston County, South Carolina",417981,917.979
45021,"Cherokee County, South Carolina",57316,392.964
45023,"Chester County, South Carolina",32232,580.661
45025,"Chesterfield County, South Carolina",45606,798.986
45027,"Clarendon County, South Carolina",33415,607.206
45029,"Colleton County, South Carolina",37481,1056.504
45031,"Darlington County, South Carolina",66509,560.588
45033,"Dillon County, South Carolina",30367,405.067
45035,"Dorchester County, South Carolina",165737,568.594
45037,"Edgefield County, South Carolina",27120,500.71
45039,"Fairfield County, South Carolina",22059,686.305
45041,"Florence County, South Carolina",137588,800.505
45043,"Georgetown County, South Carolina",63353,813.612
45045,"Greenville County, South Carolina",532486,785.933
45047,"Greenwood County, South Carolina",71074,455.604
45049,"Hampton County, South Carolina",18053,559.975
45051,"Horry County, South Carolina",365449,1133.306
45053,"Jasper County, South Carolina",31588,655.16
45055,"Kershaw County, South Carolina",67472,726.612
45057,"Lancaster County, South Carolina",100926,549.068
45059,"Laurens County, South Carolina",67883,712.87
45061,"Lee County, South Carolina",16701,410.184
45063,"Lexington County, South Carolina",303946,698.998
45065,"McCormick County, South Carolina",9430,358.866
45067,"Marion County, South Carolina",30158,489.372
45069,"Marlboro County, South Carolina",25581,479.874
45071,"Newberry County, South Carolina",38445,630.293
45073,"Oconee County, South Carolina",80015,626.556
45075,"Orangeburg County, South Carolina",85343,1106.375
45077,"Pickens County, South Carolina",127983,496.94
45079,"Richland County, South Carolina",419051,757.279
45081,"Saluda County, South Carolina",20315,452.715
45083,"Spartanburg County, South Carolina",326205,808.373
45085,"Sumter County, South Carolina",106360,665.078
45087,"Union County, South Carolina",26991,513.585
45089,"Williamsburg County, South Carolina",29825,934.166
45091,"York County, South Carolina",289105,681.034
46003,"Aurora County, South Dakota",2730,708.46
46005,"Beadle County, South Dakota",18513,1258.698
46007,"Bennett County, South Dakota",3399,1184.642
46009,"Bon Homme County, South Dakota",6848,563.549
46011,"Brookings County, South Dakota",35603,792.217
46013,"Brown County, South Dakota",38738,1713.03
46015,"Brule County, South Dakota",5254,817.222
46017,"Buffalo County, South Dakota",1956,471.405
46019,"Butte County, South Dakota",10538,2250.01
46021,"Campbell County, South Dakota",1380,733.677
46023,"Charles Mix County, South Dakota",9262,1097.488
46025,"Clark County, South Dakota",3802,957.512
46027,"Clay County, South Dakota",14246,412.031
46029,"Codington County, South Dakota",28186,687.585
46031,"Corson County, South Dakota",4031,2469.694
46033,"Custer County, South Dakota",9017,1556.943
46035,"Davison County, South Dakota",19812,435.633
46037,"Day County, South Dakota",5345,1028.489
46039,"Deuel County, South Dakota",4346,622.739
46041,"Dewey County, South Dakota",5789,2302.376
46043,"Douglas County, South Dakota",2906,431.801
46045,"Edmunds County, South Dakota",3817,1125.98
46047,"Fall River County, South Dakota",6708,1739.889
46049,"Faulk County, South Dakota",2306,981.713
46051,"Grant County, South Dakota",7000,681.446
46053,"Gregory County, South Dakota",4219,1014.95
46055,"Haakon County, South Dakota",1861,1810.541
46057,"Hamlin County, South Dakota",6234,507.019
46059,"Hand County, South Dakota",3127,1436.633
46061,"Hanson County, South Dakota",3489,434.582
46063,"Harding County, South Dakota",1311,2671.57
46065,"Hughes County, South Dakota",17336,741.527
46067,"Hutchinson County, South Dakota",7282,813.013
46069,"Hyde County, South Dakota",1281,860.629
46071,"Jackson County, South Dakota",3321,1863.883
46073,"Jerauld County, South Dakota",1985,526.133
46075,"Jones County, South Dakota",938,969.672
46077,"Kingsbury County, South Dakota",4987,832.237
46079,"Lake County, South Dakota",12488,562.891
46081,"Lawrence County, South Dakota",26221,800.053
46083,"Lincoln County, South Dakota",63019,577.293
46085,"Lyman County, South Dakota",3797,1642.285
46087,"McCook County, South Dakota",5520,574.205
46089,"McPherson County, South Dakota",2363,1136.668
46091,"Marshall County, South Dakota",4884,838.081
46093,"Meade County, South Dakota",28588,3470.934
46095,"Mellette County, South Dakota",2089,1307.325
46097,"Miner County, South Dakota",2202,570.17
46099,"Minnehaha County, South Dakota",196659,806.838
46101,"Moody County, South Dakota",6525,519.379
46102,"Oglala Lakota County, South Dakota",14070,2093.601
46103,"Pennington County, South Dakota",115926,2776.765
46105,"Perkins County, South Dakota",2832,2870.46
46107,"Potter County, South Dakota",2163,861.138
46109,"Roberts County, South Dakota",10331,1101.055
46111,"Sanborn County, South Dakota",2322,569.242
46115,"Spink County, South Dakota",6319,1503.499
46117,"Stanley County, South Dakota",3121,1444.432
46119,"Sully County, South Dakota",1391,1006.727
46121,"Todd County, South Dakota",10313,1388.595
46123,"Tripp County, South Dakota",5377,1612.458
46125,"Turner County, South Dakota",8368,617.064
46127,"Union County, South Dakota",16192,460.757
46129,"Walworth County, South Dakota",5336,708.642
46135,"Yankton County, South Dakota",22742,521.189
46137,"Ziebach County, South Dakota",2656,1961.248
47001,"Anderson County, Tennessee",77558,337.203
47003,"Bedford County, Tennessee",50179,473.639
47005,"Benton County, Tennessee",16131,394.306
47007,"Bledsoe County, Tennessee",15223,406.555
47009,"Blount County, Tennessee",134751,558.82
47011,"Bradley County, Tennessee",109071,328.762
47013,"Campbell County, Tennessee",39837,480.19
47015,"Cannon County, Tennessee",14847,265.635
47017,"Carroll County, Tennessee",27779,597.658
47019,"Carter County, Tennessee",56418,341.258
47021,"Cheatham County, Tennessee",41101,302.503
47023,"Chester County, Tennessee",17432,285.736
47025,"Claiborne County, Tennessee",32023,434.604
47027,"Clay County, Tennessee",7629,236.537
47029,"Cocke County, Tennessee",36225,436.135
47031,"Coffee County, Tennessee",57632,428.964
47033,"Crockett County, Tennessee",14180,265.528
47035,"Cumberland County, Tennessee",61603,681.306
47037,"Davidson County, Tennessee",694176,503.695
47039,"Decatur County, Tennessee",11601,333.878
47041,"DeKalb County, Tennessee",20837,304.415
47043,"Dickson County, Tennessee",54376,489.898
47045,"Dyer County, Tennessee",36693,512.351
47047,"Fayette County, Tennessee",41620,704.775
47049,"Fentress County, Tennessee",18787,498.607
47051,"Franklin County, Tennessee",42485,554.497
47053,"Gibson County, Tennessee",49159,602.745
47055,"Giles County, Tennessee",29530,610.931
47057,"Grainger County, Tennessee",23565,280.587
47059,"Greene County, Tennessee",69571,622.169
47061,"Grundy County, Tennessee",13485,360.444
47063,"Hamblen County, Tennessee",65110,161.188
47065,"Hamilton County, Tennessee",371662,542.164
47067,"Hancock County, Tennessee",6493,222.324
47069,"Hardeman County, Tennessee",24836,667.768
47071,"Hardin County, Tennessee",25583,577.484
47073,"Hawkins County, Tennessee",56775,487.056
47075,"Haywood County, Tennessee",17002,533.107
47077,"Henderson County, Tennessee",28076,520.009
47079,"Henry County, Tennessee",32056,561.902
47081,"Hickman County, Tennessee",25387,612.483
47083,"Houston County, Tennessee",8292,200.294
47085,"Humphreys County, Tennessee",18590,530.763
47087,"Jackson County, Tennessee",11864,308.798
47089,"Jefferson County, Tennessee",55307,275.073
47091,"Johnson County, Tennessee",17849,298.44
47093,"Knox County, Tennessee",475609,508.332
47095,"Lake County, Tennessee",6988,165.785
47097,"Lauderdale County, Tennessee",25451,471.895
47099,"Lawrence County, Tennessee",44432,617.13
47101,"Lewis County, Tennessee",12363,282.092
47103,"Lincoln County, Tennessee",34540,570.342
47105,"Loudon County, Tennessee",54910,229.272
47107,"McMinn County, Tennessee",54208,430.117
47109,"McNairy County, Tennessee",25696,562.842
47111,"Macon County, Tennessee",24827,307.144
47113,"Madison County, Tennessee",98360,557.174
47115,"Marion County, Tennessee",28924,498.254
47117,"Marshall County, Tennessee",35016,375.462
47119,"Maury County, Tennessee",99590,613.139
47121,"Meigs County, Tennessee",12532,195.135
47123,"Monroe County, Tennessee",47177,635.774
47125,"Montgomery County, Tennessee",214251,539.169
47127,"Moore County, Tennessee",6438,129.223
47129,"Morgan County, Tennessee",21431,522.18
47131,"Obion County, Tennessee",30131,544.847
47133,"Overton County, Tennessee",22566,433.485
47135,"Perry County, Tennessee",8099,414.762
47137,"Pickett County, Tennessee",5061,162.979
47139,"Polk County, Tennessee",16835,434.605
47141,"Putnam County, Tennessee",80929,401.106
47143,"Rhea County, Tennessee",33443,315.473
47145,"Roane County, Tennessee",53841,360.763
47147,"Robertson County, Tennessee",72275,476.336
47149,"Rutherford County, Tennessee",339261,619.267
47151,"Scott County, Tennessee",22090,532.301
47153,"Sequatchie County, Tennessee",15176,265.851
47155,"Sevier County, Tennessee",99244,592.489
47157,"Shelby County, Tennessee",936017,760.554
47159,"Smith County, Tennessee",20285,314.295
47161,"Stewart County, Tennessee",13859,459.776
47163,"Sullivan County, Tennessee",158755,413.442
47165,"Sumner County, Tennessee",195561,529.459
47167,"Tipton County, Tennessee",61918,455.611
47169,"Trousdale County, Tennessee",11455,114.342
47171,"Unicoi County, Tennessee",17755,186.064
47173,"Union County, Tennessee",20187,223.583
47175,"Van Buren County, Tennessee",5947,273.415
47177,"Warren County, Tennessee",41605,432.673
47179,"Washington County, Tennessee",130367,326.49
47181,"Wayne County, Tennessee",16524,734.109
47183,"Weakley County, Tennessee",33334,580.353
47185,"White County, Tennessee",27707,376.678
47187,"Williamson County, Tennessee",245348,582.863
47189,"Wilson County, Tennessee",148130,570.871
48001,"Anderson County, Texas",57805,1062.617
48003,"Andrews County, Texas",18879,1500.721
48005,"Angelina County, Texas",86796,797.865
48007,"Aransas County, Texas",23814,252.069
48009,"Archer County, Texas",8730,903.289
48011,"Armstrong County, Texas",1869,909.123
48013,"Atascosa County, Texas",51724,1219.541
48015,"Austin County, Texas",29972,646.496
48017,"Bailey County, Texas",6697,826.972
48019,"Bandera County, Texas",23861,790.994
48021,"Bastrop County, Texas",91601,888.228
48023,"Baylor County, Texas",3518,867.481
48025,"Bee County, Texas",32513,880.239
48027,"Bell County, Texas",369927,1053.831
48029,"Bexar County, Texas",2026823,1240.32
48031,"Blanco County, Texas",12269,709.252
48033,"Borden County, Texas",706,897.443
48035,"Bosque County, Texas",18603,982.981
48037,"Bowie County, Texas",93481,884.934
48039,"Brazoria County, Texas",380518,1363.326
48041,"Brazos County, Texas",232555,586.138
48043,"Brewster County, Texas",9237,6183.763
48045,"Briscoe County, Texas",1487,900.001
48047,"Brooks County, Texas",6964,943.355
48049,"Brown County, Texas",37633,944.452
48051,"Burleson County, Texas",18514,659.082
48053,"Burnet County, Texas",49653,994.802
48055,"Caldwell County, Texas",43979,544.541
48057,"Calhoun County, Texas",21001,506.937
48059,"Callahan County, Texas",14110,899.372
48061,"Cameron County, Texas",424180,891.71
48063,"Camp County, Texas",13060,195.847
48065,"Carson County, Texas",5854,920.235
48067,"Cass County, Texas",29879,936.948
48069,"Castro County, Texas",7396,894.444
48071,"Chambers County, Texas",45590,597.078
48073,"Cherokee County, Texas",52875,1052.955
48075,"Childress County, Texas",7143,696.511
48077,"Clay County, Texas",10550,1088.759
48079,"Cochran County, Texas",2897,775.082
48081,"Coke County, Texas",3323,911.646
48083,"Coleman County, Texas",8100,1262.914
48085,"Collin County, Texas",1072069,841.255
48087,"Collingsworth County, Texas",2877,918.441
48089,"Colorado County, Texas",21610,960.291
48091,"Comal County, Texas",164812,559.528
48093,"Comanche County, Texas",13750,937.753
48095,"Concho County, Texas",2827,983.755
48097,"Cooke County, Texas",41393,874.826
48099,"Coryell County, Texas",76737,1052.248
48101,"Cottle County, Texas",1363,900.564
48103,"Crane County, Texas",4765,785.069
48105,"Crockett County, Texas",3513,2807.324
48107,"Crosby County, Texas",5567,900.199
48109,"Culberson County, Texas",2149,3812.156
48111,"Dallam County, Texas",7273,1503.132
48113,"Dallas County, Texas",2635888,873.055
48115,"Dawson County, Texas",12974,900.306
48117,"Deaf Smith County, Texas",18277,1496.822
48119,"Delta County, Texas",5349,256.832
48121,"Denton County, Texas",919324,878.505
48123,"DeWitt County, Texas",20174,908.976
48125,"Dickens County, Texas",2140,901.724
48127,"Dimmit County, Texas",9925,1328.885
48129,"Donley County, Texas",3308,926.906
48131,"Duval County, Texas",11058,1793.477
48133,"Eastland County, Texas",18388,926.508
48135,"Ector County, Texas",167701,897.858
48137,"Edwards County, Texas",1923,2117.872
48139,"Ellis County, Texas",191760,935.748
48141,"El Paso County, Texas",841286,1013.234
48143,"Erath County, Texas",43224,1083.179
48145,"Falls County, Texas",17275,765.495
48147,"Fannin County, Texas",35913,890.835
48149,"Fayette County, Texas",25547,949.934
48151,"Fisher County, Texas",3784,898.951
48153,"Floyd County, Texas",5672,992.143
48155,"Foard County, Texas",1135,704.397
48157,"Fort Bend County, Texas",839706,861.717
48159,"Franklin County, Texas",10821,284.391
48161,"Freestone County, Texas",19874,877.731
48163,"Frio County, Texas",20379,1133.501
48165,"Gaines County, Texas",21996,1502.363
48167,"Galveston County, Texas",345089,379.286
48169,"Garza County, Texas",6222,893.416
48171,"Gillespie County, Texas",26960,1058.202
48173,"Glasscock County, Texas",1439,900.218
48175,"Goliad County, Texas",7626,852.011
48177,"Gonzales County, Texas",20948,1066.686
48179,"Gray County, Texas",21658,925.974
48181,"Grayson County, Texas",138318,932.836
48183,"Gregg County, Texas",124229,273.38
48185,"Grimes County, Texas",29614,787.466
48187,"Guadalupe County, Texas",170608,711.253
48189,"Hale County, Texas",32754,1004.68
48191,"Hall County, Texas",2939,883.492
48193,"Hamilton County, Texas",8557,835.915
48195,"Hansford County, Texas",5279,919.81
48197,"Hardeman County, Texas",4011,695.114
48199,"Hardin County, Texas",58305,890.588
48201,"Harris County, Texas",4738253,1706.964
48203,"Harrison County, Texas",66386,900.059
48205,"Hartley County, Texas",5443,1461.951
48207,"Haskell County, Texas",5754,903.133
48209,"Hays County, Texas",241365,676.85
48211,"Hemphill County, Texas",3777,906.286
48213,"Henderson County, Texas",83792,873.781
48215,"Hidalgo County, Texas",875200,1570.957
48217,"Hill County, Texas",37006,958.855
48219,"Hockley County, Texas",22921,908.392
48221,"Hood County, Texas",63527,420.69
48223,"Hopkins County, Texas",37170,767.431
48225,"Houston County, Texas",22835,1231.001
48227,"Howard County, Texas",36540,900.791
48229,"Hudspeth County, Texas",4906,4570.525
48231,"Hunt County, Texas",99807,840.416
48233,"Hutchinson County, Texas",20677,887.42
48235,"Irion County, Texas",1564,1051.544
48237,"Jack County, Texas",9056,910.972
48239,"Jackson County, Texas",14854,829.443
48241,"Jasper County, Texas",35375,938.655
48243,"Jeff Davis County, Texas",2220,2264.556
48245,"Jefferson County, Texas",250127,876.762
48247,"Jim Hogg County, Texas",5184,1136.173
48249,"Jim Wells County, Texas",40452,865.176
48251,"Johnson County, Texas",179575,724.782
48253,"Jones County, Texas",19875,928.605
48255,"Karnes County, Texas",15562,747.752
48257,"Kaufman County, Texas",143198,780.785
48259,"Kendall County, Texas",48523,662.454
48261,"Kenedy County, Texas",379,1458.562
48263,"Kent County, Texas",786,902.507
48265,"Kerr County, Texas",52869,1103.332
48267,"Kimble County, Texas",4396,1250.98
48269,"King County, Texas",283,910.873
48271,"Kinney County, Texas",3670,1360.533
48273,"Kleberg County, Texas",30338,881.306
48275,"Knox County, Texas",3683,850.621
48277,"Lamar County, Texas",49905,907.331
48279,"Lamb County, Texas",12710,1016.181
48281,"Lampasas County, Texas",21789,712.528
48283,"La Salle County, Texas",7500,1486.704
48285,"Lavaca County, Texas",20216,969.709
48287,"Lee County, Texas",17397,629.04
48289,"Leon County, Texas",17493,1073.156
48291,"Liberty County, Texas",91547,1158.353
48293,"Limestone County, Texas",23340,905.43
48295,"Lipscomb County, Texas",3111,932.214
48297,"Live Oak County, Texas",12324,1039.695
48299,"Llano County, Texas",21958,934.064
48301,"Loving County, Texas",181,668.818
48303,"Lubbock County, Texas",314772,895.602
48305,"Lynn County, Texas",6025,891.867
48307,"McCulloch County, Texas",7823,1065.601
48309,"McLennan County, Texas",259730,1036.655
48311,"McMullen County, Texas",721,1139.799
48313,"Madison County, Texas",14427,466.065
48315,"Marion County, Texas",9960,380.902
48317,"Martin County, Texas",5816,914.956
48319,"Mason County, Texas",4344,928.836
48321,"Matagorda County, Texas",36725,1092.918
48323,"Maverick County, Texas",58378,1279.473
48325,"Medina County, Texas",52358,1325.36
48327,"Menard County, Texas",2124,902.027
48329,"Midland County, Texas",177863,900.358
48331,"Milam County, Texas",24708,1016.356
48333,"Mills County, Texas",4840,748.225
48335,"Mitchell County, Texas",8202,911.09
48337,"Montague County, Texas",19962,930.906
48339,"Montgomery County, Texas",626351,1042.181
48341,"Moore County, Texas",20654,899.698
48343,"Morris County, Texas",12393,251.989
48345,"Motley County, Texas",1185,989.566
48347,"Nacogdoches County, Texas",64753,946.324
48349,"Navarro County, Texas",50694,1009.702
48351,"Newton County, Texas",13414,933.677
48353,"Nolan County, Texas",14835,911.997
48355,"Nueces County, Texas",363148,839.065
48357,"Ochiltree County, Texas",9598,917.685
48359,"Oldham County, Texas",2135,1500.523
48361,"Orange County, Texas",82878,333.786
48363,"Palo Pinto County, Texas",29320,952.549
48365,"Panola County, Texas",23187,811.355
48367,"Parker County, Texas",148198,903.72
48369,"Parmer County, Texas",9522,880.82
48371,"Pecos County, Texas",15718,4763.835
48373,"Polk County, Texas",52995,1057.045
48375,"Potter County, Texas",116004,908.39
48377,"Presidio County, Texas",6508,3855.252
48379,"Rains County, Texas",12552,229.453
48381,"Randall County, Texas",139899,912.711
48383,"Reagan County, Texas",3833,1175.314
48385,"Real County, Texas",3411,699.159
48387,"Red River County, Texas",11995,1043.896
48389,"Reeves County, Texas",15949,2635.354
48391,"Refugio County, Texas",6877,770.484
48393,"Roberts County, Texas",813,924.058
48395,"Robertson County, Texas",17155,855.155
48397,"Rockwall County, Texas",109888,127.206
48399,"Runnels County, Texas",10401,1051.07
48401,"Rusk County, Texas",54324,924.199
48403,"Sabine County, Texas",10507,491.71
48405,"San Augustine County, Texas",8248,530.659
48407,"San Jacinto County, Texas",29301,569.243
48409,"San Patricio County, Texas",67069,693.436
48411,"San Saba County, Texas",6039,1135.313
48413,"Schleicher County, Texas",2761,1310.642
48415,"Scurry County, Texas",16662,905.445
48417,"Shackelford County, Texas",3300,914.286
48419,"Shelby County, Texas",24915,795.589
48421,"Sherman County, Texas",3027,922.86
48423,"Smith County, Texas",235806,921.473
48425,"Somervell County, Texas",9139,186.377
48427,"Starr County, Texas",64266,1223.179
48429,"Stephens County, Texas",9334,896.721
48431,"Sterling County, Texas",1315,923.449
48433,"Stonewall County, Texas",1348,916.313
48435,"Sutton County, Texas",3738,1453.935
48437,"Swisher County, Texas",7340,890.16
48439,"Tarrant County, Texas",2123347,865.285
48441,"Taylor County, Texas",139200,915.536
48443,"Terrell County, Texas",702,2357.958
48445,"Terry County, Texas",12183,888.839
48447,"Throckmorton County, Texas",1487,912.552
48449,"Titus County, Texas",32926,406.064
48451,"Tom Green County, Texas",120010,1522.001
48453,"Travis County, Texas",1300503,994.053
48455,"Trinity County, Texas",14883,693.795
48457,"Tyler County, Texas",21591,924.39
48459,"Upshur County, Texas",42166,582.98
48461,"Upton County, Texas",3623,1241.323
48463,"Uvalde County, Texas",26742,1551.921
48465,"Val Verde County, Texas",49028,3144.75
48467,"Van Zandt County, Texas",57533,842.572
48469,"Victoria County, Texas",91936,882.106
48471,"Walker County, Texas",72164,784.222
48473,"Waller County, Texas",57452,513.296
48475,"Ward County, Texas",12097,835.603
48477,"Washington County, Texas",35771,604.194
48479,"Webb County, Texas",277681,3361.478
48481,"Wharton County, Texas",41685,1086.142
48483,"Wheeler County, Texas",4946,914.533
48485,"Wichita County, Texas",133205,627.594
48487,"Wilbarger County, Texas",12552,970.946
48489,"Willacy County, Texas",21161,590.602
48491,"Williamson County, Texas",617855,1115.833
48493,"Wilson County, Texas",52023,803.734
48495,"Winkler County, Texas",7887,841.269
48497,"Wise County, Texas",71084,904.394
48499,"Wood County, Texas",46291,645.243
48501,"Yoakum County, Texas",8702,799.715
48503,"Young County, Texas",17904,914.498
48505,"Zapata County, Texas",14172,998.412
48507,"Zavala County, Texas",11840,1297.407
49001,"Beaver County, Utah",6761,2582.901
49003,"Box Elder County, Utah",57007,5745.597
49005,"Cache County, Utah",130004,1164.726
49007,"Carbon County, Utah",20760,1479.184
49009,"Daggett County, Utah",1026,696.986
49011,"Davis County, Utah",359232,299.067
49013,"Duchesne County, Utah",19894,3235.344
49015,"Emery County, Utah",10147,4462.277
49017,"Garfield County, Utah",5050,5175.149
49019,"Grand County, Utah",9796,3672.744
49021,"Iron County, Utah",56814,3296.337
49023,"Juab County, Utah",12122,3391.679
49025,"Kane County, Utah",7914,3989.946
49027,"Millard County, Utah",13327,6785.5
49029,"Morgan County, Utah",12462,609.169
49031,"Piute County, Utah",1473,758.438
49033,"Rich County, Utah",2452,1028.847
49035,"Salt Lake County, Utah",1165517,742.07
49037,"San Juan County, Utah",15278,7819.795
49039,"Sanpete County, Utah",31393,1589.931
49041,"Sevier County, Utah",21780,1910.434
49043,"Summit County, Utah",42499,1870.579
49045,"Tooele County, Utah",74512,6941.946
49047,"Uintah County, Utah",35970,4482.383
49049,"Utah County, Utah",651059,2004.08
49051,"Wasatch County, Utah",35300,1177.014
49053,"Washington County, Utah",184913,2427.439
49055,"Wayne County, Utah",2759,2461.02
49057,"Weber County, Utah",262658,576.272
50001,"Addison County, Vermont",36851,766.108
50003,"Bennington County, Vermont",35338,674.807
50005,"Caledonia County, Vermont",29705,648.757
50007,"Chittenden County, Vermont",164306,537.283
50009,"Essex County, Vermont",6123,662.539
50011,"Franklin County, Vermont",49685,630.676
50013,"Grand Isle County, Vermont",7169,81.769
50015,"Lamoille County, Vermont",25341,462.253
50017,"Orange County, Vermont",28837,687.191
50019,"Orleans County, Vermont",26897,694.514
50021,"Rutland County, Vermont",57764,929.723
50023,"Washington County, Vermont",58328,686.578
50025,"Windham County, Vermont",42015,785.466
50027,"Windsor County, Vermont",54988,969.784
51001,"Accomack County, Virginia",32238,449.317
51003,"Albemarle County, Virginia",110652,720.472
51005,"Alleghany County, Virginia",14701,446.572
51007,"Amelia County, Virginia",13014,355.36
51009,"Amherst County, Virginia",31667,473.962
51011,"Appomattox County, Virginia",16043,334.224
51013,"Arlington County, Virginia",240119,25.997
51015,"Augusta County, Virginia",76544,967.074
51017,"Bath County, Virginia",4119,529.202
51019,"Bedford County, Virginia",79811,760.104
51021,"Bland County, Virginia",6239,357.651
51023,"Botetourt County, Virginia",33633,541.276
51025,"Brunswick County, Virginia",16037,566.234
51027,"Buchanan County, Virginia",20613,502.854
51029,"Buckingham County, Virginia",17168,579.623
51031,"Campbell County, Virginia",55304,503.207
51033,"Caroline County, Virginia",30860,527.363
51035,"Carroll County, Virginia",30074,474.744
51036,"Charles City County, Virginia",6821,182.901
51037,"Charlotte County, Virginia",11820,475.296
51041,"Chesterfield County, Virginia",358245,423.506
51043,"Clarke County, Virginia",14622,175.933
51045,"Craig County, Virginia",5077,328.098
51047,"Culpeper County, Virginia",53569,379.187
51049,"Cumberland County, Virginia",9933,297.474
51051,"Dickenson County, Virginia",14078,330.451
51053,"Dinwiddie County, Virginia",28688,503.886
51057,"Essex County, Virginia",10943,257.335
51059,"Fairfax County, Virginia",1150847,391.021
51061,"Fauquier County, Virginia",71361,647.994
51063,"Floyd County, Virginia",15777,380.923
51065,"Fluvanna County, Virginia",27422,287.117
51067,"Franklin County, Virginia",56167,690.61
51069,"Frederick County, Virginia",91119,413.135
51071,"Giles County, Virginia",16663,357.224
51073,"Gloucester County, Virginia",37459,217.81
51075,"Goochland County, Virginia",24431,282.029
51077,"Grayson County, Virginia",15493,441.785
51079,"Greene County, Virginia",20131,155.947
51081,"Greensville County, Virginia",11280,295.227
51083,"Halifax County, Virginia",33633,817.731
51085,"Hanover County, Virginia",108262,467.626
51087,"Henrico County, Virginia",333766,233.675
51089,"Henry County, Virginia",50309,382.351
51091,"Highland County, Virginia",2200,415.163
51093,"Isle of Wight County, Virginia",37725,315.685
51095,"James City County, Virginia",77612,142.298
51097,"King and Queen County, Virginia",6942,315.149
51099,"King George County, Virginia",27381,179.628
51101,"King William County, Virginia",17641,273.91
51103,"Lancaster County, Virginia",10618,133.306
51105,"Lee County, Virginia",23238,435.378
51107,"Loudoun County, Virginia",422784,515.738
51109,"Louisa County, Virginia",38132,495.047
51111,"Lunenburg County, Virginia",12267,431.7
51113,"Madison County, Virginia",13312,320.638
51115,"Mathews County, Virginia",8766,85.911
51117,"Mecklenburg County, Virginia",30679,625.31
51119,"Middlesex County, Virginia",10569,130.33
51121,"Montgomery County, Virginia",98391,386.847
51125,"Nelson County, Virginia",14755,470.745
51127,"New Kent County, Virginia",23648,210.035
51131,"Northampton County, Virginia",11673,211.712
51133,"Northumberland County, Virginia",12069,191.432
51135,"Nottoway County, Virginia",15160,314.39
51137,"Orange County, Virginia",37695,341.078
51139,"Page County, Virginia",23933,310.021
51141,"Patrick County, Virginia",17493,482.954
51143,"Pittsylvania County, Virginia",59850,969.003
51145,"Powhatan County, Virginia",30148,260.202
51147,"Prince Edward County, Virginia",23006,349.946
51149,"Prince George County, Virginia",38686,265.342
51153,"Prince William County, Virginia",475533,335.256
51155,"Pulaski County, Virginia",33935,319.839
51157,"Rappahannock County, Virginia",7260,266.372
51159,"Richmond County, Virginia",9071,191.478
51161,"Roanoke County, Virginia",94509,250.548
51163,"Rockbridge County, Virginia",22757,596.543
51165,"Rockingham County, Virginia",82346,849.789
51167,"Russell County, Virginia",26647,473.524
51169,"Scott County, Virginia",21629,535.827
51171,"Shenandoah County, Virginia",43905,508.079
51173,"Smyth County, Virginia",30090,451.44
51175,"Southampton County, Virginia",17636,599.196
51177,"Spotsylvania County, Virginia",138449,401.412
51179,"Stafford County, Virginia",156748,269.205
51181,"Surry County, Virginia",6385,278.949
51183,"Sussex County, Virginia",10925,490.226
51185,"Tazewell County, Virginia",40529,518.791
51187,"Warren County, Virginia",40475,214.597
51191,"Washington County, Virginia",53695,561.193
51193,"Westmoreland County, Virginia",18149,229.326
51195,"Wise County, Virginia",37206,403.44
51197,"Wythe County, Virginia",28620,461.952
51199,"York County, Virginia",69199,104.707
51510,"Alexandria city, Virginia",158726,14.935
51520,"Bristol city, Virginia",17329,12.871
51530,"Buena Vista city, Virginia",6402,6.438
51540,"Charlottesville city, Virginia",46950,10.245
51550,"Chesapeake city, Virginia",247011,338.456
51570,"Colonial Heights city, Virginia",17205,7.519
51580,"Covington city, Virginia",5639,5.469
51590,"Danville city, Virginia",39869,42.797
51595,"Emporia city, Virginia",5257,6.904
51600,"Fairfax city, Virginia",23429,6.24
51610,"Falls Church city, Virginia",14631,2.046
51620,"Franklin city, Virginia",7833,8.277
51630,"Fredericksburg city, Virginia",29492,10.45
51640,"Galax city, Virginia",6296,8.236
51650,"Hampton city, Virginia",135464,51.461
51660,"Harrisonburg city, Virginia",53204,17.339
51670,"Hopewell city, Virginia",22375,10.354
51678,"Lexington city, Virginia",7279,2.499
51680,"Lynchburg city, Virginia",81561,48.976
51683,"Manassas city, Virginia",40869,9.843
51685,"Manassas Park city, Virginia",18004,3.034
51690,"Martinsville city, Virginia",12355,10.956
51700,"Newport News city, Virginia",179062,68.989
51710,"Norfolk city, Virginia",242803,53.275
51720,"Norton city, Virginia",3985,7.477
51730,"Petersburg city, Virginia",30446,22.72
51735,"Poquoson city, Virginia",12257,15.357
51740,"Portsmouth city, Virginia",95094,33.301
51750,"Radford city, Virginia",18255,9.676
51760,"Richmond city, Virginia",232226,59.925
51770,"Roanoke city, Virginia",99058,42.521
51775,"Salem city, Virginia",25340,14.515
51790,"Staunton city, Virginia",25190,19.92
51800,"Suffolk city, Virginia",93913,399.16
51810,"Virginia Beach city, Virginia",451231,244.723
51820,"Waynesboro city, Virginia",22741,14.97
51830,"Williamsburg city, Virginia",15259,8.938
51840,"Winchester city, Virginia",27700,9.193
53001,"Adams County, Washington",20027,1924.989
53003,"Asotin County, Washington",22820,636.075
53005,"Benton County, Washington",206426,1700.128
53007,"Chelan County, Washington",77574,2921.178
53009,"Clallam County, Washington",78067,1738.741
53011,"Clark County, Washington",496865,628.494
53013,"Columbia County, Washington",4048,868.585
53015,"Cowlitz County, Washington",111371,1141.159
53017,"Douglas County, Washington",43560,1819.244
53019,"Ferry County, Washington",7759,2203.241
53021,"Franklin County, Washington",97075,1241.596
53023,"Garfield County, Washington",2290,710.835
53025,"Grant County, Washington",99377,2679.55
53027,"Grays Harbor County, Washington",75950,1901.474
53029,"Island County, Washington",86014,208.474
53031,"Jefferson County, Washington",32700,1803.728
53033,"King County, Washington",2274315,2115.229
53035,"Kitsap County, Washington",272787,395.102
53037,"Kittitas County, Washington",49204,2297.28
53039,"Klickitat County, Washington",22697,1871.636
53041,"Lewis County, Washington",82109,2402.782
53043,"Lincoln County, Washington",11090,2310.598
53045,"Mason County, Washington",68224,959.548
53047,"Okanogan County, Washington",42620,5266.201
53049,"Pacific County, Washington",22984,933.609
53051,"Pend Oreille County, Washington",14144,1400.245
53053,"Pierce County, Washington",913890,1667.963
53055,"San Juan County, Washington",17492,173.913
53057,"Skagit County, Washington",130789,1730.246
53059,"Skamania County, Washington",12107,1658.284
53061,"Snohomish County, Washington",830393,2086.525
53063,"Spokane County, Washington",528225,1764.22
53065,"Stevens County, Washington",46360,2477.098
53067,"Thurston County, Washington",294074,722.496
53069,"Wahkiakum County, Washington",4498,262.926
53071,"Walla Walla County, Washington",61292,1270.033
53073,"Whatcom County, Washington",231016,2107.918
53075,"Whitman County, Washington",49500,2159.262
53077,"Yakima County, Washington",251879,4294.512
54001,"Barbour County, West Virginia",16444,341.059
54003,"Berkeley County, West Virginia",122125,321.147
54005,"Boone County, West Virginia",21055,501.534
54007,"Braxton County, West Virginia",13702,510.735
54009,"Brooke County, West Virginia",21674,89.196
54011,"Cabell County, West Virginia",91589,281.023
54013,"Calhoun County, West Virginia",6945,279.25
54015,"Clay County, West Virginia",8341,341.939
54017,"Doddridge County, West Virginia",8368,319.723
54019,"Fayette County, West Virginia",42062,661.613
54021,"Gilmer County, West Virginia",7811,338.503
54023,"Grant County, West Virginia",11510,477.372
54025,"Greenbrier County, West Virginia",34319,1019.813
54027,"Hampshire County, West Virginia",23190,640.402
54029,"Hancock County, West Virginia",28571,82.609
54031,"Hardy County, West Virginia",13633,582.315
54033,"Harrison County, West Virginia",66870,416.008
54035,"Jackson County, West Virginia",28453,464.359
54037,"Jefferson County, West Virginia",57486,209.296
54039,"Kanawha County, West Virginia",176253,901.648
54041,"Lewis County, West Virginia",15805,386.93
54043,"Lincoln County, West Virginia",20043,437.093
54045,"Logan County, West Virginia",31688,453.717
54047,"McDowell County, West Virginia",16916,533.458
54049,"Marion County, West Virginia",55962,308.753
54051,"Marshall County, West Virginia",30103,305.431
54053,"Mason County, West Virginia",26335,430.768
54055,"Mercer County, West Virginia",58258,418.962
54057,"Mineral County, West Virginia",26722,327.882
54059,"Mingo County, West Virginia",22951,423.14
54061,"Monongalia County, West Virginia",106819,360.092
54063,"Monroe County, West Virginia",13229,472.754
54065,"Morgan County, West Virginia",17873,229.073
54067,"Nicholas County, West Virginia",24340,646.846
54069,"Ohio County, West Virginia",41182,105.83
54071,"Pendleton County, West Virginia",6932,696.05
54073,"Pleasants County, West Virginia",7438,130.119
54075,"Pocahontas County, West Virginia",8190,940.239
54077,"Preston County, West Virginia",33380,648.814
54079,"Putnam County, West Virginia",56428,345.679
54081,"Raleigh County, West Virginia",72920,605.359
54083,"Randolph County, West Virginia",28387,1039.7
54085,"Ritchie County, West Virginia",9499,451.99
54087,"Roane County, West Virginia",13482,483.563
54089,"Summers County, West Virginia",12444,360.592
54091,"Taylor County, West Virginia",16699,172.771
54093,"Tucker County, West Virginia",6816,419.044
54095,"Tyler County, West Virginia",8533,256.302
54097,"Upshur County, West Virginia",24230,354.638
54099,"Wayne County, West Virginia",39054,506.005
54101,"Webster County, West Virginia",8058,553.47
54103,"Wetzel County, West Virginia",14904,358.067
54105,"Wirt County, West Virginia",5705,232.511
54107,"Wood County, West Virginia",82938,366.5
54109,"Wyoming County, West Virginia",20123,499.47
55001,"Adams County, Wisconsin",20498,645.646
55003,"Ashland County, Wisconsin",15415,1044.97
55005,"Barron County, Wisconsin",45090,863.047
55007,"Bayfield County, Wisconsin",15242,1477.874
55009,"Brown County, Wisconsin",264610,530.092
55011,"Buffalo County, Wisconsin",13033,675.791
55013,"Burnett County, Wisconsin",15557,821.561
55015,"Calumet County, Wisconsin",50209,318.25
55017,"Chippewa County, Wisconsin",64737,1008.355
55019,"Clark County, Wisconsin",34720,1209.698
55021,"Columbia County, Wisconsin",57668,765.547
55023,"Crawford County, Wisconsin",16021,570.648
55025,"Dane County, Wisconsin",552536,1196.492
55027,"Dodge County, Wisconsin",87336,875.699
55029,"Door County, Wisconsin",27889,481.963
55031,"Douglas County, Wisconsin",43702,1304.271
55033,"Dunn County, Wisconsin",45452,850.159
55035,"Eau Claire County, Wisconsin",105260,637.922
55037,"Florence County, Wisconsin",4298,488.123
55039,"Fond du Lac County, Wisconsin",102902,719.566
55041,"Forest County, Wisconsin",8960,1014.244
55043,"Grant County, Wisconsin",51021,1146.879
55045,"Green County, Wisconsin",36603,584.044
55047,"Green Lake County, Wisconsin",18908,349.544
55049,"Iowa County, Wisconsin",23640,762.698
55051,"Iron County, Wisconsin",5698,758.209
55053,"Jackson County, Wisconsin",20630,987.915
55055,"Jefferson County, Wisconsin",85038,556.492
55057,"Juneau County, Wisconsin",26908,767.081
55059,"Kenosha County, Wisconsin",169671,271.837
55061,"Kewaunee County, Wisconsin",20386,342.454
55063,"La Crosse County, Wisconsin",118502,451.804
55065,"Lafayette County, Wisconsin",16646,633.588
55067,"Langlade County, Wisconsin",19119,870.698
55069,"Lincoln County, Wisconsin",27566,878.704
55071,"Manitowoc County, Wisconsin",78757,589.306
55073,"Marathon County, Wisconsin",135593,1545.195
55075,"Marinette County, Wisconsin",40262,1399.466
55077,"Marquette County, Wisconsin",15585,455.712
55078,"Menominee County, Wisconsin",4546,357.615
55079,"Milwaukee County, Wisconsin",945016,241.482
55081,"Monroe County, Wisconsin",46582,900.904
55083,"Oconto County, Wisconsin",38383,997.481
55085,"Oneida County, Wisconsin",35751,1113.944
55087,"Outagamie County, Wisconsin",188766,637.557
55089,"Ozaukee County, Wisconsin",90043,233.018
55091,"Pepin County, Wisconsin",7271,232.007
55093,"Pierce County, Wisconsin",42700,574.018
55095,"Polk County, Wisconsin",43794,914.32
55097,"Portage County, Wisconsin",71032,800.874
55099,"Price County, Wisconsin",13245,1254.055
55101,"Racine County, Wisconsin",195802,332.642
55103,"Richland County, Wisconsin",17258,586.15
55105,"Rock County, Wisconsin",163084,718.167
55107,"Rusk County, Wisconsin",14022,913.553
55109,"St. Croix County, Wisconsin",91838,722.158
55111,"Sauk County, Wisconsin",64449,831.543
55113,"Sawyer County, Wisconsin",16700,1257.607
55115,"Shawano County, Wisconsin",40786,893.225
55117,"Sheboygan County, Wisconsin",115240,511.528
55119,"Taylor County, Wisconsin",20318,975.052
55121,"Trempealeau County, Wisconsin",29681,732.97
55123,"Vernon County, Wisconsin",30861,791.562
55125,"Vilas County, Wisconsin",22356,857.709
55127,"Walworth County, Wisconsin",103953,555.388
55129,"Washburn County, Wisconsin",15712,797.114
55131,"Washington County, Wisconsin",136445,430.644
55133,"Waukesha County, Wisconsin",406172,549.72
55135,"Waupaca County, Wisconsin",50664,747.695
55137,"Waushara County, Wisconsin",24326,626.161
55139,"Winnebago County, Wisconsin",171631,434.697
55141,"Wood County, Wisconsin",72560,793.038
56001,"Albany County, Wyoming",38950,4274.327
56003,"Big Horn County, Wyoming",11575,3136.957
56005,"Campbell County, Wyoming",46676,4802.065
56007,"Carbon County, Wyoming",14711,7897.803
56009,"Converse County, Wyoming",13804,4254.995
56011,"Crook County, Wyoming",7593,2854.48
56013,"Fremont County, Wyoming",39317,9183.59
56015,"Goshen County, Wyoming",13235,2225.613
56017,"Hot Springs County, Wyoming",4425,2004.431
56019,"Johnson County, Wyoming",8588,4154.152
56021,"Laramie County, Wyoming",100595,2685.864
56023,"Lincoln County, Wyoming",20253,4075.337
56025,"Natrona County, Wyoming",80815,5340.538
56027,"Niobrara County, Wyoming",2275,2626.028
56029,"Park County, Wyoming",29331,6939.039
56031,"Platte County, Wyoming",8578,2081.459
56033,"Sheridan County, Wyoming",30863,2523.361
56035,"Sublette County, Wyoming",9856,4886.482
56037,"Sweetwater County, Wyoming",42673,10426.98
56039,"Teton County, Wyoming",23497,3996.849
56041,"Uinta County, Wyoming",20215,2081.721
56043,"Washakie County, Wyoming",7760,2238.679
56045,"Weston County, Wyoming",6743,2398.005
02261,"Valdez-Cordova area, Alaska (combined)",9346,34221.975
