section,cluster,cluster_name,count
Part 1: General Information,0,Academic requirements & procedures,0
Part 1: General Information,1,"History, China & global cultures",0
Part 1: General Information,2,Language learning & communication,0
Part 1: General Information,3,"University life, transfer & study away",3
Part 1: General Information,4,"Arts, media & writing",0
Part 1: General Information,5,"Society, economics & public policy",0
Part 1: General Information,6,"Biology, chemistry & health",0
Part 1: General Information,7,"Computing, mathematics & applied sciences",0
Mission Statement,0,Academic requirements & procedures,0
Mission Statement,1,"History, China & global cultures",0
Mission Statement,2,Language learning & communication,0
Mission Statement,3,"University life, transfer & study away",1
Mission Statement,4,"Arts, media & writing",0
Mission Statement,5,"Society, economics & public policy",0
Mission Statement,6,"Biology, chemistry & health",0
Mission Statement,7,"Computing, mathematics & applied sciences",0
Statement on Diversity and Inclusion,0,Academic requirements & procedures,0
Statement on Diversity and Inclusion,1,"History, China & global cultures",0
Statement on Diversity and Inclusion,2,Language learning & communication,0
Statement on Diversity and Inclusion,3,"University life, transfer & study away",1
Statement on Diversity and Inclusion,4,"Arts, media & writing",0
Statement on Diversity and Inclusion,5,"Society, economics & public policy",0
Statement on Diversity and Inclusion,6,"Biology, chemistry & health",0
Statement on Diversity and Inclusion,7,"Computing, mathematics & applied sciences",0
Who We Are,0,Academic requirements & procedures,0
Who We Are,1,"History, China & global cultures",0
Who We Are,2,Language learning & communication,0
Who We Are,3,"University life, transfer & study away",6
Who We Are,4,"Arts, media & writing",0
Who We Are,5,"Society, economics & public policy",0
Who We Are,6,"Biology, chemistry & health",0
Who We Are,7,"Computing, mathematics & applied sciences",0
Partners,0,Academic requirements & procedures,0
Partners,1,"History, China & global cultures",1
Partners,2,Language learning & communication,1
Partners,3,"University life, transfer & study away",5
Partners,4,"Arts, media & writing",1
Partners,5,"Society, economics & public policy",0
Partners,6,"Biology, chemistry & health",0
Partners,7,"Computing, mathematics & applied sciences",0
Duke Kunshan University Community Standard,0,Academic requirements & procedures,0
Duke Kunshan University Community Standard,1,"History, China & global cultures",0
Duke Kunshan University Community Standard,2,Language learning & communication,0
Duke Kunshan University Community Standard,3,"University life, transfer & study away",1
Duke Kunshan University Community Standard,4,"Arts, media & writing",0
Duke Kunshan University Community Standard,5,"Society, economics & public policy",0
Duke Kunshan University Community Standard,6,"Biology, chemistry & health",0
Duke Kunshan University Community Standard,7,"Computing, mathematics & applied sciences",0
A 21st Century Curriculum,0,Academic requirements & procedures,0
A 21st Century Curriculum,1,"History, China & global cultures",0
A 21st Century Curriculum,2,Language learning & communication,0
A 21st Century Curriculum,3,"University life, transfer & study away",1
A 21st Century Curriculum,4,"Arts, media & writing",0
A 21st Century Curriculum,5,"Society, economics & public policy",0
A 21st Century Curriculum,6,"Biology, chemistry & health",0
A 21st Century Curriculum,7,"Computing, mathematics & applied sciences",0
A Liberal Arts College Experience,0,Academic requirements & procedures,0
A Liberal Arts College Experience,1,"History, China & global cultures",0
A Liberal Arts College Experience,2,Language learning & communication,0
A Liberal Arts College Experience,3,"University life, transfer & study away",1
A Liberal Arts College Experience,4,"Arts, media & writing",0
A Liberal Arts College Experience,5,"Society, economics & public policy",0
A Liberal Arts College Experience,6,"Biology, chemistry & health",0
A Liberal Arts College Experience,7,"Computing, mathematics & applied sciences",0
Dual Degrees,0,Academic requirements & procedures,0
Dual Degrees,1,"History, China & global cultures",0
Dual Degrees,2,Language learning & communication,0
Dual Degrees,3,"University life, transfer & study away",1
Dual Degrees,4,"Arts, media & writing",0
Dual Degrees,5,"Society, economics & public policy",0
Dual Degrees,6,"Biology, chemistry & health",0
Dual Degrees,7,"Computing, mathematics & applied sciences",0
Animating Principles,0,Academic requirements & procedures,0
Animating Principles,1,"History, China & global cultures",1
Animating Principles,2,Language learning & communication,0
Animating Principles,3,"University life, transfer & study away",1
Animating Principles,4,"Arts, media & writing",4
Animating Principles,5,"Society, economics & public policy",2
Animating Principles,6,"Biology, chemistry & health",0
Animating Principles,7,"Computing, mathematics & applied sciences",0
Overview,0,Academic requirements & procedures,0
Overview,1,"History, China & global cultures",0
Overview,2,Language learning & communication,0
Overview,3,"University life, transfer & study away",3
Overview,4,"Arts, media & writing",2
Overview,5,"Society, economics & public policy",0
Overview,6,"Biology, chemistry & health",0
Overview,7,"Computing, mathematics & applied sciences",0
Key Components,0,Academic requirements & procedures,3
Key Components,1,"History, China & global cultures",0
Key Components,2,Language learning & communication,0
Key Components,3,"University life, transfer & study away",3
Key Components,4,"Arts, media & writing",0
Key Components,5,"Society, economics & public policy",0
Key Components,6,"Biology, chemistry & health",0
Key Components,7,"Computing, mathematics & applied sciences",0
Degree Requirements,0,Academic requirements & procedures,7
Degree Requirements,1,"History, China & global cultures",0
Degree Requirements,2,Language learning & communication,7
Degree Requirements,3,"University life, transfer & study away",11
Degree Requirements,4,"Arts, media & writing",3
Degree Requirements,5,"Society, economics & public policy",0
Degree Requirements,6,"Biology, chemistry & health",0
Degree Requirements,7,"Computing, mathematics & applied sciences",4
Principles of Selection,0,Academic requirements & procedures,0
Principles of Selection,1,"History, China & global cultures",0
Principles of Selection,2,Language learning & communication,0
Principles of Selection,3,"University life, transfer & study away",2
Principles of Selection,4,"Arts, media & writing",0
Principles of Selection,5,"Society, economics & public policy",0
Principles of Selection,6,"Biology, chemistry & health",0
Principles of Selection,7,"Computing, mathematics & applied sciences",0
Application Timelines,0,Academic requirements & procedures,0
Application Timelines,1,"History, China & global cultures",0
Application Timelines,2,Language learning & communication,1
Application Timelines,3,"University life, transfer & study away",1
Application Timelines,4,"Arts, media & writing",0
Application Timelines,5,"Society, economics & public policy",0
Application Timelines,6,"Biology, chemistry & health",0
Application Timelines,7,"Computing, mathematics & applied sciences",0
Application Requirements,0,Academic requirements & procedures,1
Application Requirements,1,"History, China & global cultures",0
Application Requirements,2,Language learning & communication,1
Application Requirements,3,"University life, transfer & study away",1
Application Requirements,4,"Arts, media & writing",0
Application Requirements,5,"Society, economics & public policy",0
Application Requirements,6,"Biology, chemistry & health",0
Application Requirements,7,"Computing, mathematics & applied sciences",0
Scholarships and Financial Aid,0,Academic requirements & procedures,1
Scholarships and Financial Aid,1,"History, China & global cultures",0
Scholarships and Financial Aid,2,Language learning & communication,0
Scholarships and Financial Aid,3,"University life, transfer & study away",4
Scholarships and Financial Aid,4,"Arts, media & writing",0
Scholarships and Financial Aid,5,"Society, economics & public policy",0
Scholarships and Financial Aid,6,"Biology, chemistry & health",0
Scholarships and Financial Aid,7,"Computing, mathematics & applied sciences",0
Tuition and Fees,0,Academic requirements & procedures,1
Tuition and Fees,1,"History, China & global cultures",0
Tuition and Fees,2,Language learning & communication,0
Tuition and Fees,3,"University life, transfer & study away",1
Tuition and Fees,4,"Arts, media & writing",0
Tuition and Fees,5,"Society, economics & public policy",0
Tuition and Fees,6,"Biology, chemistry & health",0
Tuition and Fees,7,"Computing, mathematics & applied sciences",0
Estimated Expenses,0,Academic requirements & procedures,8
Estimated Expenses,1,"History, China & global cultures",0
Estimated Expenses,2,Language learning & communication,5
Estimated Expenses,3,"University life, transfer & study away",1
Estimated Expenses,4,"Arts, media & writing",0
Estimated Expenses,5,"Society, economics & public policy",0
Estimated Expenses,6,"Biology, chemistry & health",0
Estimated Expenses,7,"Computing, mathematics & applied sciences",0
Refund,0,Academic requirements & procedures,11
Refund,1,"History, China & global cultures",0
Refund,2,Language learning & communication,0
Refund,3,"University life, transfer & study away",0
Refund,4,"Arts, media & writing",0
Refund,5,"Society, economics & public policy",0
Refund,6,"Biology, chemistry & health",0
Refund,7,"Computing, mathematics & applied sciences",0
Academic Integrity,0,Academic requirements & procedures,3
Academic Integrity,1,"History, China & global cultures",0
Academic Integrity,2,Language learning & communication,0
Academic Integrity,3,"University life, transfer & study away",2
Academic Integrity,4,"Arts, media & writing",0
Academic Integrity,5,"Society, economics & public policy",0
Academic Integrity,6,"Biology, chemistry & health",0
Academic Integrity,7,"Computing, mathematics & applied sciences",0
Entrance Credit and Placement,0,Academic requirements & procedures,1
Entrance Credit and Placement,1,"History, China & global cultures",0
Entrance Credit and Placement,2,Language learning & communication,6
Entrance Credit and Placement,3,"University life, transfer & study away",8
Entrance Credit and Placement,4,"Arts, media & writing",0
Entrance Credit and Placement,5,"Society, economics & public policy",0
Entrance Credit and Placement,6,"Biology, chemistry & health",0
Entrance Credit and Placement,7,"Computing, mathematics & applied sciences",0
Transfer of Work Taken Elsewhere,0,Academic requirements & procedures,1
Transfer of Work Taken Elsewhere,1,"History, China & global cultures",0
Transfer of Work Taken Elsewhere,2,Language learning & communication,0
Transfer of Work Taken Elsewhere,3,"University life, transfer & study away",10
Transfer of Work Taken Elsewhere,4,"Arts, media & writing",0
Transfer of Work Taken Elsewhere,5,"Society, economics & public policy",0
Transfer of Work Taken Elsewhere,6,"Biology, chemistry & health",0
Transfer of Work Taken Elsewhere,7,"Computing, mathematics & applied sciences",0
Class Level,0,Academic requirements & procedures,0
Class Level,1,"History, China & global cultures",0
Class Level,2,Language learning & communication,0
Class Level,3,"University life, transfer & study away",1
Class Level,4,"Arts, media & writing",0
Class Level,5,"Society, economics & public policy",0
Class Level,6,"Biology, chemistry & health",0
Class Level,7,"Computing, mathematics & applied sciences",0
Time Limit for Completing Undergraduate Degree,0,Academic requirements & procedures,0
Time Limit for Completing Undergraduate Degree,1,"History, China & global cultures",0
Time Limit for Completing Undergraduate Degree,2,Language learning & communication,0
Time Limit for Completing Undergraduate Degree,3,"University life, transfer & study away",1
Time Limit for Completing Undergraduate Degree,4,"Arts, media & writing",0
Time Limit for Completing Undergraduate Degree,5,"Society, economics & public policy",0
Time Limit for Completing Undergraduate Degree,6,"Biology, chemistry & health",0
Time Limit for Completing Undergraduate Degree,7,"Computing, mathematics & applied sciences",0
Registration,0,Academic requirements & procedures,6
Registration,1,"History, China & global cultures",0
Registration,2,Language learning & communication,1
Registration,3,"University life, transfer & study away",1
Registration,4,"Arts, media & writing",0
Registration,5,"Society, economics & public policy",0
Registration,6,"Biology, chemistry & health",0
Registration,7,"Computing, mathematics & applied sciences",0
Undergraduate Course Load,0,Academic requirements & procedures,14
Undergraduate Course Load,1,"History, China & global cultures",0
Undergraduate Course Load,2,Language learning & communication,0
Undergraduate Course Load,3,"University life, transfer & study away",1
Undergraduate Course Load,4,"Arts, media & writing",0
Undergraduate Course Load,5,"Society, economics & public policy",0
Undergraduate Course Load,6,"Biology, chemistry & health",0
Undergraduate Course Load,7,"Computing, mathematics & applied sciences",0
Eligibility for Courses,0,Academic requirements & procedures,1
Eligibility for Courses,1,"History, China & global cultures",0
Eligibility for Courses,2,Language learning & communication,1
Eligibility for Courses,3,"University life, transfer & study away",1
Eligibility for Courses,4,"Arts, media & writing",0
Eligibility for Courses,5,"Society, economics & public policy",0
Eligibility for Courses,6,"Biology, chemistry & health",0
Eligibility for Courses,7,"Computing, mathematics & applied sciences",0
Course Repeat,0,Academic requirements & procedures,4
Course Repeat,1,"History, China & global cultures",0
Course Repeat,2,Language learning & communication,0
Course Repeat,3,"University life, transfer & study away",2
Course Repeat,4,"Arts, media & writing",0
Course Repeat,5,"Society, economics & public policy",0
Course Repeat,6,"Biology, chemistry & health",0
Course Repeat,7,"Computing, mathematics & applied sciences",0
Course Audit,0,Academic requirements & procedures,1
Course Audit,1,"History, China & global cultures",0
Course Audit,2,Language learning & communication,0
Course Audit,3,"University life, transfer & study away",1
Course Audit,4,"Arts, media & writing",0
Course Audit,5,"Society, economics & public policy",0
Course Audit,6,"Biology, chemistry & health",0
Course Audit,7,"Computing, mathematics & applied sciences",0
Two-Credit Writing Courses,0,Academic requirements & procedures,0
Two-Credit Writing Courses,1,"History, China & global cultures",0
Two-Credit Writing Courses,2,Language learning & communication,1
Two-Credit Writing Courses,3,"University life, transfer & study away",0
Two-Credit Writing Courses,4,"Arts, media & writing",0
Two-Credit Writing Courses,5,"Society, economics & public policy",0
Two-Credit Writing Courses,6,"Biology, chemistry & health",0
Two-Credit Writing Courses,7,"Computing, mathematics & applied sciences",0
Common Core Courses,0,Academic requirements & procedures,2
Common Core Courses,1,"History, China & global cultures",0
Common Core Courses,2,Language learning & communication,0
Common Core Courses,3,"University life, transfer & study away",0
Common Core Courses,4,"Arts, media & writing",0
Common Core Courses,5,"Society, economics & public policy",0
Common Core Courses,6,"Biology, chemistry & health",0
Common Core Courses,7,"Computing, mathematics & applied sciences",0
Independent Studies,0,Academic requirements & procedures,2
Independent Studies,1,"History, China & global cultures",0
Independent Studies,2,Language learning & communication,0
Independent Studies,3,"University life, transfer & study away",0
Independent Studies,4,"Arts, media & writing",0
Independent Studies,5,"Society, economics & public policy",0
Independent Studies,6,"Biology, chemistry & health",0
Independent Studies,7,"Computing, mathematics & applied sciences",0
Submission of Term Paper,0,Academic requirements & procedures,1
Submission of Term Paper,1,"History, China & global cultures",0
Submission of Term Paper,2,Language learning & communication,0
Submission of Term Paper,3,"University life, transfer & study away",0
Submission of Term Paper,4,"Arts, media & writing",0
Submission of Term Paper,5,"Society, economics & public policy",0
Submission of Term Paper,6,"Biology, chemistry & health",0
Submission of Term Paper,7,"Computing, mathematics & applied sciences",0
Declaration of Major,0,Academic requirements & procedures,0
Declaration of Major,1,"History, China & global cultures",0
Declaration of Major,2,Language learning & communication,0
Declaration of Major,3,"University life, transfer & study away",2
Declaration of Major,4,"Arts, media & writing",0
Declaration of Major,5,"Society, economics & public policy",0
Declaration of Major,6,"Biology, chemistry & health",0
Declaration of Major,7,"Computing, mathematics & applied sciences",0
Class Attendance and Missed Work,0,Academic requirements & procedures,3
Class Attendance and Missed Work,1,"History, China & global cultures",0
Class Attendance and Missed Work,2,Language learning & communication,0
Class Attendance and Missed Work,3,"University life, transfer & study away",0
Class Attendance and Missed Work,4,"Arts, media & writing",0
Class Attendance and Missed Work,5,"Society, economics & public policy",0
Class Attendance and Missed Work,6,"Biology, chemistry & health",0
Class Attendance and Missed Work,7,"Computing, mathematics & applied sciences",0
Class Scheduling,0,Academic requirements & procedures,1
Class Scheduling,1,"History, China & global cultures",0
Class Scheduling,2,Language learning & communication,0
Class Scheduling,3,"University life, transfer & study away",0
Class Scheduling,4,"Arts, media & writing",0
Class Scheduling,5,"Society, economics & public policy",0
Class Scheduling,6,"Biology, chemistry & health",0
Class Scheduling,7,"Computing, mathematics & applied sciences",0
Incomplete Coursework and Excused Absence from Final Exam,0,Academic requirements & procedures,4
Incomplete Coursework and Excused Absence from Final Exam,1,"History, China & global cultures",0
Incomplete Coursework and Excused Absence from Final Exam,2,Language learning & communication,0
Incomplete Coursework and Excused Absence from Final Exam,3,"University life, transfer & study away",0
Incomplete Coursework and Excused Absence from Final Exam,4,"Arts, media & writing",0
Incomplete Coursework and Excused Absence from Final Exam,5,"Society, economics & public policy",0
Incomplete Coursework and Excused Absence from Final Exam,6,"Biology, chemistry & health",0
Incomplete Coursework and Excused Absence from Final Exam,7,"Computing, mathematics & applied sciences",0
Final Examinations,0,Academic requirements & procedures,3
Final Examinations,1,"History, China & global cultures",0
Final Examinations,2,Language learning & communication,0
Final Examinations,3,"University life, transfer & study away",0
Final Examinations,4,"Arts, media & writing",0
Final Examinations,5,"Society, economics & public policy",0
Final Examinations,6,"Biology, chemistry & health",0
Final Examinations,7,"Computing, mathematics & applied sciences",0
Signature Work and Capstone Courses,0,Academic requirements & procedures,2
Signature Work and Capstone Courses,1,"History, China & global cultures",0
Signature Work and Capstone Courses,2,Language learning & communication,0
Signature Work and Capstone Courses,3,"University life, transfer & study away",0
Signature Work and Capstone Courses,4,"Arts, media & writing",0
Signature Work and Capstone Courses,5,"Society, economics & public policy",0
Signature Work and Capstone Courses,6,"Biology, chemistry & health",0
Signature Work and Capstone Courses,7,"Computing, mathematics & applied sciences",0
Grading and Grade Requirements,0,Academic requirements & procedures,16
Grading and Grade Requirements,1,"History, China & global cultures",0
Grading and Grade Requirements,2,Language learning & communication,2
Grading and Grade Requirements,3,"University life, transfer & study away",5
Grading and Grade Requirements,4,"Arts, media & writing",0
Grading and Grade Requirements,5,"Society, economics & public policy",0
Grading and Grade Requirements,6,"Biology, chemistry & health",0
Grading and Grade Requirements,7,"Computing, mathematics & applied sciences",0
Progress toward Degree,0,Academic requirements & procedures,5
Progress toward Degree,1,"History, China & global cultures",0
Progress toward Degree,2,Language learning & communication,0
Progress toward Degree,3,"University life, transfer & study away",1
Progress toward Degree,4,"Arts, media & writing",0
Progress toward Degree,5,"Society, economics & public policy",0
Progress toward Degree,6,"Biology, chemistry & health",0
Progress toward Degree,7,"Computing, mathematics & applied sciences",0
"Academic Warning, Probation, and Suspension for Students in the Class of 2024",0,Academic requirements & procedures,11
"Academic Warning, Probation, and Suspension for Students in the Class of 2024",1,"History, China & global cultures",0
"Academic Warning, Probation, and Suspension for Students in the Class of 2024",2,Language learning & communication,0
"Academic Warning, Probation, and Suspension for Students in the Class of 2024",3,"University life, transfer & study away",0
"Academic Warning, Probation, and Suspension for Students in the Class of 2024",4,"Arts, media & writing",0
"Academic Warning, Probation, and Suspension for Students in the Class of 2024",5,"Society, economics & public policy",0
"Academic Warning, Probation, and Suspension for Students in the Class of 2024",6,"Biology, chemistry & health",0
"Academic Warning, Probation, and Suspension for Students in the Class of 2024",7,"Computing, mathematics & applied sciences",0
"Academic Warning, Probation, and Suspension for Students in the Class of 2025 and Beyond",0,Academic requirements & procedures,10
"Academic Warning, Probation, and Suspension for Students in the Class of 2025 and Beyond",1,"History, China & global cultures",0
"Academic Warning, Probation, and Suspension for Students in the Class of 2025 and Beyond",2,Language learning & communication,0
"Academic Warning, Probation, and Suspension for Students in the Class of 2025 and Beyond",3,"University life, transfer & study away",0
"Academic Warning, Probation, and Suspension for Students in the Class of 2025 and Beyond",4,"Arts, media & writing",0
"Academic Warning, Probation, and Suspension for Students in the Class of 2025 and Beyond",5,"Society, economics & public policy",0
"Academic Warning, Probation, and Suspension for Students in the Class of 2025 and Beyond",6,"Biology, chemistry & health",0
"Academic Warning, Probation, and Suspension for Students in the Class of 2025 and Beyond",7,"Computing, mathematics & applied sciences",0
Changes in Status,0,Academic requirements & procedures,10
Changes in Status,1,"History, China & global cultures",0
Changes in Status,2,Language learning & communication,0
Changes in Status,3,"University life, transfer & study away",6
Changes in Status,4,"Arts, media & writing",0
Changes in Status,5,"Society, economics & public policy",0
Changes in Status,6,"Biology, chemistry & health",0
Changes in Status,7,"Computing, mathematics & applied sciences",0
Academic Recognition and Honors,0,Academic requirements & procedures,2
Academic Recognition and Honors,1,"History, China & global cultures",0
Academic Recognition and Honors,2,Language learning & communication,0
Academic Recognition and Honors,3,"University life, transfer & study away",2
Academic Recognition and Honors,4,"Arts, media & writing",0
Academic Recognition and Honors,5,"Society, economics & public policy",0
Academic Recognition and Honors,6,"Biology, chemistry & health",0
Academic Recognition and Honors,7,"Computing, mathematics & applied sciences",0
Notification of Intention to Graduate,0,Academic requirements & procedures,0
Notification of Intention to Graduate,1,"History, China & global cultures",0
Notification of Intention to Graduate,2,Language learning & communication,0
Notification of Intention to Graduate,3,"University life, transfer & study away",1
Notification of Intention to Graduate,4,"Arts, media & writing",0
Notification of Intention to Graduate,5,"Society, economics & public policy",0
Notification of Intention to Graduate,6,"Biology, chemistry & health",0
Notification of Intention to Graduate,7,"Computing, mathematics & applied sciences",0
Graduation and Commencement,0,Academic requirements & procedures,1
Graduation and Commencement,1,"History, China & global cultures",0
Graduation and Commencement,2,Language learning & communication,0
Graduation and Commencement,3,"University life, transfer & study away",0
Graduation and Commencement,4,"Arts, media & writing",0
Graduation and Commencement,5,"Society, economics & public policy",0
Graduation and Commencement,6,"Biology, chemistry & health",0
Graduation and Commencement,7,"Computing, mathematics & applied sciences",0
Education Records,0,Academic requirements & procedures,1
Education Records,1,"History, China & global cultures",0
Education Records,2,Language learning & communication,0
Education Records,3,"University life, transfer & study away",2
Education Records,4,"Arts, media & writing",0
Education Records,5,"Society, economics & public policy",0
Education Records,6,"Biology, chemistry & health",0
Education Records,7,"Computing, mathematics & applied sciences",0
The Provision of Academic Information to Parents and Guardians,0,Academic requirements & procedures,1
The Provision of Academic Information to Parents and Guardians,1,"History, China & global cultures",0
The Provision of Academic Information to Parents and Guardians,2,Language learning & communication,0
The Provision of Academic Information to Parents and Guardians,3,"University life, transfer & study away",0
The Provision of Academic Information to Parents and Guardians,4,"Arts, media & writing",0
The Provision of Academic Information to Parents and Guardians,5,"Society, economics & public policy",0
The Provision of Academic Information to Parents and Guardians,6,"Biology, chemistry & health",0
The Provision of Academic Information to Parents and Guardians,7,"Computing, mathematics & applied sciences",0
Procedure for Resolution of Students' Academic Concerns,0,Academic requirements & procedures,4
Procedure for Resolution of Students' Academic Concerns,1,"History, China & global cultures",0
Procedure for Resolution of Students' Academic Concerns,2,Language learning & communication,0
Procedure for Resolution of Students' Academic Concerns,3,"University life, transfer & study away",1
Procedure for Resolution of Students' Academic Concerns,4,"Arts, media & writing",0
Procedure for Resolution of Students' Academic Concerns,5,"Society, economics & public policy",0
Procedure for Resolution of Students' Academic Concerns,6,"Biology, chemistry & health",0
Procedure for Resolution of Students' Academic Concerns,7,"Computing, mathematics & applied sciences",0
Grade Review Procedure,0,Academic requirements & procedures,5
Grade Review Procedure,1,"History, China & global cultures",0
Grade Review Procedure,2,Language learning & communication,0
Grade Review Procedure,3,"University life, transfer & study away",1
Grade Review Procedure,4,"Arts, media & writing",0
Grade Review Procedure,5,"Society, economics & public policy",0
Grade Review Procedure,6,"Biology, chemistry & health",0
Grade Review Procedure,7,"Computing, mathematics & applied sciences",0
Exclusion of Disruptive Students from a Course,0,Academic requirements & procedures,2
Exclusion of Disruptive Students from a Course,1,"History, China & global cultures",0
Exclusion of Disruptive Students from a Course,2,Language learning & communication,0
Exclusion of Disruptive Students from a Course,3,"University life, transfer & study away",0
Exclusion of Disruptive Students from a Course,4,"Arts, media & writing",0
Exclusion of Disruptive Students from a Course,5,"Society, economics & public policy",0
Exclusion of Disruptive Students from a Course,6,"Biology, chemistry & health",0
Exclusion of Disruptive Students from a Course,7,"Computing, mathematics & applied sciences",0
Compliance with Academic Regulations,0,Academic requirements & procedures,1
Compliance with Academic Regulations,1,"History, China & global cultures",0
Compliance with Academic Regulations,2,Language learning & communication,0
Compliance with Academic Regulations,3,"University life, transfer & study away",0
Compliance with Academic Regulations,4,"Arts, media & writing",0
Compliance with Academic Regulations,5,"Society, economics & public policy",0
Compliance with Academic Regulations,6,"Biology, chemistry & health",0
Compliance with Academic Regulations,7,"Computing, mathematics & applied sciences",0
Religious Holidays,0,Academic requirements & procedures,0
Religious Holidays,1,"History, China & global cultures",0
Religious Holidays,2,Language learning & communication,0
Religious Holidays,3,"University life, transfer & study away",1
Religious Holidays,4,"Arts, media & writing",0
Religious Holidays,5,"Society, economics & public policy",0
Religious Holidays,6,"Biology, chemistry & health",0
Religious Holidays,7,"Computing, mathematics & applied sciences",0
Part 7: Academic Advising and Support,0,Academic requirements & procedures,1
Part 7: Academic Advising and Support,1,"History, China & global cultures",0
Part 7: Academic Advising and Support,2,Language learning & communication,0
Part 7: Academic Advising and Support,3,"University life, transfer & study away",0
Part 7: Academic Advising and Support,4,"Arts, media & writing",0
Part 7: Academic Advising and Support,5,"Society, economics & public policy",0
Part 7: Academic Advising and Support,6,"Biology, chemistry & health",0
Part 7: Academic Advising and Support,7,"Computing, mathematics & applied sciences",0
Academic Advising,0,Academic requirements & procedures,2
Academic Advising,1,"History, China & global cultures",0
Academic Advising,2,Language learning & communication,0
Academic Advising,3,"University life, transfer & study away",2
Academic Advising,4,"Arts, media & writing",0
Academic Advising,5,"Society, economics & public policy",0
Academic Advising,6,"Biology, chemistry & health",0
Academic Advising,7,"Computing, mathematics & applied sciences",0
Academic Resource Center,0,Academic requirements & procedures,5
Academic Resource Center,1,"History, China & global cultures",0
Academic Resource Center,2,Language learning & communication,0
Academic Resource Center,3,"University life, transfer & study away",0
Academic Resource Center,4,"Arts, media & writing",0
Academic Resource Center,5,"Society, economics & public policy",0
Academic Resource Center,6,"Biology, chemistry & health",0
Academic Resource Center,7,"Computing, mathematics & applied sciences",0
Seven Principles of Duke Kunshan University Academic Advising,0,Academic requirements & procedures,2
Seven Principles of Duke Kunshan University Academic Advising,1,"History, China & global cultures",0
Seven Principles of Duke Kunshan University Academic Advising,2,Language learning & communication,0
Seven Principles of Duke Kunshan University Academic Advising,3,"University life, transfer & study away",0
Seven Principles of Duke Kunshan University Academic Advising,4,"Arts, media & writing",0
Seven Principles of Duke Kunshan University Academic Advising,5,"Society, economics & public policy",0
Seven Principles of Duke Kunshan University Academic Advising,6,"Biology, chemistry & health",0
Seven Principles of Duke Kunshan University Academic Advising,7,"Computing, mathematics & applied sciences",0
Career Services,0,Academic requirements & procedures,2
Career Services,1,"History, China & global cultures",0
Career Services,2,Language learning & communication,0
Career Services,3,"University life, transfer & study away",4
Career Services,4,"Arts, media & writing",0
Career Services,5,"Society, economics & public policy",0
Career Services,6,"Biology, chemistry & health",0
Career Services,7,"Computing, mathematics & applied sciences",1
Student Research Opportunities,0,Academic requirements & procedures,0
Student Research Opportunities,1,"History, China & global cultures",0
Student Research Opportunities,2,Language learning & communication,0
Student Research Opportunities,3,"University life, transfer & study away",3
Student Research Opportunities,4,"Arts, media & writing",0
Student Research Opportunities,5,"Society, economics & public policy",0
Student Research Opportunities,6,"Biology, chemistry & health",0
Student Research Opportunities,7,"Computing, mathematics & applied sciences",0
Study Away,0,Academic requirements & procedures,7
Study Away,1,"History, China & global cultures",0
Study Away,2,Language learning & communication,0
Study Away,3,"University life, transfer & study away",19
Study Away,4,"Arts, media & writing",0
Study Away,5,"Society, economics & public policy",0
Study Away,6,"Biology, chemistry & health",0
Study Away,7,"Computing, mathematics & applied sciences",0
Student Affairs,0,Academic requirements & procedures,0
Student Affairs,1,"History, China & global cultures",0
Student Affairs,2,Language learning & communication,0
Student Affairs,3,"University life, transfer & study away",1
Student Affairs,4,"Arts, media & writing",0
Student Affairs,5,"Society, economics & public policy",0
Student Affairs,6,"Biology, chemistry & health",0
Student Affairs,7,"Computing, mathematics & applied sciences",0
Student Affairs Conceptual Framework,0,Academic requirements & procedures,0
Student Affairs Conceptual Framework,1,"History, China & global cultures",0
Student Affairs Conceptual Framework,2,Language learning & communication,0
Student Affairs Conceptual Framework,3,"University life, transfer & study away",1
Student Affairs Conceptual Framework,4,"Arts, media & writing",0
Student Affairs Conceptual Framework,5,"Society, economics & public policy",0
Student Affairs Conceptual Framework,6,"Biology, chemistry & health",0
Student Affairs Conceptual Framework,7,"Computing, mathematics & applied sciences",0
Residence Life,0,Academic requirements & procedures,1
Residence Life,1,"History, China & global cultures",0
Residence Life,2,Language learning & communication,0
Residence Life,3,"University life, transfer & study away",2
Residence Life,4,"Arts, media & writing",0
Residence Life,5,"Society, economics & public policy",0
Residence Life,6,"Biology, chemistry & health",0
Residence Life,7,"Computing, mathematics & applied sciences",0
Living on Campus - Residence Halls,0,Academic requirements & procedures,1
Living on Campus - Residence Halls,1,"History, China & global cultures",0
Living on Campus - Residence Halls,2,Language learning & communication,0
Living on Campus - Residence Halls,3,"University life, transfer & study away",2
Living on Campus - Residence Halls,4,"Arts, media & writing",0
Living on Campus - Residence Halls,5,"Society, economics & public policy",0
Living on Campus - Residence Halls,6,"Biology, chemistry & health",0
Living on Campus - Residence Halls,7,"Computing, mathematics & applied sciences",0
Diversity & Intercultural Engagement,0,Academic requirements & procedures,0
Diversity & Intercultural Engagement,1,"History, China & global cultures",0
Diversity & Intercultural Engagement,2,Language learning & communication,1
Diversity & Intercultural Engagement,3,"University life, transfer & study away",0
Diversity & Intercultural Engagement,4,"Arts, media & writing",1
Diversity & Intercultural Engagement,5,"Society, economics & public policy",0
Diversity & Intercultural Engagement,6,"Biology, chemistry & health",0
Diversity & Intercultural Engagement,7,"Computing, mathematics & applied sciences",0
Leadership Programs,0,Academic requirements & procedures,0
Leadership Programs,1,"History, China & global cultures",0
Leadership Programs,2,Language learning & communication,0
Leadership Programs,3,"University life, transfer & study away",1
Leadership Programs,4,"Arts, media & writing",0
Leadership Programs,5,"Society, economics & public policy",0
Leadership Programs,6,"Biology, chemistry & health",0
Leadership Programs,7,"Computing, mathematics & applied sciences",0
Campus Engagement,0,Academic requirements & procedures,0
Campus Engagement,1,"History, China & global cultures",0
Campus Engagement,2,Language learning & communication,0
Campus Engagement,3,"University life, transfer & study away",0
Campus Engagement,4,"Arts, media & writing",1
Campus Engagement,5,"Society, economics & public policy",0
Campus Engagement,6,"Biology, chemistry & health",0
Campus Engagement,7,"Computing, mathematics & applied sciences",0
Arts and Culture,0,Academic requirements & procedures,0
Arts and Culture,1,"History, China & global cultures",0
Arts and Culture,2,Language learning & communication,0
Arts and Culture,3,"University life, transfer & study away",1
Arts and Culture,4,"Arts, media & writing",0
Arts and Culture,5,"Society, economics & public policy",0
Arts and Culture,6,"Biology, chemistry & health",0
Arts and Culture,7,"Computing, mathematics & applied sciences",0
Phase II Community Center,0,Academic requirements & procedures,0
Phase II Community Center,1,"History, China & global cultures",0
Phase II Community Center,2,Language learning & communication,0
Phase II Community Center,3,"University life, transfer & study away",0
Phase II Community Center,4,"Arts, media & writing",0
Phase II Community Center,5,"Society, economics & public policy",0
Phase II Community Center,6,"Biology, chemistry & health",0
Phase II Community Center,7,"Computing, mathematics & applied sciences",1
Campus Programs,0,Academic requirements & procedures,0
Campus Programs,1,"History, China & global cultures",0
Campus Programs,2,Language learning & communication,0
Campus Programs,3,"University life, transfer & study away",2
Campus Programs,4,"Arts, media & writing",0
Campus Programs,5,"Society, economics & public policy",0
Campus Programs,6,"Biology, chemistry & health",0
Campus Programs,7,"Computing, mathematics & applied sciences",0
First Year Experience,0,Academic requirements & procedures,0
First Year Experience,1,"History, China & global cultures",0
First Year Experience,2,Language learning & communication,0
First Year Experience,3,"University life, transfer & study away",1
First Year Experience,4,"Arts, media & writing",0
First Year Experience,5,"Society, economics & public policy",0
First Year Experience,6,"Biology, chemistry & health",0
First Year Experience,7,"Computing, mathematics & applied sciences",0
Student Clubs and Organizations,0,Academic requirements & procedures,0
Student Clubs and Organizations,1,"History, China & global cultures",0
Student Clubs and Organizations,2,Language learning & communication,0
Student Clubs and Organizations,3,"University life, transfer & study away",1
Student Clubs and Organizations,4,"Arts, media & writing",0
Student Clubs and Organizations,5,"Society, economics & public policy",0
Student Clubs and Organizations,6,"Biology, chemistry & health",0
Student Clubs and Organizations,7,"Computing, mathematics & applied sciences",0
Student Conduct,0,Academic requirements & procedures,0
Student Conduct,1,"History, China & global cultures",0
Student Conduct,2,Language learning & communication,0
Student Conduct,3,"University life, transfer & study away",1
Student Conduct,4,"Arts, media & writing",0
Student Conduct,5,"Society, economics & public policy",0
Student Conduct,6,"Biology, chemistry & health",0
Student Conduct,7,"Computing, mathematics & applied sciences",0
Athletics & University Sports,0,Academic requirements & procedures,2
Athletics & University Sports,1,"History, China & global cultures",0
Athletics & University Sports,2,Language learning & communication,0
Athletics & University Sports,3,"University life, transfer & study away",3
Athletics & University Sports,4,"Arts, media & writing",0
Athletics & University Sports,5,"Society, economics & public policy",0
Athletics & University Sports,6,"Biology, chemistry & health",0
Athletics & University Sports,7,"Computing, mathematics & applied sciences",0
Counseling and Psychological Services (CAPS),0,Academic requirements & procedures,1
Counseling and Psychological Services (CAPS),1,"History, China & global cultures",0
Counseling and Psychological Services (CAPS),2,Language learning & communication,0
Counseling and Psychological Services (CAPS),3,"University life, transfer & study away",1
Counseling and Psychological Services (CAPS),4,"Arts, media & writing",0
Counseling and Psychological Services (CAPS),5,"Society, economics & public policy",0
Counseling and Psychological Services (CAPS),6,"Biology, chemistry & health",0
Counseling and Psychological Services (CAPS),7,"Computing, mathematics & applied sciences",0
Campus Health Clinic,0,Academic requirements & procedures,0
Campus Health Clinic,1,"History, China & global cultures",0
Campus Health Clinic,2,Language learning & communication,0
Campus Health Clinic,3,"University life, transfer & study away",2
Campus Health Clinic,4,"Arts, media & writing",0
Campus Health Clinic,5,"Society, economics & public policy",0
Campus Health Clinic,6,"Biology, chemistry & health",0
Campus Health Clinic,7,"Computing, mathematics & applied sciences",0
Student Care,0,Academic requirements & procedures,1
Student Care,1,"History, China & global cultures",0
Student Care,2,Language learning & communication,0
Student Care,3,"University life, transfer & study away",1
Student Care,4,"Arts, media & writing",0
Student Care,5,"Society, economics & public policy",0
Student Care,6,"Biology, chemistry & health",0
Student Care,7,"Computing, mathematics & applied sciences",0
Student Accessibility Service Office,0,Academic requirements & procedures,2
Student Accessibility Service Office,1,"History, China & global cultures",0
Student Accessibility Service Office,2,Language learning & communication,0
Student Accessibility Service Office,3,"University life, transfer & study away",1
Student Accessibility Service Office,4,"Arts, media & writing",0
Student Accessibility Service Office,5,"Society, economics & public policy",0
Student Accessibility Service Office,6,"Biology, chemistry & health",0
Student Accessibility Service Office,7,"Computing, mathematics & applied sciences",0
Chinese Student Services and Student Mobility,0,Academic requirements & procedures,0
Chinese Student Services and Student Mobility,1,"History, China & global cultures",0
Chinese Student Services and Student Mobility,2,Language learning & communication,4
Chinese Student Services and Student Mobility,3,"University life, transfer & study away",3
Chinese Student Services and Student Mobility,4,"Arts, media & writing",0
Chinese Student Services and Student Mobility,5,"Society, economics & public policy",0
Chinese Student Services and Student Mobility,6,"Biology, chemistry & health",0
Chinese Student Services and Student Mobility,7,"Computing, mathematics & applied sciences",0
Host Family Program,0,Academic requirements & procedures,0
Host Family Program,1,"History, China & global cultures",0
Host Family Program,2,Language learning & communication,0
Host Family Program,3,"University life, transfer & study away",1
Host Family Program,4,"Arts, media & writing",0
Host Family Program,5,"Society, economics & public policy",0
Host Family Program,6,"Biology, chemistry & health",0
Host Family Program,7,"Computing, mathematics & applied sciences",0
Requirements for All Majors,0,Academic requirements & procedures,1
Requirements for All Majors,1,"History, China & global cultures",0
Requirements for All Majors,2,Language learning & communication,0
Requirements for All Majors,3,"University life, transfer & study away",0
Requirements for All Majors,4,"Arts, media & writing",0
Requirements for All Majors,5,"Society, economics & public policy",0
Requirements for All Majors,6,"Biology, chemistry & health",0
Requirements for All Majors,7,"Computing, mathematics & applied sciences",0
Language Courses (8-16 Credits),0,Academic requirements & procedures,0
Language Courses (8-16 Credits),1,"History, China & global cultures",0
Language Courses (8-16 Credits),2,Language learning & communication,3
Language Courses (8-16 Credits),3,"University life, transfer & study away",0
Language Courses (8-16 Credits),4,"Arts, media & writing",0
Language Courses (8-16 Credits),5,"Society, economics & public policy",0
Language Courses (8-16 Credits),6,"Biology, chemistry & health",0
Language Courses (8-16 Credits),7,"Computing, mathematics & applied sciences",0
Required Experiential Learning Activity,0,Academic requirements & procedures,0
Required Experiential Learning Activity,1,"History, China & global cultures",0
Required Experiential Learning Activity,2,Language learning & communication,0
Required Experiential Learning Activity,3,"University life, transfer & study away",0
Required Experiential Learning Activity,4,"Arts, media & writing",1
Required Experiential Learning Activity,5,"Society, economics & public policy",0
Required Experiential Learning Activity,6,"Biology, chemistry & health",0
Required Experiential Learning Activity,7,"Computing, mathematics & applied sciences",0
Mini-Term Course,0,Academic requirements & procedures,1
Mini-Term Course,1,"History, China & global cultures",0
Mini-Term Course,2,Language learning & communication,0
Mini-Term Course,3,"University life, transfer & study away",0
Mini-Term Course,4,"Arts, media & writing",0
Mini-Term Course,5,"Society, economics & public policy",0
Mini-Term Course,6,"Biology, chemistry & health",0
Mini-Term Course,7,"Computing, mathematics & applied sciences",0
Ability to Meet Major Requirements Published in Years Subsequent to Year of Matriculation,0,Academic requirements & procedures,2
Ability to Meet Major Requirements Published in Years Subsequent to Year of Matriculation,1,"History, China & global cultures",0
Ability to Meet Major Requirements Published in Years Subsequent to Year of Matriculation,2,Language learning & communication,0
Ability to Meet Major Requirements Published in Years Subsequent to Year of Matriculation,3,"University life, transfer & study away",0
Ability to Meet Major Requirements Published in Years Subsequent to Year of Matriculation,4,"Arts, media & writing",0
Ability to Meet Major Requirements Published in Years Subsequent to Year of Matriculation,5,"Society, economics & public policy",0
Ability to Meet Major Requirements Published in Years Subsequent to Year of Matriculation,6,"Biology, chemistry & health",0
Ability to Meet Major Requirements Published in Years Subsequent to Year of Matriculation,7,"Computing, mathematics & applied sciences",0
Arts & Media Major with tracks in Arts and Media,0,Academic requirements & procedures,0
Arts & Media Major with tracks in Arts and Media,1,"History, China & global cultures",0
Arts & Media Major with tracks in Arts and Media,2,Language learning & communication,0
Arts & Media Major with tracks in Arts and Media,3,"University life, transfer & study away",0
Arts & Media Major with tracks in Arts and Media,4,"Arts, media & writing",16
Arts & Media Major with tracks in Arts and Media,5,"Society, economics & public policy",0
Arts & Media Major with tracks in Arts and Media,6,"Biology, chemistry & health",0
Arts & Media Major with tracks in Arts and Media,7,"Computing, mathematics & applied sciences",1
Applied Mathematics and Computational Sciences with tracks in Computer Science and Mathematics,0,Academic requirements & procedures,0
Applied Mathematics and Computational Sciences with tracks in Computer Science and Mathematics,1,"History, China & global cultures",0
Applied Mathematics and Computational Sciences with tracks in Computer Science and Mathematics,2,Language learning & communication,0
Applied Mathematics and Computational Sciences with tracks in Computer Science and Mathematics,3,"University life, transfer & study away",0
Applied Mathematics and Computational Sciences with tracks in Computer Science and Mathematics,4,"Arts, media & writing",0
Applied Mathematics and Computational Sciences with tracks in Computer Science and Mathematics,5,"Society, economics & public policy",0
Applied Mathematics and Computational Sciences with tracks in Computer Science and Mathematics,6,"Biology, chemistry & health",0
Applied Mathematics and Computational Sciences with tracks in Computer Science and Mathematics,7,"Computing, mathematics & applied sciences",4
Behavioral Science with tracks in Psychology and Neuroscience,0,Academic requirements & procedures,0
Behavioral Science with tracks in Psychology and Neuroscience,1,"History, China & global cultures",0
Behavioral Science with tracks in Psychology and Neuroscience,2,Language learning & communication,0
Behavioral Science with tracks in Psychology and Neuroscience,3,"University life, transfer & study away",1
Behavioral Science with tracks in Psychology and Neuroscience,4,"Arts, media & writing",0
Behavioral Science with tracks in Psychology and Neuroscience,5,"Society, economics & public policy",4
Behavioral Science with tracks in Psychology and Neuroscience,6,"Biology, chemistry & health",0
Behavioral Science with tracks in Psychology and Neuroscience,7,"Computing, mathematics & applied sciences",3
"Computation and Design with tracks in Computer Science, Digital Media, and Social Policy",0,Academic requirements & procedures,0
"Computation and Design with tracks in Computer Science, Digital Media, and Social Policy",1,"History, China & global cultures",0
"Computation and Design with tracks in Computer Science, Digital Media, and Social Policy",2,Language learning & communication,0
"Computation and Design with tracks in Computer Science, Digital Media, and Social Policy",3,"University life, transfer & study away",0
"Computation and Design with tracks in Computer Science, Digital Media, and Social Policy",4,"Arts, media & writing",3
"Computation and Design with tracks in Computer Science, Digital Media, and Social Policy",5,"Society, economics & public policy",1
"Computation and Design with tracks in Computer Science, Digital Media, and Social Policy",6,"Biology, chemistry & health",0
"Computation and Design with tracks in Computer Science, Digital Media, and Social Policy",7,"Computing, mathematics & applied sciences",4
"Cultures and Movements with tracks in Cultural Anthropology, Sociology, Religious Studies, and World History",0,Academic requirements & procedures,0
"Cultures and Movements with tracks in Cultural Anthropology, Sociology, Religious Studies, and World History",1,"History, China & global cultures",2
"Cultures and Movements with tracks in Cultural Anthropology, Sociology, Religious Studies, and World History",2,Language learning & communication,2
"Cultures and Movements with tracks in Cultural Anthropology, Sociology, Religious Studies, and World History",3,"University life, transfer & study away",0
"Cultures and Movements with tracks in Cultural Anthropology, Sociology, Religious Studies, and World History",4,"Arts, media & writing",0
"Cultures and Movements with tracks in Cultural Anthropology, Sociology, Religious Studies, and World History",5,"Society, economics & public policy",3
"Cultures and Movements with tracks in Cultural Anthropology, Sociology, Religious Studies, and World History",6,"Biology, chemistry & health",0
"Cultures and Movements with tracks in Cultural Anthropology, Sociology, Religious Studies, and World History",7,"Computing, mathematics & applied sciences",1
Data Science,0,Academic requirements & procedures,0
Data Science,1,"History, China & global cultures",0
Data Science,2,Language learning & communication,0
Data Science,3,"University life, transfer & study away",0
Data Science,4,"Arts, media & writing",0
Data Science,5,"Society, economics & public policy",0
Data Science,6,"Biology, chemistry & health",0
Data Science,7,"Computing, mathematics & applied sciences",2
"Environmental Science with tracks in Biogeochemistry, Biology, Chemistry, and Public Policy",0,Academic requirements & procedures,0
"Environmental Science with tracks in Biogeochemistry, Biology, Chemistry, and Public Policy",1,"History, China & global cultures",0
"Environmental Science with tracks in Biogeochemistry, Biology, Chemistry, and Public Policy",2,Language learning & communication,0
"Environmental Science with tracks in Biogeochemistry, Biology, Chemistry, and Public Policy",3,"University life, transfer & study away",0
"Environmental Science with tracks in Biogeochemistry, Biology, Chemistry, and Public Policy",4,"Arts, media & writing",0
"Environmental Science with tracks in Biogeochemistry, Biology, Chemistry, and Public Policy",5,"Society, economics & public policy",2
"Environmental Science with tracks in Biogeochemistry, Biology, Chemistry, and Public Policy",6,"Biology, chemistry & health",4
"Environmental Science with tracks in Biogeochemistry, Biology, Chemistry, and Public Policy",7,"Computing, mathematics & applied sciences",0
Ethics and Leadership with tracks in Philosophy and Public Policy,0,Academic requirements & procedures,0
Ethics and Leadership with tracks in Philosophy and Public Policy,1,"History, China & global cultures",0
Ethics and Leadership with tracks in Philosophy and Public Policy,2,Language learning & communication,0
Ethics and Leadership with tracks in Philosophy and Public Policy,3,"University life, transfer & study away",0
Ethics and Leadership with tracks in Philosophy and Public Policy,4,"Arts, media & writing",0
Ethics and Leadership with tracks in Philosophy and Public Policy,5,"Society, economics & public policy",3
Ethics and Leadership with tracks in Philosophy and Public Policy,6,"Biology, chemistry & health",0
Ethics and Leadership with tracks in Philosophy and Public Policy,7,"Computing, mathematics & applied sciences",2
"Global China Studies with tracks in Chinese History, Political Science and Religious Studies",0,Academic requirements & procedures,0
"Global China Studies with tracks in Chinese History, Political Science and Religious Studies",1,"History, China & global cultures",3
"Global China Studies with tracks in Chinese History, Political Science and Religious Studies",2,Language learning & communication,3
"Global China Studies with tracks in Chinese History, Political Science and Religious Studies",3,"University life, transfer & study away",0
"Global China Studies with tracks in Chinese History, Political Science and Religious Studies",4,"Arts, media & writing",0
"Global China Studies with tracks in Chinese History, Political Science and Religious Studies",5,"Society, economics & public policy",1
"Global China Studies with tracks in Chinese History, Political Science and Religious Studies",6,"Biology, chemistry & health",0
"Global China Studies with tracks in Chinese History, Political Science and Religious Studies",7,"Computing, mathematics & applied sciences",0
"Global Cultural Studies with tracks in Creative Writing and Translation, World History, and World Literature",0,Academic requirements & procedures,0
"Global Cultural Studies with tracks in Creative Writing and Translation, World History, and World Literature",1,"History, China & global cultures",3
"Global Cultural Studies with tracks in Creative Writing and Translation, World History, and World Literature",2,Language learning & communication,0
"Global Cultural Studies with tracks in Creative Writing and Translation, World History, and World Literature",3,"University life, transfer & study away",0
"Global Cultural Studies with tracks in Creative Writing and Translation, World History, and World Literature",4,"Arts, media & writing",2
"Global Cultural Studies with tracks in Creative Writing and Translation, World History, and World Literature",5,"Society, economics & public policy",0
"Global Cultural Studies with tracks in Creative Writing and Translation, World History, and World Literature",6,"Biology, chemistry & health",0
"Global Cultural Studies with tracks in Creative Writing and Translation, World History, and World Literature",7,"Computing, mathematics & applied sciences",0
Global Health with Tracks in Biology and Public Policy,0,Academic requirements & procedures,0
Global Health with Tracks in Biology and Public Policy,1,"History, China & global cultures",1
Global Health with Tracks in Biology and Public Policy,2,Language learning & communication,0
Global Health with Tracks in Biology and Public Policy,3,"University life, transfer & study away",0
Global Health with Tracks in Biology and Public Policy,4,"Arts, media & writing",0
Global Health with Tracks in Biology and Public Policy,5,"Society, economics & public policy",2
Global Health with Tracks in Biology and Public Policy,6,"Biology, chemistry & health",1
Global Health with Tracks in Biology and Public Policy,7,"Computing, mathematics & applied sciences",2
"Institutions and Governance with tracks in Economics, Political Science, and Public Policy",0,Academic requirements & procedures,0
"Institutions and Governance with tracks in Economics, Political Science, and Public Policy",1,"History, China & global cultures",0
"Institutions and Governance with tracks in Economics, Political Science, and Public Policy",2,Language learning & communication,0
"Institutions and Governance with tracks in Economics, Political Science, and Public Policy",3,"University life, transfer & study away",0
"Institutions and Governance with tracks in Economics, Political Science, and Public Policy",4,"Arts, media & writing",0
"Institutions and Governance with tracks in Economics, Political Science, and Public Policy",5,"Society, economics & public policy",3
"Institutions and Governance with tracks in Economics, Political Science, and Public Policy",6,"Biology, chemistry & health",0
"Institutions and Governance with tracks in Economics, Political Science, and Public Policy",7,"Computing, mathematics & applied sciences",0
Materials Science with tracks in Chemistry and Physics,0,Academic requirements & procedures,0
Materials Science with tracks in Chemistry and Physics,1,"History, China & global cultures",0
Materials Science with tracks in Chemistry and Physics,2,Language learning & communication,0
Materials Science with tracks in Chemistry and Physics,3,"University life, transfer & study away",0
Materials Science with tracks in Chemistry and Physics,4,"Arts, media & writing",0
Materials Science with tracks in Chemistry and Physics,5,"Society, economics & public policy",0
Materials Science with tracks in Chemistry and Physics,6,"Biology, chemistry & health",0
Materials Science with tracks in Chemistry and Physics,7,"Computing, mathematics & applied sciences",2
"Molecular Bioscience with Tracks in Biogeochemistry, Biophysics, Cell and Molecular Biology, Genetics and Genomics",0,Academic requirements & procedures,0
"Molecular Bioscience with Tracks in Biogeochemistry, Biophysics, Cell and Molecular Biology, Genetics and Genomics",1,"History, China & global cultures",0
"Molecular Bioscience with Tracks in Biogeochemistry, Biophysics, Cell and Molecular Biology, Genetics and Genomics",2,Language learning & communication,0
"Molecular Bioscience with Tracks in Biogeochemistry, Biophysics, Cell and Molecular Biology, Genetics and Genomics",3,"University life, transfer & study away",0
"Molecular Bioscience with Tracks in Biogeochemistry, Biophysics, Cell and Molecular Biology, Genetics and Genomics",4,"Arts, media & writing",0
"Molecular Bioscience with Tracks in Biogeochemistry, Biophysics, Cell and Molecular Biology, Genetics and Genomics",5,"Society, economics & public policy",0
"Molecular Bioscience with Tracks in Biogeochemistry, Biophysics, Cell and Molecular Biology, Genetics and Genomics",6,"Biology, chemistry & health",8
"Molecular Bioscience with Tracks in Biogeochemistry, Biophysics, Cell and Molecular Biology, Genetics and Genomics",7,"Computing, mathematics & applied sciences",0
"Political Economy with tracks in Economics, Political Science, and Public Policy",0,Academic requirements & procedures,0
"Political Economy with tracks in Economics, Political Science, and Public Policy",1,"History, China & global cultures",0
"Political Economy with tracks in Economics, Political Science, and Public Policy",2,Language learning & communication,0
"Political Economy with tracks in Economics, Political Science, and Public Policy",3,"University life, transfer & study away",0
"Political Economy with tracks in Economics, Political Science, and Public Policy",4,"Arts, media & writing",0
"Political Economy with tracks in Economics, Political Science, and Public Policy",5,"Society, economics & public policy",1
"Political Economy with tracks in Economics, Political Science, and Public Policy",6,"Biology, chemistry & health",0
"Political Economy with tracks in Economics, Political Science, and Public Policy",7,"Computing, mathematics & applied sciences",0
"US Studies with tracks in American History, American Literature, Political Science, and Public Policy",0,Academic requirements & procedures,0
"US Studies with tracks in American History, American Literature, Political Science, and Public Policy",1,"History, China & global cultures",2
"US Studies with tracks in American History, American Literature, Political Science, and Public Policy",2,Language learning & communication,0
"US Studies with tracks in American History, American Literature, Political Science, and Public Policy",3,"University life, transfer & study away",0
"US Studies with tracks in American History, American Literature, Political Science, and Public Policy",4,"Arts, media & writing",0
"US Studies with tracks in American History, American Literature, Political Science, and Public Policy",5,"Society, economics & public policy",1
"US Studies with tracks in American History, American Literature, Political Science, and Public Policy",6,"Biology, chemistry & health",0
"US Studies with tracks in American History, American Literature, Political Science, and Public Policy",7,"Computing, mathematics & applied sciences",0
Course Descriptions,0,Academic requirements & procedures,0
Course Descriptions,1,"History, China & global cultures",0
Course Descriptions,2,Language learning & communication,0
Course Descriptions,3,"University life, transfer & study away",0
Course Descriptions,4,"Arts, media & writing",0
Course Descriptions,5,"Society, economics & public policy",0
Course Descriptions,6,"Biology, chemistry & health",0
Course Descriptions,7,"Computing, mathematics & applied sciences",1
Courses with Course Subject: Arts (ARTS),0,Academic requirements & procedures,0
Courses with Course Subject: Arts (ARTS),1,"History, China & global cultures",5
Courses with Course Subject: Arts (ARTS),2,Language learning & communication,1
Courses with Course Subject: Arts (ARTS),3,"University life, transfer & study away",0
Courses with Course Subject: Arts (ARTS),4,"Arts, media & writing",4
Courses with Course Subject: Arts (ARTS),5,"Society, economics & public policy",0
Courses with Course Subject: Arts (ARTS),6,"Biology, chemistry & health",0
Courses with Course Subject: Arts (ARTS),7,"Computing, mathematics & applied sciences",0
Courses with Course Subject: Arts and Humanities (ARHU),0,Academic requirements & procedures,0
Courses with Course Subject: Arts and Humanities (ARHU),1,"History, China & global cultures",0
Courses with Course Subject: Arts and Humanities (ARHU),2,Language learning & communication,0
Courses with Course Subject: Arts and Humanities (ARHU),3,"University life, transfer & study away",0
Courses with Course Subject: Arts and Humanities (ARHU),4,"Arts, media & writing",2
Courses with Course Subject: Arts and Humanities (ARHU),5,"Society, economics & public policy",0
Courses with Course Subject: Arts and Humanities (ARHU),6,"Biology, chemistry & health",0
Courses with Course Subject: Arts and Humanities (ARHU),7,"Computing, mathematics & applied sciences",0
Courses with Course Subject: Behavior Science (BEHAVSCI),0,Academic requirements & procedures,0
Courses with Course Subject: Behavior Science (BEHAVSCI),1,"History, China & global cultures",0
Courses with Course Subject: Behavior Science (BEHAVSCI),2,Language learning & communication,0
Courses with Course Subject: Behavior Science (BEHAVSCI),3,"University life, transfer & study away",0
Courses with Course Subject: Behavior Science (BEHAVSCI),4,"Arts, media & writing",0
Courses with Course Subject: Behavior Science (BEHAVSCI),5,"Society, economics & public policy",7
Courses with Course Subject: Behavior Science (BEHAVSCI),6,"Biology, chemistry & health",0
Courses with Course Subject: Behavior Science (BEHAVSCI),7,"Computing, mathematics & applied sciences",4
Courses with Course Subject: Biology (BIOL),0,Academic requirements & procedures,0
Courses with Course Subject: Biology (BIOL),1,"History, China & global cultures",0
Courses with Course Subject: Biology (BIOL),2,Language learning & communication,0
Courses with Course Subject: Biology (BIOL),3,"University life, transfer & study away",0
Courses with Course Subject: Biology (BIOL),4,"Arts, media & writing",0
Courses with Course Subject: Biology (BIOL),5,"Society, economics & public policy",1
Courses with Course Subject: Biology (BIOL),6,"Biology, chemistry & health",33
Courses with Course Subject: Biology (BIOL),7,"Computing, mathematics & applied sciences",0
Courses with Course Subject: Capstone (CAPSTONE),0,Academic requirements & procedures,2
Courses with Course Subject: Capstone (CAPSTONE),1,"History, China & global cultures",0
Courses with Course Subject: Capstone (CAPSTONE),2,Language learning & communication,0
Courses with Course Subject: Capstone (CAPSTONE),3,"University life, transfer & study away",0
Courses with Course Subject: Capstone (CAPSTONE),4,"Arts, media & writing",0
Courses with Course Subject: Capstone (CAPSTONE),5,"Society, economics & public policy",0
Courses with Course Subject: Capstone (CAPSTONE),6,"Biology, chemistry & health",0
Courses with Course Subject: Capstone (CAPSTONE),7,"Computing, mathematics & applied sciences",0
Courses with Course Subject: Chemistry (CHEM),0,Academic requirements & procedures,0
Courses with Course Subject: Chemistry (CHEM),1,"History, China & global cultures",0
Courses with Course Subject: Chemistry (CHEM),2,Language learning & communication,0
Courses with Course Subject: Chemistry (CHEM),3,"University life, transfer & study away",0
Courses with Course Subject: Chemistry (CHEM),4,"Arts, media & writing",0
Courses with Course Subject: Chemistry (CHEM),5,"Society, economics & public policy",0
Courses with Course Subject: Chemistry (CHEM),6,"Biology, chemistry & health",14
Courses with Course Subject: Chemistry (CHEM),7,"Computing, mathematics & applied sciences",1
Courses with Course Subject: Chinese (CHINESE),0,Academic requirements & procedures,0
Courses with Course Subject: Chinese (CHINESE),1,"History, China & global cultures",0
Courses with Course Subject: Chinese (CHINESE),2,Language learning & communication,37
Courses with Course Subject: Chinese (CHINESE),3,"University life, transfer & study away",0
Courses with Course Subject: Chinese (CHINESE),4,"Arts, media & writing",0
Courses with Course Subject: Chinese (CHINESE),5,"Society, economics & public policy",0
Courses with Course Subject: Chinese (CHINESE),6,"Biology, chemistry & health",0
Courses with Course Subject: Chinese (CHINESE),7,"Computing, mathematics & applied sciences",0
Courses with Course Subject: Chinese Society and Culture (CHSC),0,Academic requirements & procedures,0
Courses with Course Subject: Chinese Society and Culture (CHSC),1,"History, China & global cultures",0
Courses with Course Subject: Chinese Society and Culture (CHSC),2,Language learning & communication,7
Courses with Course Subject: Chinese Society and Culture (CHSC),3,"University life, transfer & study away",0
Courses with Course Subject: Chinese Society and Culture (CHSC),4,"Arts, media & writing",0
Courses with Course Subject: Chinese Society and Culture (CHSC),5,"Society, economics & public policy",1
Courses with Course Subject: Chinese Society and Culture (CHSC),6,"Biology, chemistry & health",0
Courses with Course Subject: Chinese Society and Culture (CHSC),7,"Computing, mathematics & applied sciences",0
Courses with Course Subject: Computer Design (COMPDSGN),0,Academic requirements & procedures,0
Courses with Course Subject: Computer Design (COMPDSGN),1,"History, China & global cultures",0
Courses with Course Subject: Computer Design (COMPDSGN),2,Language learning & communication,0
Courses with Course Subject: Computer Design (COMPDSGN),3,"University life, transfer & study away",0
Courses with Course Subject: Computer Design (COMPDSGN),4,"Arts, media & writing",0
Courses with Course Subject: Computer Design (COMPDSGN),5,"Society, economics & public policy",0
Courses with Course Subject: Computer Design (COMPDSGN),6,"Biology, chemistry & health",0
Courses with Course Subject: Computer Design (COMPDSGN),7,"Computing, mathematics & applied sciences",1
Courses with Course Subject: Computer Science (COMPSCI),0,Academic requirements & procedures,0
Courses with Course Subject: Computer Science (COMPSCI),1,"History, China & global cultures",0
Courses with Course Subject: Computer Science (COMPSCI),2,Language learning & communication,0
Courses with Course Subject: Computer Science (COMPSCI),3,"University life, transfer & study away",0
Courses with Course Subject: Computer Science (COMPSCI),4,"Arts, media & writing",0
Courses with Course Subject: Computer Science (COMPSCI),5,"Society, economics & public policy",0
Courses with Course Subject: Computer Science (COMPSCI),6,"Biology, chemistry & health",0
Courses with Course Subject: Computer Science (COMPSCI),7,"Computing, mathematics & applied sciences",27
Courses with Course Subject: Cultural Anthropology (CULANTH),0,Academic requirements & procedures,0
Courses with Course Subject: Cultural Anthropology (CULANTH),1,"History, China & global cultures",14
Courses with Course Subject: Cultural Anthropology (CULANTH),2,Language learning & communication,0
Courses with Course Subject: Cultural Anthropology (CULANTH),3,"University life, transfer & study away",0
Courses with Course Subject: Cultural Anthropology (CULANTH),4,"Arts, media & writing",5
Courses with Course Subject: Cultural Anthropology (CULANTH),5,"Society, economics & public policy",2
Courses with Course Subject: Cultural Anthropology (CULANTH),6,"Biology, chemistry & health",0
Courses with Course Subject: Cultural Anthropology (CULANTH),7,"Computing, mathematics & applied sciences",0
Courses with Course Subject: Cultures and Movements (CULMOVE),0,Academic requirements & procedures,0
Courses with Course Subject: Cultures and Movements (CULMOVE),1,"History, China & global cultures",6
Courses with Course Subject: Cultures and Movements (CULMOVE),2,Language learning & communication,0
Courses with Course Subject: Cultures and Movements (CULMOVE),3,"University life, transfer & study away",0
Courses with Course Subject: Cultures and Movements (CULMOVE),4,"Arts, media & writing",2
Courses with Course Subject: Cultures and Movements (CULMOVE),5,"Society, economics & public policy",2
Courses with Course Subject: Cultures and Movements (CULMOVE),6,"Biology, chemistry & health",0
Courses with Course Subject: Cultures and Movements (CULMOVE),7,"Computing, mathematics & applied sciences",0
Courses with Course Subject: Economics (ECON),0,Academic requirements & procedures,0
Courses with Course Subject: Economics (ECON),1,"History, China & global cultures",0
Courses with Course Subject: Economics (ECON),2,Language learning & communication,0
Courses with Course Subject: Economics (ECON),3,"University life, transfer & study away",2
Courses with Course Subject: Economics (ECON),4,"Arts, media & writing",0
Courses with Course Subject: Economics (ECON),5,"Society, economics & public policy",22
Courses with Course Subject: Economics (ECON),6,"Biology, chemistry & health",0
Courses with Course Subject: Economics (ECON),7,"Computing, mathematics & applied sciences",7
Courses with Course Subject: English for Academic Purposes (EAP),0,Academic requirements & procedures,0
Courses with Course Subject: English for Academic Purposes (EAP),1,"History, China & global cultures",0
Courses with Course Subject: English for Academic Purposes (EAP),2,Language learning & communication,7
Courses with Course Subject: English for Academic Purposes (EAP),3,"University life, transfer & study away",0
Courses with Course Subject: English for Academic Purposes (EAP),4,"Arts, media & writing",2
Courses with Course Subject: English for Academic Purposes (EAP),5,"Society, economics & public policy",0
Courses with Course Subject: English for Academic Purposes (EAP),6,"Biology, chemistry & health",0
Courses with Course Subject: English for Academic Purposes (EAP),7,"Computing, mathematics & applied sciences",0
Courses with Course Subject: Environment (ENVIR),0,Academic requirements & procedures,0
Courses with Course Subject: Environment (ENVIR),1,"History, China & global cultures",1
Courses with Course Subject: Environment (ENVIR),2,Language learning & communication,0
Courses with Course Subject: Environment (ENVIR),3,"University life, transfer & study away",0
Courses with Course Subject: Environment (ENVIR),4,"Arts, media & writing",0
Courses with Course Subject: Environment (ENVIR),5,"Society, economics & public policy",10
Courses with Course Subject: Environment (ENVIR),6,"Biology, chemistry & health",10
Courses with Course Subject: Environment (ENVIR),7,"Computing, mathematics & applied sciences",2
Courses with Course Subject: Ethics and Leadership (ETHLDR),0,Academic requirements & procedures,0
Courses with Course Subject: Ethics and Leadership (ETHLDR),1,"History, China & global cultures",1
Courses with Course Subject: Ethics and Leadership (ETHLDR),2,Language learning & communication,0
Courses with Course Subject: Ethics and Leadership (ETHLDR),3,"University life, transfer & study away",0
Courses with Course Subject: Ethics and Leadership (ETHLDR),4,"Arts, media & writing",2
Courses with Course Subject: Ethics and Leadership (ETHLDR),5,"Society, economics & public policy",11
Courses with Course Subject: Ethics and Leadership (ETHLDR),6,"Biology, chemistry & health",0
Courses with Course Subject: Ethics and Leadership (ETHLDR),7,"Computing, mathematics & applied sciences",0
Courses with Course Subject: French (FRENCH),0,Academic requirements & procedures,0
Courses with Course Subject: French (FRENCH),1,"History, China & global cultures",0
Courses with Course Subject: French (FRENCH),2,Language learning & communication,2
Courses with Course Subject: French (FRENCH),3,"University life, transfer & study away",0
Courses with Course Subject: French (FRENCH),4,"Arts, media & writing",0
Courses with Course Subject: French (FRENCH),5,"Society, economics & public policy",0
Courses with Course Subject: French (FRENCH),6,"Biology, chemistry & health",0
Courses with Course Subject: French (FRENCH),7,"Computing, mathematics & applied sciences",0
Courses with Course Subject: German (GERMAN),0,Academic requirements & procedures,0
Courses with Course Subject: German (GERMAN),1,"History, China & global cultures",0
Courses with Course Subject: German (GERMAN),2,Language learning & communication,2
Courses with Course Subject: German (GERMAN),3,"University life, transfer & study away",0
Courses with Course Subject: German (GERMAN),4,"Arts, media & writing",0
Courses with Course Subject: German (GERMAN),5,"Society, economics & public policy",0
Courses with Course Subject: German (GERMAN),6,"Biology, chemistry & health",0
Courses with Course Subject: German (GERMAN),7,"Computing, mathematics & applied sciences",0
Courses with Course Subject: Global China Studies (GCHINA),0,Academic requirements & procedures,0
Courses with Course Subject: Global China Studies (GCHINA),1,"History, China & global cultures",6
Courses with Course Subject: Global China Studies (GCHINA),2,Language learning & communication,3
Courses with Course Subject: Global China Studies (GCHINA),3,"University life, transfer & study away",0
Courses with Course Subject: Global China Studies (GCHINA),4,"Arts, media & writing",0
Courses with Course Subject: Global China Studies (GCHINA),5,"Society, economics & public policy",1
Courses with Course Subject: Global China Studies (GCHINA),6,"Biology, chemistry & health",0
Courses with Course Subject: Global China Studies (GCHINA),7,"Computing, mathematics & applied sciences",0
Courses with Course Subject: Global Challenges (GLOCHALL),0,Academic requirements & procedures,0
Courses with Course Subject: Global Challenges (GLOCHALL),1,"History, China & global cultures",0
Courses with Course Subject: Global Challenges (GLOCHALL),2,Language learning & communication,0
Courses with Course Subject: Global Challenges (GLOCHALL),3,"University life, transfer & study away",0
Courses with Course Subject: Global Challenges (GLOCHALL),4,"Arts, media & writing",1
Courses with Course Subject: Global Challenges (GLOCHALL),5,"Society, economics & public policy",0
Courses with Course Subject: Global Challenges (GLOCHALL),6,"Biology, chemistry & health",0
Courses with Course Subject: Global Challenges (GLOCHALL),7,"Computing, mathematics & applied sciences",0
Courses with Course Subject: Global Cultural Studies (GCULS),0,Academic requirements & procedures,0
Courses with Course Subject: Global Cultural Studies (GCULS),1,"History, China & global cultures",13
Courses with Course Subject: Global Cultural Studies (GCULS),2,Language learning & communication,0
Courses with Course Subject: Global Cultural Studies (GCULS),3,"University life, transfer & study away",0
Courses with Course Subject: Global Cultural Studies (GCULS),4,"Arts, media & writing",4
Courses with Course Subject: Global Cultural Studies (GCULS),5,"Society, economics & public policy",1
Courses with Course Subject: Global Cultural Studies (GCULS),6,"Biology, chemistry & health",0
Courses with Course Subject: Global Cultural Studies (GCULS),7,"Computing, mathematics & applied sciences",0
Courses with Course Subject: Global Health (GLHLTH),0,Academic requirements & procedures,0
Courses with Course Subject: Global Health (GLHLTH),1,"History, China & global cultures",1
Courses with Course Subject: Global Health (GLHLTH),2,Language learning & communication,0
Courses with Course Subject: Global Health (GLHLTH),3,"University life, transfer & study away",0
Courses with Course Subject: Global Health (GLHLTH),4,"Arts, media & writing",2
Courses with Course Subject: Global Health (GLHLTH),5,"Society, economics & public policy",8
Courses with Course Subject: Global Health (GLHLTH),6,"Biology, chemistry & health",7
Courses with Course Subject: Global Health (GLHLTH),7,"Computing, mathematics & applied sciences",0
Courses with Course Subject: History (HIST),0,Academic requirements & procedures,0
Courses with Course Subject: History (HIST),1,"History, China & global cultures",51
Courses with Course Subject: History (HIST),2,Language learning & communication,0
Courses with Course Subject: History (HIST),3,"University life, transfer & study away",1
Courses with Course Subject: History (HIST),4,"Arts, media & writing",5
Courses with Course Subject: History (HIST),5,"Society, economics & public policy",2
Courses with Course Subject: History (HIST),6,"Biology, chemistry & health",0
Courses with Course Subject: History (HIST),7,"Computing, mathematics & applied sciences",0
Courses with Course Subject: Independent Study (INDSTU),0,Academic requirements & procedures,0
Courses with Course Subject: Independent Study (INDSTU),1,"History, China & global cultures",0
Courses with Course Subject: Independent Study (INDSTU),2,Language learning & communication,0
Courses with Course Subject: Independent Study (INDSTU),3,"University life, transfer & study away",0
Courses with Course Subject: Independent Study (INDSTU),4,"Arts, media & writing",1
Courses with Course Subject: Independent Study (INDSTU),5,"Society, economics & public policy",0
Courses with Course Subject: Independent Study (INDSTU),6,"Biology, chemistry & health",0
Courses with Course Subject: Independent Study (INDSTU),7,"Computing, mathematics & applied sciences",0
Courses with Course Subject: Information Science (INFOSCI),0,Academic requirements & procedures,0
Courses with Course Subject: Information Science (INFOSCI),1,"History, China & global cultures",0
Courses with Course Subject: Information Science (INFOSCI),2,Language learning & communication,0
Courses with Course Subject: Information Science (INFOSCI),3,"University life, transfer & study away",0
Courses with Course Subject: Information Science (INFOSCI),4,"Arts, media & writing",11
Courses with Course Subject: Information Science (INFOSCI),5,"Society, economics & public policy",0
Courses with Course Subject: Information Science (INFOSCI),6,"Biology, chemistry & health",0
Courses with Course Subject: Information Science (INFOSCI),7,"Computing, mathematics & applied sciences",8
Courses with Course Subject: Institutions and Governance (INSTGOV),0,Academic requirements & procedures,0
Courses with Course Subject: Institutions and Governance (INSTGOV),1,"History, China & global cultures",0
Courses with Course Subject: Institutions and Governance (INSTGOV),2,Language learning & communication,0
Courses with Course Subject: Institutions and Governance (INSTGOV),3,"University life, transfer & study away",0
Courses with Course Subject: Institutions and Governance (INSTGOV),4,"Arts, media & writing",0
Courses with Course Subject: Institutions and Governance (INSTGOV),5,"Society, economics & public policy",1
Courses with Course Subject: Institutions and Governance (INSTGOV),6,"Biology, chemistry & health",0
Courses with Course Subject: Institutions and Governance (INSTGOV),7,"Computing, mathematics & applied sciences",0
Courses with Course Subject: Integrated Science (INTGSCI),0,Academic requirements & procedures,0
Courses with Course Subject: Integrated Science (INTGSCI),1,"History, China & global cultures",0
Courses with Course Subject: Integrated Science (INTGSCI),2,Language learning & communication,0
Courses with Course Subject: Integrated Science (INTGSCI),3,"University life, transfer & study away",0
Courses with Course Subject: Integrated Science (INTGSCI),4,"Arts, media & writing",0
Courses with Course Subject: Integrated Science (INTGSCI),5,"Society, economics & public policy",0
Courses with Course Subject: Integrated Science (INTGSCI),6,"Biology, chemistry & health",3
Courses with Course Subject: Integrated Science (INTGSCI),7,"Computing, mathematics & applied sciences",0
Courses with Course Subject: Italian (ITALIAN),0,Academic requirements & procedures,0
Courses with Course Subject: Italian (ITALIAN),1,"History, China & global cultures",0
Courses with Course Subject: Italian (ITALIAN),2,Language learning & communication,2
Courses with Course Subject: Italian (ITALIAN),3,"University life, transfer & study away",0
Courses with Course Subject: Italian (ITALIAN),4,"Arts, media & writing",0
Courses with Course Subject: Italian (ITALIAN),5,"Society, economics & public policy",0
Courses with Course Subject: Italian (ITALIAN),6,"Biology, chemistry & health",0
Courses with Course Subject: Italian (ITALIAN),7,"Computing, mathematics & applied sciences",0
Courses with Course Subject: Japanese (JAPANESE),0,Academic requirements & procedures,0
Courses with Course Subject: Japanese (JAPANESE),1,"History, China & global cultures",0
Courses with Course Subject: Japanese (JAPANESE),2,Language learning & communication,4
Courses with Course Subject: Japanese (JAPANESE),3,"University life, transfer & study away",0
Courses with Course Subject: Japanese (JAPANESE),4,"Arts, media & writing",0
Courses with Course Subject: Japanese (JAPANESE),5,"Society, economics & public policy",0
Courses with Course Subject: Japanese (JAPANESE),6,"Biology, chemistry & health",0
Courses with Course Subject: Japanese (JAPANESE),7,"Computing, mathematics & applied sciences",0
Courses with Course Subject: Korean (KOREAN),0,Academic requirements & procedures,0
Courses with Course Subject: Korean (KOREAN),1,"History, China & global cultures",0
Courses with Course Subject: Korean (KOREAN),2,Language learning & communication,2
Courses with Course Subject: Korean (KOREAN),3,"University life, transfer & study away",0
Courses with Course Subject: Korean (KOREAN),4,"Arts, media & writing",0
Courses with Course Subject: Korean (KOREAN),5,"Society, economics & public policy",0
Courses with Course Subject: Korean (KOREAN),6,"Biology, chemistry & health",0
Courses with Course Subject: Korean (KOREAN),7,"Computing, mathematics & applied sciences",0
Courses with Course Subject: Literature (LIT),0,Academic requirements & procedures,0
Courses with Course Subject: Literature (LIT),1,"History, China & global cultures",25
Courses with Course Subject: Literature (LIT),2,Language learning & communication,4
Courses with Course Subject: Literature (LIT),3,"University life, transfer & study away",0
Courses with Course Subject: Literature (LIT),4,"Arts, media & writing",12
Courses with Course Subject: Literature (LIT),5,"Society, economics & public policy",0
Courses with Course Subject: Literature (LIT),6,"Biology, chemistry & health",0
Courses with Course Subject: Literature (LIT),7,"Computing, mathematics & applied sciences",0
Courses with Course Subject: Material Science (MATSCI),0,Academic requirements & procedures,0
Courses with Course Subject: Material Science (MATSCI),1,"History, China & global cultures",0
Courses with Course Subject: Material Science (MATSCI),2,Language learning & communication,0
Courses with Course Subject: Material Science (MATSCI),3,"University life, transfer & study away",0
Courses with Course Subject: Material Science (MATSCI),4,"Arts, media & writing",0
Courses with Course Subject: Material Science (MATSCI),5,"Society, economics & public policy",0
Courses with Course Subject: Material Science (MATSCI),6,"Biology, chemistry & health",2
Courses with Course Subject: Material Science (MATSCI),7,"Computing, mathematics & applied sciences",8
Courses with Course Subject: Mathematics (MATH),0,Academic requirements & procedures,0
Courses with Course Subject: Mathematics (MATH),1,"History, China & global cultures",0
Courses with Course Subject: Mathematics (MATH),2,Language learning & communication,0
Courses with Course Subject: Mathematics (MATH),3,"University life, transfer & study away",0
Courses with Course Subject: Mathematics (MATH),4,"Arts, media & writing",0
Courses with Course Subject: Mathematics (MATH),5,"Society, economics & public policy",0
Courses with Course Subject: Mathematics (MATH),6,"Biology, chemistry & health",1
Courses with Course Subject: Mathematics (MATH),7,"Computing, mathematics & applied sciences",29
Courses with Course Subject: Media (MEDIA),0,Academic requirements & procedures,0
Courses with Course Subject: Media (MEDIA),1,"History, China & global cultures",2
Courses with Course Subject: Media (MEDIA),2,Language learning & communication,0
Courses with Course Subject: Media (MEDIA),3,"University life, transfer & study away",0
Courses with Course Subject: Media (MEDIA),4,"Arts, media & writing",4
Courses with Course Subject: Media (MEDIA),5,"Society, economics & public policy",0
Courses with Course Subject: Media (MEDIA),6,"Biology, chemistry & health",0
Courses with Course Subject: Media (MEDIA),7,"Computing, mathematics & applied sciences",0
Courses with Course Subject: Media and Arts (MEDIART),0,Academic requirements & procedures,0
Courses with Course Subject: Media and Arts (MEDIART),1,"History, China & global cultures",1
Courses with Course Subject: Media and Arts (MEDIART),2,Language learning & communication,2
Courses with Course Subject: Media and Arts (MEDIART),3,"University life, transfer & study away",0
Courses with Course Subject: Media and Arts (MEDIART),4,"Arts, media & writing",51
Courses with Course Subject: Media and Arts (MEDIART),5,"Society, economics & public policy",0
Courses with Course Subject: Media and Arts (MEDIART),6,"Biology, chemistry & health",0
Courses with Course Subject: Media and Arts (MEDIART),7,"Computing, mathematics & applied sciences",1
Courses with Course Subject: Military Science (MILITSCI),0,Academic requirements & procedures,0
Courses with Course Subject: Military Science (MILITSCI),1,"History, China & global cultures",0
Courses with Course Subject: Military Science (MILITSCI),2,Language learning & communication,1
Courses with Course Subject: Military Science (MILITSCI),3,"University life, transfer & study away",0
Courses with Course Subject: Military Science (MILITSCI),4,"Arts, media & writing",0
Courses with Course Subject: Military Science (MILITSCI),5,"Society, economics & public policy",0
Courses with Course Subject: Military Science (MILITSCI),6,"Biology, chemistry & health",0
Courses with Course Subject: Military Science (MILITSCI),7,"Computing, mathematics & applied sciences",2
Courses with Course Subject: Music (MUSIC),0,Academic requirements & procedures,0
Courses with Course Subject: Music (MUSIC),1,"History, China & global cultures",0
Courses with Course Subject: Music (MUSIC),2,Language learning & communication,1
Courses with Course Subject: Music (MUSIC),3,"University life, transfer & study away",1
Courses with Course Subject: Music (MUSIC),4,"Arts, media & writing",1
Courses with Course Subject: Music (MUSIC),5,"Society, economics & public policy",0
Courses with Course Subject: Music (MUSIC),6,"Biology, chemistry & health",0
Courses with Course Subject: Music (MUSIC),7,"Computing, mathematics & applied sciences",0
Courses with Course Subject: Neuroscience (NEUROSCI),0,Academic requirements & procedures,0
Courses with Course Subject: Neuroscience (NEUROSCI),1,"History, China & global cultures",0
Courses with Course Subject: Neuroscience (NEUROSCI),2,Language learning & communication,0
Courses with Course Subject: Neuroscience (NEUROSCI),3,"University life, transfer & study away",0
Courses with Course Subject: Neuroscience (NEUROSCI),4,"Arts, media & writing",0
Courses with Course Subject: Neuroscience (NEUROSCI),5,"Society, economics & public policy",1
Courses with Course Subject: Neuroscience (NEUROSCI),6,"Biology, chemistry & health",1
Courses with Course Subject: Neuroscience (NEUROSCI),7,"Computing, mathematics & applied sciences",4
Courses with Course Subject: Philosophy (PHIL),0,Academic requirements & procedures,0
Courses with Course Subject: Philosophy (PHIL),1,"History, China & global cultures",11
Courses with Course Subject: Philosophy (PHIL),2,Language learning & communication,0
Courses with Course Subject: Philosophy (PHIL),3,"University life, transfer & study away",0
Courses with Course Subject: Philosophy (PHIL),4,"Arts, media & writing",3
Courses with Course Subject: Philosophy (PHIL),5,"Society, economics & public policy",9
Courses with Course Subject: Philosophy (PHIL),6,"Biology, chemistry & health",0
Courses with Course Subject: Philosophy (PHIL),7,"Computing, mathematics & applied sciences",5
Courses with Course Subject: Physics (PHYS),0,Academic requirements & procedures,0
Courses with Course Subject: Physics (PHYS),1,"History, China & global cultures",0
Courses with Course Subject: Physics (PHYS),2,Language learning & communication,1
Courses with Course Subject: Physics (PHYS),3,"University life, transfer & study away",0
Courses with Course Subject: Physics (PHYS),4,"Arts, media & writing",0
Courses with Course Subject: Physics (PHYS),5,"Society, economics & public policy",0
Courses with Course Subject: Physics (PHYS),6,"Biology, chemistry & health",2
Courses with Course Subject: Physics (PHYS),7,"Computing, mathematics & applied sciences",17
Courses with Course Subject: Physical Education (PHYSEDU),0,Academic requirements & procedures,1
Courses with Course Subject: Physical Education (PHYSEDU),1,"History, China & global cultures",0
Courses with Course Subject: Physical Education (PHYSEDU),2,Language learning & communication,0
Courses with Course Subject: Physical Education (PHYSEDU),3,"University life, transfer & study away",0
Courses with Course Subject: Physical Education (PHYSEDU),4,"Arts, media & writing",0
Courses with Course Subject: Physical Education (PHYSEDU),5,"Society, economics & public policy",0
Courses with Course Subject: Physical Education (PHYSEDU),6,"Biology, chemistry & health",0
Courses with Course Subject: Physical Education (PHYSEDU),7,"Computing, mathematics & applied sciences",32
Courses with Course Subject: Political Economy (POLECON),0,Academic requirements & procedures,0
Courses with Course Subject: Political Economy (POLECON),1,"History, China & global cultures",3
Courses with Course Subject: Political Economy (POLECON),2,Language learning & communication,0
Courses with Course Subject: Political Economy (POLECON),3,"University life, transfer & study away",0
Courses with Course Subject: Political Economy (POLECON),4,"Arts, media & writing",0
Courses with Course Subject: Political Economy (POLECON),5,"Society, economics & public policy",5
Courses with Course Subject: Political Economy (POLECON),6,"Biology, chemistry & health",0
Courses with Course Subject: Political Economy (POLECON),7,"Computing, mathematics & applied sciences",0
Courses with Course Subject: Political Science (POLSCI),0,Academic requirements & procedures,0
Courses with Course Subject: Political Science (POLSCI),1,"History, China & global cultures",10
Courses with Course Subject: Political Science (POLSCI),2,Language learning & communication,0
Courses with Course Subject: Political Science (POLSCI),3,"University life, transfer & study away",0
Courses with Course Subject: Political Science (POLSCI),4,"Arts, media & writing",0
Courses with Course Subject: Political Science (POLSCI),5,"Society, economics & public policy",28
Courses with Course Subject: Political Science (POLSCI),6,"Biology, chemistry & health",0
Courses with Course Subject: Political Science (POLSCI),7,"Computing, mathematics & applied sciences",0
Courses with Course Subject: Psychology (PSYCH),0,Academic requirements & procedures,0
Courses with Course Subject: Psychology (PSYCH),1,"History, China & global cultures",0
Courses with Course Subject: Psychology (PSYCH),2,Language learning & communication,0
Courses with Course Subject: Psychology (PSYCH),3,"University life, transfer & study away",0
Courses with Course Subject: Psychology (PSYCH),4,"Arts, media & writing",1
Courses with Course Subject: Psychology (PSYCH),5,"Society, economics & public policy",3
Courses with Course Subject: Psychology (PSYCH),6,"Biology, chemistry & health",0
Courses with Course Subject: Psychology (PSYCH),7,"Computing, mathematics & applied sciences",5
Courses with Course Subject: Public Policy (PUBPOL),0,Academic requirements & procedures,0
Courses with Course Subject: Public Policy (PUBPOL),1,"History, China & global cultures",3
Courses with Course Subject: Public Policy (PUBPOL),2,Language learning & communication,0
Courses with Course Subject: Public Policy (PUBPOL),3,"University life, transfer & study away",0
Courses with Course Subject: Public Policy (PUBPOL),4,"Arts, media & writing",0
Courses with Course Subject: Public Policy (PUBPOL),5,"Society, economics & public policy",34
Courses with Course Subject: Public Policy (PUBPOL),6,"Biology, chemistry & health",0
Courses with Course Subject: Public Policy (PUBPOL),7,"Computing, mathematics & applied sciences",0
Courses with Course Subject: Research Independent Study (RINDSTU),0,Academic requirements & procedures,0
Courses with Course Subject: Research Independent Study (RINDSTU),1,"History, China & global cultures",0
Courses with Course Subject: Research Independent Study (RINDSTU),2,Language learning & communication,0
Courses with Course Subject: Research Independent Study (RINDSTU),3,"University life, transfer & study away",0
Courses with Course Subject: Research Independent Study (RINDSTU),4,"Arts, media & writing",0
Courses with Course Subject: Research Independent Study (RINDSTU),5,"Society, economics & public policy",1
Courses with Course Subject: Research Independent Study (RINDSTU),6,"Biology, chemistry & health",0
Courses with Course Subject: Research Independent Study (RINDSTU),7,"Computing, mathematics & applied sciences",0
Courses with Course Subject: Religious Studies (RELIG),0,Academic requirements & procedures,0
Courses with Course Subject: Religious Studies (RELIG),1,"History, China & global cultures",13
Courses with Course Subject: Religious Studies (RELIG),2,Language learning & communication,0
Courses with Course Subject: Religious Studies (RELIG),3,"University life, transfer & study away",0
Courses with Course Subject: Religious Studies (RELIG),4,"Arts, media & writing",1
Courses with Course Subject: Religious Studies (RELIG),5,"Society, economics & public policy",4
Courses with Course Subject: Religious Studies (RELIG),6,"Biology, chemistry & health",0
Courses with Course Subject: Religious Studies (RELIG),7,"Computing, mathematics & applied sciences",0
Courses with Course Subject: Social Science (SOSC),0,Academic requirements & procedures,0
Courses with Course Subject: Social Science (SOSC),1,"History, China & global cultures",2
Courses with Course Subject: Social Science (SOSC),2,Language learning & communication,0
Courses with Course Subject: Social Science (SOSC),3,"University life, transfer & study away",0
Courses with Course Subject: Social Science (SOSC),4,"Arts, media & writing",1
Courses with Course Subject: Social Science (SOSC),5,"Society, economics & public policy",8
Courses with Course Subject: Social Science (SOSC),6,"Biology, chemistry & health",0
Courses with Course Subject: Social Science (SOSC),7,"Computing, mathematics & applied sciences",4
Courses with Course Subject: Sociology (SOCIOL),0,Academic requirements & procedures,0
Courses with Course Subject: Sociology (SOCIOL),1,"History, China & global cultures",5
Courses with Course Subject: Sociology (SOCIOL),2,Language learning & communication,0
Courses with Course Subject: Sociology (SOCIOL),3,"University life, transfer & study away",0
Courses with Course Subject: Sociology (SOCIOL),4,"Arts, media & writing",1
Courses with Course Subject: Sociology (SOCIOL),5,"Society, economics & public policy",8
Courses with Course Subject: Sociology (SOCIOL),6,"Biology, chemistry & health",0
Courses with Course Subject: Sociology (SOCIOL),7,"Computing, mathematics & applied sciences",0
Courses with Course Subject: Spanish (SPANISH),0,Academic requirements & procedures,0
Courses with Course Subject: Spanish (SPANISH),1,"History, China & global cultures",0
Courses with Course Subject: Spanish (SPANISH),2,Language learning & communication,2
Courses with Course Subject: Spanish (SPANISH),3,"University life, transfer & study away",0
Courses with Course Subject: Spanish (SPANISH),4,"Arts, media & writing",1
Courses with Course Subject: Spanish (SPANISH),5,"Society, economics & public policy",0
Courses with Course Subject: Spanish (SPANISH),6,"Biology, chemistry & health",0
Courses with Course Subject: Spanish (SPANISH),7,"Computing, mathematics & applied sciences",0
Courses with Course Subject: Statistics (STATS),0,Academic requirements & procedures,0
Courses with Course Subject: Statistics (STATS),1,"History, China & global cultures",0
Courses with Course Subject: Statistics (STATS),2,Language learning & communication,0
Courses with Course Subject: Statistics (STATS),3,"University life, transfer & study away",0
Courses with Course Subject: Statistics (STATS),4,"Arts, media & writing",0
Courses with Course Subject: Statistics (STATS),5,"Society, economics & public policy",1
Courses with Course Subject: Statistics (STATS),6,"Biology, chemistry & health",0
Courses with Course Subject: Statistics (STATS),7,"Computing, mathematics & applied sciences",14
Courses with Course Subject: US Studies (USTUD),0,Academic requirements & procedures,0
Courses with Course Subject: US Studies (USTUD),1,"History, China & global cultures",1
Courses with Course Subject: US Studies (USTUD),2,Language learning & communication,0
Courses with Course Subject: US Studies (USTUD),3,"University life, transfer & study away",0
Courses with Course Subject: US Studies (USTUD),4,"Arts, media & writing",3
Courses with Course Subject: US Studies (USTUD),5,"Society, economics & public policy",0
Courses with Course Subject: US Studies (USTUD),6,"Biology, chemistry & health",0
Courses with Course Subject: US Studies (USTUD),7,"Computing, mathematics & applied sciences",0
Courses with Course Subject: Written and Oral Communication (WOC),0,Academic requirements & procedures,0
Courses with Course Subject: Written and Oral Communication (WOC),1,"History, China & global cultures",1
Courses with Course Subject: Written and Oral Communication (WOC),2,Language learning & communication,11
Courses with Course Subject: Written and Oral Communication (WOC),3,"University life, transfer & study away",0
Courses with Course Subject: Written and Oral Communication (WOC),4,"Arts, media & writing",12
Courses with Course Subject: Written and Oral Communication (WOC),5,"Society, economics & public policy",1
Courses with Course Subject: Written and Oral Communication (WOC),6,"Biology, chemistry & health",0
Courses with Course Subject: Written and Oral Communication (WOC),7,"Computing, mathematics & applied sciences",0
Fall 2023,0,Academic requirements & procedures,5
Fall 2023,1,"History, China & global cultures",0
Fall 2023,2,Language learning & communication,0
Fall 2023,3,"University life, transfer & study away",0
Fall 2023,4,"Arts, media & writing",0
Fall 2023,5,"Society, economics & public policy",0
Fall 2023,6,"Biology, chemistry & health",0
Fall 2023,7,"Computing, mathematics & applied sciences",0
Spring 2024,0,Academic requirements & procedures,4
Spring 2024,1,"History, China & global cultures",0
Spring 2024,2,Language learning & communication,0
Spring 2024,3,"University life, transfer & study away",0
Spring 2024,4,"Arts, media & writing",0
Spring 2024,5,"Society, economics & public policy",0
Spring 2024,6,"Biology, chemistry & health",0
Spring 2024,7,"Computing, mathematics & applied sciences",0
Summer 2024,0,Academic requirements & procedures,1
Summer 2024,1,"History, China & global cultures",0
Summer 2024,2,Language learning & communication,0
Summer 2024,3,"University life, transfer & study away",0
Summer 2024,4,"Arts, media & writing",0
Summer 2024,5,"Society, economics & public policy",0
Summer 2024,6,"Biology, chemistry & health",0
Summer 2024,7,"Computing, mathematics & applied sciences",0
