record_id,source_tweet_id,tweet_text_raw,tweet_text,text_clean,sentiment_text,keyword,location,disaster_relevance,annotation_confidence,sentiment_negative,sentiment_neutral,sentiment_positive,sentiment,sentiment_score,model_confidence
778243827,16,Forest fire near La Ronge Sask. Canada,Forest fire near La Ronge Sask. Canada,forest fire near la ronge sask canada,Forest fire near La Ronge Sask. Canada,unknown,Unknown,Disaster-related,1.0,0.18072906136512756,0.7954658269882202,0.023805079981684685,Neutral,-0.15692398138344288,0.7954658269882202
778243843,23,#raining #flooding #Florida #TampaBay #Tampa 18 or 19 days. I've lost count ,#raining #flooding #Florida #TampaBay #Tampa 18 or 19 days. I've lost count,raining flooding florida tampabay tampa NUMBER NUMBER day lost count,#raining #flooding #Florida #TampaBay #Tampa 18 or 19 days. I've lost count,unknown,Unknown,Disaster-related,1.0,0.6854778528213501,0.2809300720691681,0.03359206020832062,Negative,-0.6518857926130295,0.6854778528213501
778243845,25,Damage to school bus on 80 in multi car crash #BREAKING ,Damage to school bus on 80 in multi car crash #BREAKING,damage school bus NUMBER multi car crash breaking,Damage to school bus on 80 in multi car crash #BREAKING,unknown,Unknown,Disaster-related,1.0,0.5505181550979614,0.4274453818798065,0.0220364797860384,Negative,-0.528481675311923,0.5505181550979614
778243859,37,London is cool ;),London is cool ;),london cool,London is cool ;),unknown,Unknown,Not disaster-related,1.0,0.004363329149782658,0.03266046941280365,0.9629762172698975,Positive,0.9586128881201148,0.9629762172698975
778243860,38,Love skiing,Love skiing,love skiing,Love skiing,unknown,Unknown,Not disaster-related,1.0,0.012866111472249031,0.04737217724323273,0.9397616982460022,Positive,0.9268955867737532,0.9397616982460022
778243866,43,Was in NYC last week!,Was in NYC last week!,nyc last week,Was in NYC last week!,unknown,Unknown,Not disaster-related,1.0,0.004288322292268276,0.5716209411621094,0.424090713262558,Neutral,0.4198023909702897,0.5716209411621094
778244864,6.29285E+17,@bbcmtd Wholesale Markets ablaze http://t.co/lHYXEOHY6C,@bbcmtd Wholesale Markets ablaze http://t.co/lHYXEOHY6C,USER wholesale market ablaze URL,@user Wholesale Markets ablaze http,ablaze,Birmingham,Disaster-related,0.8013,0.17325051128864288,0.7546519637107849,0.07209748029708862,Neutral,-0.10115303099155426,0.7546519637107849
778244869,6.29196E+17,On plus side LOOK AT THE SKY LAST NIGHT IT WAS ABLAZE http://t.co/qqsmshaJ3N,On plus side LOOK AT THE SKY LAST NIGHT IT WAS ABLAZE http://t.co/qqsmshaJ3N,plus side look sky last night ablaze URL,On plus side LOOK AT THE SKY LAST NIGHT IT WAS ABLAZE http,ablaze,"London, UK",Not disaster-related,0.6013,0.0037214625626802444,0.0539737194776535,0.9423048496246338,Positive,0.9385833870619535,0.9423048496246338
778244871,6.29155E+17,INEC Office in Abia Set Ablaze - http://t.co/3ImaomknnA,INEC Office in Abia Set Ablaze - http://t.co/3ImaomknnA,inec office abia set ablaze URL,INEC Office in Abia Set Ablaze - http,ablaze,World Wide!!,Disaster-related,1.0,0.03548874706029892,0.9359241724014282,0.028587015345692635,Neutral,-0.006901731714606285,0.9359241724014282
778244873,6.29262E+17,Ablaze for you Lord :D,Ablaze for you Lord :D,ablaze lord,Ablaze for you Lord :D,ablaze,Paranaque City,Not disaster-related,1.0,0.0036481779534369707,0.019775819033384323,0.9765759706497192,Positive,0.9729277926962823,0.9765759706497192
778244880,6.29272E+17,I wanted to set Chicago ablaze with my preaching... But not my hotel! http://t.co/o9qknbfOFX,I wanted to set Chicago ablaze with my preaching... But not my hotel! http://t.co/o9qknbfOFX,wanted set chicago ablaze preaching hotel URL,I wanted to set Chicago ablaze with my preaching... But not my hotel! http,ablaze,Unknown,Not disaster-related,1.0,0.5425851345062256,0.3502928912639618,0.1071220114827156,Negative,-0.43546312302351,0.5425851345062256
778244882,6.29081E+17,How the West was burned: Thousands of wildfires ablaze in California alone http://t.co/vl5TBR3wbr,How the West was burned: Thousands of wildfires ablaze in California alone http://t.co/vl5TBR3wbr,west burned thousand wildfire ablaze california alone URL,How the West was burned: Thousands of wildfires ablaze in California alone http,ablaze,"GREENSBORO,NORTH CAROLINA",Disaster-related,1.0,0.540313720703125,0.44547364115715027,0.014212614856660366,Negative,-0.5261011058464646,0.540313720703125
778244893,6.29334E+17,Police: Arsonist Deliberately Set Black Church In North CarolinaåÊAblaze http://t.co/pcXarbH9An,Police: Arsonist Deliberately Set Black Church In North CarolinaåÊAblaze http://t.co/pcXarbH9An,police arsonist deliberately set black church north carolinaåêablaze URL,Police: Arsonist Deliberately Set Black Church In North CarolinaåÊAblaze http,ablaze,Anaheim,Disaster-related,1.0,0.7584264874458313,0.23435422778129578,0.007219264283776283,Negative,-0.751207223162055,0.7584264874458313
778244896,6.29274E+17,TRUCK ABLAZE : R21. VOORTREKKER AVE. OUTSIDE OR TAMBO INTL. CARGO SECTION. http://t.co/8kscqKfKkF,TRUCK ABLAZE : R21. VOORTREKKER AVE. OUTSIDE OR TAMBO INTL. CARGO SECTION. http://t.co/8kscqKfKkF,truck ablaze voortrekker outside tambo intl cargo section URL,TRUCK ABLAZE : R21. VOORTREKKER AVE. OUTSIDE OR TAMBO INTL. CARGO SECTION. http,ablaze,South Africa,Disaster-related,1.0,0.03609320521354675,0.9211716055870056,0.042735181748867035,Neutral,0.006641976535320282,0.9211716055870056
778244899,6.29093E+17,How the West was burned: Thousands of wildfires ablaze in #California alone http://t.co/iCSjGZ9tE1 #climate #energy http://t.co/9FxmN0l0Bd,How the West was burned: Thousands of wildfires ablaze in #California alone http://t.co/iCSjGZ9tE1 #climate #energy http://t.co/9FxmN0l0Bd,west burned thousand wildfire ablaze california alone URL climate energy URL,How the West was burned: Thousands of wildfires ablaze in #California alone http #climate #energy http,ablaze,"Edmonton, Alberta - Treaty 6",Disaster-related,1.0,0.463178426027298,0.5209768414497375,0.015844764187932014,Neutral,-0.44733366183936596,0.5209768414497375
778244909,6.29285E+17,@nxwestmidlands huge fire at Wholesale markets ablaze http://t.co/rwzbFVNXER,@nxwestmidlands huge fire at Wholesale markets ablaze http://t.co/rwzbFVNXER,USER huge fire wholesale market ablaze URL,@user huge fire at Wholesale markets ablaze http,ablaze,Birmingham,Disaster-related,1.0,0.47981566190719604,0.48416098952293396,0.03602343425154686,Neutral,-0.4437922276556492,0.48416098952293396
778244923,6.29352E+17,I-77 Mile Marker 31 South Mooresville  Iredell Vehicle Accident Ramp Closed at 8/6 1:18 PM,I-77 Mile Marker 31 South Mooresville Iredell Vehicle Accident Ramp Closed at 8/6 1:18 PM,NUMBER mile marker NUMBER south mooresville iredell vehicle accident ramp closed NUMBER NUMBER NUMBER NUMBER pm,I-77 Mile Marker 31 South Mooresville Iredell Vehicle Accident Ramp Closed at 8/6 1:18 PM,accident,North Carolina,Disaster-related,1.0,0.2446095049381256,0.7394595146179199,0.015930917114019394,Neutral,-0.22867858782410622,0.7394595146179199
778244924,6.29352E+17,Coincidence Or #Curse? Still #Unresolved Secrets From Past http://t.co/7VG8Df9pLE #accident,Coincidence Or #Curse? Still #Unresolved Secrets From Past http://t.co/7VG8Df9pLE #accident,coincidence curse still unresolved secret past URL accident,Coincidence Or #Curse? Still #Unresolved Secrets From Past http #accident,accident,Massachusetts,Not disaster-related,0.7983,0.3904055655002594,0.5935137271881104,0.016080718487501144,Neutral,-0.37432484701275826,0.5935137271881104
778244929,6.29354E+17,I-77 Mile Marker 31 to 40 South Mooresville  Iredell Vehicle Accident Congestion at 8/6 1:18 PM,I-77 Mile Marker 31 to 40 South Mooresville Iredell Vehicle Accident Congestion at 8/6 1:18 PM,NUMBER mile marker NUMBER NUMBER south mooresville iredell vehicle accident congestion NUMBER NUMBER NUMBER NUMBER pm,I-77 Mile Marker 31 to 40 South Mooresville Iredell Vehicle Accident Congestion at 8/6 1:18 PM,accident,North Carolina,Disaster-related,1.0,0.15401577949523926,0.8279644846916199,0.01801970787346363,Neutral,-0.13599607162177563,0.8279644846916199
778244937,6.29355E+17,Accident in #Ashville on US 23 SB before SR 752 #traffic http://t.co/hylMo0WgFI,Accident in #Ashville on US 23 SB before SR 752 #traffic http://t.co/hylMo0WgFI,accident ashville u NUMBER sb sr NUMBER traffic URL,Accident in #Ashville on US 23 SB before SR 752 #traffic http,accident,"South Bloomfield, OH",Disaster-related,1.0,0.3691267967224121,0.6151916980743408,0.01568148471415043,Neutral,-0.3534453120082617,0.6151916980743408
778244947,6.29353E+17,;ACCIDENT PROPERTY DAMAGE; PINER RD/HORNDALE DR,;ACCIDENT PROPERTY DAMAGE; PINER RD/HORNDALE DR,accident property damage piner dr,;ACCIDENT PROPERTY DAMAGE; PINER RD/HORNDALE DR,accident,"Wilmington, NC",Disaster-related,0.7993,0.6150175929069519,0.36621734499931335,0.018765099346637726,Negative,-0.5962524935603142,0.6150175929069519
778244956,6.29353E+17,@Calum5SOS this happened on accident but I like it http://t.co/QHmXuljSX9,@Calum5SOS this happened on accident but I like it http://t.co/QHmXuljSX9,USER happened accident like URL,@user this happened on accident but I like it http,accident,Unknown,Not disaster-related,0.7984,0.021334994584321976,0.20825843513011932,0.7704066038131714,Positive,0.7490716092288494,0.7704066038131714
778244958,6.29352E+17,Please donate and spread the word! A training accident left the pole-vaulter Kira GrÌ_nberg a paraplegic http://t.co/6MpnyCl8PK,Please donate and spread the word! A training accident left the pole-vaulter Kira GrÌ_nberg a paraplegic http://t.co/6MpnyCl8PK,please donate spread word training accident left kira paraplegic URL,Please donate and spread the word! A training accident left the pole-vaulter Kira GrÌ_nberg a paraplegic http,accident,Las Vegas,Not disaster-related,0.6008,0.398832231760025,0.564277708530426,0.03689003363251686,Neutral,-0.36194219812750816,0.564277708530426
778244965,6.29028E+17,"'The man who can drive himself further once the effort gets painful is the man who will win.' 
Roger Bannister",'The man who can drive himself further once the effort gets painful is the man who will win.' Roger Bannister,man drive effort get painful man win roger bannister,'The man who can drive himself further once the effort gets painful is the man who will win.' Roger Bannister,aftershock,304,Not disaster-related,1.0,0.01712135784327984,0.3982120752334595,0.5846665501594543,Positive,0.5675451923161745,0.5846665501594543
778244967,6.28867E+17,320 [IR] ICEMOON [AFTERSHOCK] | http://t.co/yNXnvVKCDA | @djicemoon | #Dubstep #TrapMusic #DnB #EDM #Dance #IcesÛ_ http://t.co/weQPesENku,320 [IR] ICEMOON [AFTERSHOCK] | http://t.co/yNXnvVKCDA | @djicemoon | #Dubstep #TrapMusic #DnB #EDM #Dance #Ices Û_ http://t.co/weQPesENku,NUMBER ir icemoon aftershock URL USER dubstep trapmusic dnb edm dance ice URL,320 [IR] ICEMOON [AFTERSHOCK] | http | @user | #Dubstep #TrapMusic #DnB #EDM #Dance #Ices Û_ http,aftershock,Switzerland,Not disaster-related,1.0,0.007528932765126228,0.9461649060249329,0.04630620405077934,Neutral,0.038777271285653114,0.9461649060249329
778244973,6.29023E+17,'Nobody remembers who came in second.' Charles Schulz,'Nobody remembers who came in second.' Charles Schulz,remembers came second charles schulz,'Nobody remembers who came in second.' Charles Schulz,aftershock,304,Not disaster-related,1.0,0.05492151901125908,0.8628962635993958,0.08218227326869965,Neutral,0.027260754257440567,0.8628962635993958
778244978,6.29126E+17,Aftershock was the most terrifying best roller coaster I've ever been on. *DISCLAIMER* I've been on very few.,Aftershock was the most terrifying best roller coaster I've ever been on. *DISCLAIMER* I've been on very few.,aftershock terrifying best roller coaster ever disclaimer,Aftershock was the most terrifying best roller coaster I've ever been on. *DISCLAIMER* I've been on very few.,aftershock,Unknown,Not disaster-related,1.0,0.06285610795021057,0.09589355438947678,0.8412503004074097,Positive,0.7783941924571991,0.8412503004074097
778244995,6.28901E+17,Aftershock https://t.co/Ecy4U623nO,Aftershock https://t.co/Ecy4U623nO,aftershock URL,Aftershock http,aftershock,Unknown,Not disaster-related,0.503,0.10612746328115463,0.839974582195282,0.05389797315001488,Neutral,-0.052229490131139755,0.839974582195282
778245000,6.29008E+17,'Remembering that you are going to die is the best way I know to avoid the trap of thinking you have something to lose.' ÛÒ Steve Jobs,'Remembering that you are going to die is the best way I know to avoid the trap of thinking you have something to lose.' ÛÒ Steve Jobs,going die best way know avoid trap thinking something lose ûò steve job,'Remembering that you are going to die is the best way I know to avoid the trap of thinking you have something to lose.' ÛÒ Steve Jobs,aftershock,304,Not disaster-related,1.0,0.088371641933918,0.47441595792770386,0.43721234798431396,Neutral,0.34884070605039597,0.47441595792770386
778245004,6.2887E+17,Brass and Copper in Cataclysm &amp; AfterShock!!! http://t.co/uxYZyaygTy,Brass and Copper in Cataclysm & AfterShock!!! http://t.co/uxYZyaygTy,brass copper cataclysm aftershock URL,Brass and Copper in Cataclysm & AfterShock!!! http,aftershock,"London, England",Not disaster-related,1.0,0.01315885316580534,0.7312942743301392,0.255546897649765,Neutral,0.24238804448395967,0.7312942743301392
778245007,6.29122E+17,Aftershock back to school kick off was great. I want to thank everyone for making it possible. What a great night.,Aftershock back to school kick off was great. I want to thank everyone for making it possible. What a great night.,aftershock back school kick great want thank everyone making possible great night,Aftershock back to school kick off was great. I want to thank everyone for making it possible. What a great night.,aftershock,Unknown,Not disaster-related,1.0,0.0030486392788589,0.007996970787644386,0.9889544248580933,Positive,0.9859057855792344,0.9889544248580933
778245013,6.27056E+17,Strict liability in the context of an airplane accident: Pilot error is a common component of most aviation cr... http://t.co/6CZ3bOhRd4,Strict liability in the context of an airplane accident: Pilot error is a common component of most aviation cr... http://t.co/6CZ3bOhRd4,strict liability context airplane accident pilot error common component aviation cr URL,Strict liability in the context of an airplane accident: Pilot error is a common component of most aviation cr... http,airplane accident,Pennsylvania,Disaster-related,0.5986,0.668349027633667,0.32062283158302307,0.011028106324374676,Negative,-0.6573209213092923,0.668349027633667
778245016,6.26873E+17,When carelessness leads to an aviation accident the victim has the right to seek compensation for damages. http://t.co/eqAG6rz1vO,When carelessness leads to an aviation accident the victim has the right to seek compensation for damages. http://t.co/eqAG6rz1vO,carelessness lead aviation accident victim right seek compensation damage URL,When carelessness leads to an aviation accident the victim has the right to seek compensation for damages. http,airplane accident,"Lake Charles, LA",Disaster-related,0.6001,0.6876173615455627,0.30058836936950684,0.01179429516196251,Negative,-0.6758230663836002,0.6876173615455627
778245020,6.26977E+17,Man Goes into Airplane Engine Accident: http://t.co/TYJxrFd3St via @YouTube,Man Goes into Airplane Engine Accident: http://t.co/TYJxrFd3St via @YouTube,man go airplane engine accident URL via USER,Man Goes into Airplane Engine Accident: http via @user,airplane accident,"Jaipur, India",Disaster-related,1.0,0.2438715398311615,0.7434715628623962,0.012656932696700096,Neutral,-0.2312146071344614,0.7434715628623962
778245032,6.28941E+17,Experts in France begin examining airplane debris found on Reunion Island: French air accident experts on... http://t.co/TagZbcXFj0 #MLB,Experts in France begin examining airplane debris found on Reunion Island: French air accident experts on... http://t.co/TagZbcXFj0 #MLB,expert france begin examining airplane debris found reunion island french air accident expert URL mlb,Experts in France begin examining airplane debris found on Reunion Island: French air accident experts on... http #MLB,airplane accident,Somewhere Out There,Disaster-related,1.0,0.03134716674685478,0.9473810195922852,0.021271852776408195,Neutral,-0.010075313970446587,0.9473810195922852
778245036,6.28376E+17,Horrible Accident Man Died In Wings of Airplane (29-07-2015) http://t.co/TfcdRONRA6,Horrible Accident Man Died In Wings of Airplane (29-07-2015) http://t.co/TfcdRONRA6,horrible accident man died wing airplane NUMBER NUMBER NUMBER URL,Horrible Accident Man Died In Wings of Airplane (29-07-2015) http,airplane accident,sri lanka,Disaster-related,0.8014,0.889415442943573,0.10421165078878403,0.00637289322912693,Negative,-0.8830425497144461,0.889415442943573
778245039,6.27932E+17,@god if an accident were to happen on this airplane idc if the rest of my luggage is completely destroyed just please save my makeup,@god if an accident were to happen on this airplane idc if the rest of my luggage is completely destroyed just please save my makeup,USER accident happen airplane idc rest luggage completely destroyed please save makeup,@user if an accident were to happen on this airplane idc if the rest of my luggage is completely destroyed just please save my makeup,airplane accident,inland empire ca,Not disaster-related,0.8032,0.822361171245575,0.15754975378513336,0.020089006051421165,Negative,-0.8022721651941538,0.822361171245575
778245041,6.27097E+17,Strict liability in the context of an airplane accident - http://t.co/gibyQHhKpk,Strict liability in the context of an airplane accident - http://t.co/gibyQHhKpk,strict liability context airplane accident URL,Strict liability in the context of an airplane accident - http,airplane accident,"Lehigh Valley, PA",Disaster-related,0.8008,0.18829920887947083,0.7931953072547913,0.018505554646253586,Neutral,-0.16979365423321724,0.7931953072547913
778245043,6.27542E+17,#UPDATE: Picture from the Penn Twp. airplane accident. http://t.co/6JfgDnZRlC,#UPDATE: Picture from the Penn Twp. airplane accident. http://t.co/6JfgDnZRlC,update picture penn twp airplane accident URL,#UPDATE: Picture from the Penn Twp. airplane accident. http,airplane accident,Unknown,Disaster-related,1.0,0.26826992630958557,0.7151012420654297,0.016628852114081383,Neutral,-0.2516410741955042,0.7151012420654297
778245047,6.26457E+17,Horrible Accident Man Died In Wings Of ÛÏAirplaneÛ 29-07-2015. WTF You CanÛªt Believe Your EYES ÛÒ... http://t.co/6fFyLAjWpS,Horrible Accident Man Died In Wings Of ÛÏAirplane Û 29-07-2015. WTF You Can Ûªt Believe Your EYES ÛÒ... http://t.co/6fFyLAjWpS,horrible accident man died wing ûïairplane û NUMBER NUMBER NUMBER wtf ûªt believe eye ûò URL,Horrible Accident Man Died In Wings Of ÛÏAirplane Û 29-07-2015. WTF You Can Ûªt Believe Your EYES ÛÒ... http,airplane accident,Thrissur,Disaster-related,0.8014,0.9210600852966309,0.07294830679893494,0.005991606041789055,Negative,-0.9150684792548418,0.9210600852966309
778245053,6.2715E+17,"#OMG! I don't believe this. #RIP bro
#AirPlane #Accident #JetEngine #TurboJet #Boing #G90 http://t.co/KXxnSZp6nk",#OMG! I don't believe this. #RIP bro #AirPlane #Accident #JetEngine #TurboJet #Boing #G90 http://t.co/KXxnSZp6nk,omg believe rip bro airplane accident jetengine turbojet boing URL,#OMG! I don't believe this. #RIP bro #AirPlane #Accident #JetEngine #TurboJet #Boing #G90 http,airplane accident,92,Disaster-related,1.0,0.8665072321891785,0.12116310745477676,0.012329722754657269,Negative,-0.8541775094345212,0.8665072321891785
778245056,6.27675E+17,I had a airplane accident.,I had a airplane accident.,airplane accident,I had a airplane accident.,airplane accident,Israel,Disaster-related,0.7999,0.696578860282898,0.27752387523651123,0.025897275656461716,Negative,-0.6706815846264362,0.696578860282898
778245058,6.26919E+17,Statistically I'm at more of risk of getting killed by a cop than I am of dying in an airplane accident.,Statistically I'm at more of risk of getting killed by a cop than I am of dying in an airplane accident.,statistically risk getting killed cop dying airplane accident,Statistically I'm at more of risk of getting killed by a cop than I am of dying in an airplane accident.,airplane accident,"San Francisco, CA",Not disaster-related,0.7984,0.7735638618469238,0.20893722772598267,0.017498916015028954,Negative,-0.7560649458318949,0.7735638618469238
778245064,6.29334E+17,Two air ambulances on scene of serious crash between two cars and lorry in ... - http://t.co/9pFEaQeSki http://t.co/fntG70rnkx | #EMSNeÛ_,Two air ambulances on scene of serious crash between two cars and lorry in ... - http://t.co/9pFEaQeSki http://t.co/fntG70rnkx | #EMSNe Û_,two air ambulance scene serious crash two car lorry URL URL emsne,Two air ambulances on scene of serious crash between two cars and lorry in ... - http http | #EMSNe Û_,ambulance,New York / Worldwide,Disaster-related,1.0,0.20187801122665405,0.776764452457428,0.021357493475079536,Neutral,-0.18052051775157452,0.776764452457428
778245069,6.29344E+17,Twelve feared killed in Pakistani air ambulance helicopter crash http://t.co/Xum8YLcb4Q,Twelve feared killed in Pakistani air ambulance helicopter crash http://t.co/Xum8YLcb4Q,twelve feared killed pakistani air ambulance helicopter crash URL,Twelve feared killed in Pakistani air ambulance helicopter crash http,ambulance,Unknown,Disaster-related,1.0,0.5048412084579468,0.48246899247169495,0.012689724564552307,Negative,-0.49215148389339447,0.5048412084579468
778245074,6.29348E+17,@20skyhawkmm20 @traplord_29 @FREDOSANTANA300 @LilReese300 it was hella crazy 3 fights an ambulance and a couple mosh pits ??,@20skyhawkmm20 @traplord_29 @FREDOSANTANA300 @LilReese300 it was hella crazy 3 fights an ambulance and a couple mosh pits ??,USER USER USER USER hella crazy NUMBER fight ambulance couple mosh pit,@user @user @user @user it was hella crazy 3 fights an ambulance and a couple mosh pits ??,ambulance,Arizona,Disaster-related,0.6066,0.10940025746822357,0.405199259519577,0.4854004979133606,Positive,0.376000240445137,0.4854004979133606
778245075,6.29341E+17,@disneyxrowbrina the ambulance isn't even parked well like its nearly on top of someone's car I'm laughing,@disneyxrowbrina the ambulance isn't even parked well like its nearly on top of someone's car I'm laughing,USER ambulance even parked well like nearly top someone car laughing,@user the ambulance isn't even parked well like its nearly on top of someone's car I'm laughing,ambulance,born on september 1st,Not disaster-related,1.0,0.5566805005073547,0.36333054304122925,0.07998891174793243,Negative,-0.4766915887594223,0.5566805005073547
778245082,6.29344E+17,Pakistan air ambulance helicopter crash kills nine http://t.co/8E7rY8eBMf,Pakistan air ambulance helicopter crash kills nine http://t.co/8E7rY8eBMf,pakistan air ambulance helicopter crash kill nine URL,Pakistan air ambulance helicopter crash kills nine http,ambulance,Unknown,Disaster-related,1.0,0.7537081241607666,0.2384236454963684,0.007868185639381409,Negative,-0.7458399385213852,0.7537081241607666
778245101,6.29334E+17,http://t.co/X5YEUYLT1X Twelve feared killed in Pakistani air ambulance helicopter crash http://t.co/2UgrMd1z1n,http://t.co/X5YEUYLT1X Twelve feared killed in Pakistani air ambulance helicopter crash http://t.co/2UgrMd1z1n,URL twelve feared killed pakistani air ambulance helicopter crash URL,http Twelve feared killed in Pakistani air ambulance helicopter crash http,ambulance,Unknown,Disaster-related,1.0,0.4991394281387329,0.48792144656181335,0.0129390899091959,Negative,-0.486200338229537,0.4991394281387329
778245106,6.29334E+17,What's the police or ambulance number in Lesotho? Any body know?,What's the police or ambulance number in Lesotho? Any body know?,police ambulance number lesotho body know,What's the police or ambulance number in Lesotho? Any body know?,ambulance,Unknown,Not disaster-related,0.5006,0.19452932476997375,0.7875641584396362,0.01790647581219673,Neutral,-0.17662284895777702,0.7875641584396362
778245111,6.29348E+17,so privileged and proud to wear this uniform.?? #NHS #Ambulance #GayUK #Uniform #Proud #Privileged #WhatsYourEmergency http://t.co/0BkmuhYSFx,so privileged and proud to wear this uniform.?? #NHS #Ambulance #GayUK #Uniform #Proud #Privileged #WhatsYourEmergency http://t.co/0BkmuhYSFx,privileged proud wear nh ambulance gayuk uniform proud privileged whatsyouremergency URL,so privileged and proud to wear this uniform.?? #NHS #Ambulance #GayUK #Uniform #Proud #Privileged #WhatsYourEmergency http,ambulance,"Chorley, Lancashire, UK",Not disaster-related,0.6018,0.0168046485632658,0.2107730656862259,0.7724223136901855,Positive,0.7556176651269197,0.7724223136901855
778245113,6.29013E+17,THEY SHALL BE ANNIHILATED AND ALL OF THEIR PETEBESTS DESSICATED AND LAID BARE. THEN YOU SHALL KNEEL BEFORE ME.,THEY SHALL BE ANNIHILATED AND ALL OF THEIR PETEBESTS DESSICATED AND LAID BARE. THEN YOU SHALL KNEEL BEFORE ME.,shall annihilated petebests dessicated laid bare shall kneel,THEY SHALL BE ANNIHILATED AND ALL OF THEIR PETEBESTS DESSICATED AND LAID BARE. THEN YOU SHALL KNEEL BEFORE ME.,annihilated,"Horsemind, MI",Not disaster-related,0.7964,0.8383962512016296,0.1470186412334442,0.014585093595087528,Negative,-0.8238111576065421,0.8383962512016296
778245114,6.29089E+17,Uribe just annihilated that baseball. #Mets,Uribe just annihilated that baseball. #Mets,uribe annihilated baseball mets,Uribe just annihilated that baseball. #Mets,annihilated,"New York, NY",Not disaster-related,0.7974,0.09187092632055283,0.2631370723247528,0.644991934299469,Positive,0.5531210079789162,0.644991934299469
778245127,6.29005E+17,"@_drodrolagi #handplacementgoals 
Bro we annihilated that hashtag this week.",@_drodrolagi #handplacementgoals Bro we annihilated that hashtag this week.,USER handplacementgoals bro annihilated hashtag week,@user #handplacementgoals Bro we annihilated that hashtag this week.,annihilated,Unknown,Not disaster-related,1.0,0.014909900724887848,0.07621487975120544,0.9088751673698425,Positive,0.8939652666449547,0.9088751673698425
778245128,6.29049E+17,You must be annihilated!,You must be annihilated!,must annihilated,You must be annihilated!,annihilated,Unknown,Not disaster-related,0.8556,0.884562611579895,0.09247209876775742,0.02296532690525055,Negative,-0.8615972846746445,0.884562611579895
778245141,6.29059E+17,@thehill this is 1 example of y the Conservatives annihilated Burton v Wiimington Prkng Auth while Liberals stood by &amp;have done nothing,@thehill this is 1 example of y the Conservatives annihilated Burton v Wiimington Prkng Auth while Liberals stood by &have done nothing,USER NUMBER example conservative annihilated burton v wiimington prkng auth liberal stood done nothing,@user this is 1 example of y the Conservatives annihilated Burton v Wiimington Prkng Auth while Liberals stood by &have done nothing,annihilated,upstate NY,Disaster-related,0.8001,0.8205584287643433,0.17103151977062225,0.008410065434873104,Negative,-0.8121483633294702,0.8205584287643433
778245145,6.29009E+17,@PhilipDuncan @breakfastone People 'annihilated by last nights weather'... Really Philip thought you would have forecast that...,@PhilipDuncan @breakfastone People 'annihilated by last nights weather'... Really Philip thought you would have forecast that...,USER USER people last night weather really philip thought would forecast,@user @user People 'annihilated by last nights weather'... Really Philip thought you would have forecast that...,annihilated,South 37,Disaster-related,0.8346,0.6249809861183167,0.35674506425857544,0.01827394589781761,Negative,-0.606707040220499,0.6249809861183167
778245151,6.29006E+17,just completely annihilated cech with paul keegan what a time to be alive,just completely annihilated cech with paul keegan what a time to be alive,completely annihilated cech paul keegan time alive,just completely annihilated cech with paul keegan what a time to be alive,annihilated,Û¢ Views From The Six Û¢,Not disaster-related,0.8363,0.01569855399429798,0.13360680639743805,0.8506946563720703,Positive,0.8349961023777723,0.8506946563720703
778245163,6.29106E+17,@POTUS Maybe we should call Israel and tell them we're sorry are Pres has sold them down the river to annihilation.,@POTUS Maybe we should call Israel and tell them we're sorry are Pres has sold them down the river to annihilation.,USER maybe call israel tell sorry pres sold river annihilation,@user Maybe we should call Israel and tell them we're sorry are Pres has sold them down the river to annihilation.,annihilation,Unknown,Not disaster-related,0.505,0.840700089931488,0.1519668996334076,0.007333023473620415,Negative,-0.8333670664578676,0.840700089931488
778245166,6.29106E+17,Please sign &amp; RT to save #SaltRiverWildHorses http://t.co/GB8ispiaRP http://t.co/Bx0l87iNc8,Please sign & RT to save #SaltRiverWildHorses http://t.co/GB8ispiaRP http://t.co/Bx0l87iNc8,please sign rt save saltriverwildhorses URL URL,Please sign & RT to save #SaltRiverWildHorses http http,annihilation,Unknown,Disaster-related,0.7994,0.011721880175173283,0.645738422870636,0.34253963828086853,Neutral,0.33081775810569525,0.645738422870636
778245173,6.29101E+17,Please share and sign this petition to save wild horses in Arizona. http://t.co/3tsSXPHuFE,Please share and sign this petition to save wild horses in Arizona. http://t.co/3tsSXPHuFE,please share sign petition save wild horse arizona URL,Please share and sign this petition to save wild horses in Arizona. http,annihilation,"Yeezy Taught Me , NV",Not disaster-related,1.0,0.014766015112400055,0.6257123947143555,0.3595215976238251,Neutral,0.344755582511425,0.6257123947143555
778245176,6.29097E+17,U.S National Park Services Tonto National Forest: Stop the Annihilation of the Salt River Wild Horse... http://t.co/KPQk0C4G0M via @Change,U.S National Park Services Tonto National Forest: Stop the Annihilation of the Salt River Wild Horse... http://t.co/KPQk0C4G0M via @Change,national park service tonto national forest stop annihilation salt river wild horse URL via USER,U.S National Park Services Tonto National Forest: Stop the Annihilation of the Salt River Wild Horse... http via @user,annihilation,Unknown,Disaster-related,1.0,0.06911987066268921,0.9013890624046326,0.029491016641259193,Neutral,-0.039628854021430016,0.9013890624046326
778245182,6.2911E+17,***Latest Updates on the Salt River Wild Horse Round-up*** https://t.co/WJsCdvCevH via @Change,***Latest Updates on the Salt River Wild Horse Round-up*** https://t.co/WJsCdvCevH via @Change,latest update salt river wild horse URL via USER,***Latest Updates on the Salt River Wild Horse Round-up*** http via @user,annihilation,High Desert,Not disaster-related,0.5976,0.003889220766723156,0.9444549083709717,0.05165586620569229,Neutral,0.047766645438969135,0.9444549083709717
778245183,6.29109E+17,U.S National Park Services Tonto National Forest: Stop the Annihilation of the Salt River Wild Horse... https://t.co/W5Rhtuey90 via @Change,U.S National Park Services Tonto National Forest: Stop the Annihilation of the Salt River Wild Horse... https://t.co/W5Rhtuey90 via @Change,national park service tonto national forest stop annihilation salt river wild horse URL via USER,U.S National Park Services Tonto National Forest: Stop the Annihilation of the Salt River Wild Horse... http via @user,annihilation,"Plovdiv, Bulgaria",Not disaster-related,1.0,0.06911987066268921,0.9013890624046326,0.029491016641259193,Neutral,-0.039628854021430016,0.9013890624046326
778245189,6.29099E+17,@BosTeenAuthFest Out of the Silent Planet in print and Annihilation on audio.,@BosTeenAuthFest Out of the Silent Planet in print and Annihilation on audio.,USER silent planet print annihilation audio,@user Out of the Silent Planet in print and Annihilation on audio.,annihilation,"Rhode Island, USA",Not disaster-related,1.0,0.022924069315195084,0.9056582450866699,0.0714176669716835,Neutral,0.04849359765648842,0.9056582450866699
778245190,6.29102E+17,RT SIGN URGENT Stop the Annihilation of the Salt River Wild Horses!!! #savewildhorses #saltriverhorses https://t.co/8AZjFF8eSi,RT SIGN URGENT Stop the Annihilation of the Salt River Wild Horses!!! #savewildhorses #saltriverhorses https://t.co/8AZjFF8eSi,rt sign urgent stop annihilation salt river wild horse savewildhorses saltriverhorses URL,RT SIGN URGENT Stop the Annihilation of the Salt River Wild Horses!!! #savewildhorses #saltriverhorses http,annihilation,Unknown,Disaster-related,0.8054,0.7338802814483643,0.24500779807567596,0.021111924201250076,Negative,-0.7127683572471142,0.7338802814483643
778245200,6.29106E+17,U.S National Park Services Tonto National Forest: Stop the Annihilation of the Salt River Wild Horse... https://t.co/x2Wn7O2a3w via @Change,U.S National Park Services Tonto National Forest: Stop the Annihilation of the Salt River Wild Horse... https://t.co/x2Wn7O2a3w via @Change,national park service tonto national forest stop annihilation salt river wild horse URL via USER,U.S National Park Services Tonto National Forest: Stop the Annihilation of the Salt River Wild Horse... http via @user,annihilation,"Tacoma,Washington",Not disaster-related,0.7999,0.06911987066268921,0.9013890624046326,0.029491016641259193,Neutral,-0.039628854021430016,0.9013890624046326
778245201,6.29104E+17,U.S National Park Services Tonto National Forest: Stop the Annihilation of the Salt River Wild Horse... http://t.co/k0q4fnBzss via @Change,U.S National Park Services Tonto National Forest: Stop the Annihilation of the Salt River Wild Horse... http://t.co/k0q4fnBzss via @Change,national park service tonto national forest stop annihilation salt river wild horse URL via USER,U.S National Park Services Tonto National Forest: Stop the Annihilation of the Salt River Wild Horse... http via @user,annihilation,Unknown,Disaster-related,0.6065,0.06911987066268921,0.9013890624046326,0.029491016641259193,Neutral,-0.039628854021430016,0.9013890624046326
778245211,6.29114E+17,U.S National Park Services Tonto National Forest: Stop the Annihilation of the Salt River Wild Horse... https://t.co/i0z3k0chgg via @Change,U.S National Park Services Tonto National Forest: Stop the Annihilation of the Salt River Wild Horse... https://t.co/i0z3k0chgg via @Change,national park service tonto national forest stop annihilation salt river wild horse URL via USER,U.S National Park Services Tonto National Forest: Stop the Annihilation of the Salt River Wild Horse... http via @user,annihilation,Unknown,Not disaster-related,0.5994,0.06911987066268921,0.9013890624046326,0.029491016641259193,Neutral,-0.039628854021430016,0.9013890624046326
778245213,6.29116E+17,ohH NO FUKURODANI DIDN'T SURVIVE THE APOCALYPSE BOKUTO FEELS HORRIBLE  my poor boy my ppor child,ohH NO FUKURODANI DIDN'T SURVIVE THE APOCALYPSE BOKUTO FEELS HORRIBLE my poor boy my ppor child,ohh fukurodani survive apocalypse bokuto feel horrible poor boy ppor child,ohH NO FUKURODANI DIDN'T SURVIVE THE APOCALYPSE BOKUTO FEELS HORRIBLE my poor boy my ppor child,apocalypse,sindria,Disaster-related,0.603,0.9485607147216797,0.04442508518695831,0.007014146540313959,Negative,-0.9415465681813657,0.9485607147216797
778245220,6.29125E+17,Another hour! It's August 05 2015 at 08:02PM Here's Red Rover Zombie Apocalypse 2014! http://t.co/cf9e6TU3g7 #internetradio #collegeradiÛ_,Another hour! It's August 05 2015 at 08:02PM Here's Red Rover Zombie Apocalypse 2014! http://t.co/cf9e6TU3g7 #internetradio #collegeradi Û_,another hour august NUMBER NUMBER NUMBER red rover zombie apocalypse NUMBER URL internetradio collegeradi,Another hour! It's August 05 2015 at 08:02PM Here's Red Rover Zombie Apocalypse 2014! http #internetradio #collegeradi Û_,apocalypse,"Elk Grove, CA, USA",Disaster-related,0.8001,0.027097193524241447,0.8530164957046509,0.11988631635904312,Neutral,0.09278912283480167,0.8530164957046509
778245236,6.29117E+17,candylit: Imagine sarumi in a zombie apocalypse Fighting back to back Heart to heart conversations over the... http://t.co/xIZkjffF29,candylit: Imagine sarumi in a zombie apocalypse Fighting back to back Heart to heart conversations over the... http://t.co/xIZkjffF29,candylit imagine sarumi zombie apocalypse fighting back back heart heart conversation URL,candylit: Imagine sarumi in a zombie apocalypse Fighting back to back Heart to heart conversations over the... http,apocalypse,"Buenos Aires, Argentina",Not disaster-related,0.5994,0.0993630662560463,0.8606409430503845,0.039996009320020676,Neutral,-0.05936705693602562,0.8606409430503845
778245242,6.29118E+17,@alexandrapullin It is indeed. If the apocalypse comes this week I know where I'll be :),@alexandrapullin It is indeed. If the apocalypse comes this week I know where I'll be :),USER indeed apocalypse come week know,@user It is indeed. If the apocalypse comes this week I know where I'll be :),apocalypse,San Francisco,Not disaster-related,0.7988,0.2465004026889801,0.401475727558136,0.3520238995552063,Neutral,0.1055234968662262,0.401475727558136
778245249,6.29126E+17,|LIVE NOW| Princes of the Apocalypse:  D&amp;D Encounters #meerkat http://t.co/oY9ES9FVlt,|LIVE NOW| Princes of the Apocalypse: D&D Encounters #meerkat http://t.co/oY9ES9FVlt,prince apocalypse encounter meerkat URL,|LIVE NOW| Princes of the Apocalypse: D&D Encounters #meerkat http,apocalypse,"Irvine, CA",Not disaster-related,0.8,0.007368430029600859,0.9313493967056274,0.061282236129045486,Neutral,0.05391380609944463,0.9313493967056274
778245252,6.29126E+17,Shot Through The Heart XV: You are going to totally give love a bad name with this heart pierc http://t.co/xpFmR368uF http://t.co/ejdHvLKXAf,Shot Through The Heart XV: You are going to totally give love a bad name with this heart pierc http://t.co/xpFmR368uF http://t.co/ejdHvLKXAf,shot heart xv going totally give love bad name heart pierc URL URL,Shot Through The Heart XV: You are going to totally give love a bad name with this heart pierc http http,apocalypse,Unknown,Not disaster-related,1.0,0.7300369739532471,0.238206684589386,0.03175638988614082,Negative,-0.6982805840671062,0.7300369739532471
778245264,6.29027E+17,((OFFICIAL VID)) #DoubleCups &gt;&gt; https://t.co/lfKMTZaEkk &gt;&gt; @TrubGME Prod @THISIZBWRIGHT &gt;&gt; #ARMAGEDDON,((OFFICIAL VID)) #DoubleCups >> https://t.co/lfKMTZaEkk >> @TrubGME Prod @THISIZBWRIGHT >> #ARMAGEDDON,official vid doublecups URL USER prod USER armageddon,((OFFICIAL VID)) #DoubleCups >> http >> @user Prod @user >> #ARMAGEDDON,armageddon,#FLIGHTCITY UK,Not disaster-related,1.0,0.00559321278706193,0.9114900827407837,0.08291679620742798,Neutral,0.07732358342036605,0.9114900827407837
778245266,6.2903E+17,ouvindo Peace Love &amp; Armageddon,ouvindo Peace Love & Armageddon,ouvindo peace love armageddon,ouvindo Peace Love & Armageddon,armageddon,Unknown,Not disaster-related,1.0,0.033862125128507614,0.4530904293060303,0.513047456741333,Positive,0.4791853316128254,0.513047456741333
778245270,6.29085E+17,@KatieKatCubs you already know how this shit goes. World Series or Armageddon.,@KatieKatCubs you already know how this shit goes. World Series or Armageddon.,USER already know shit go world series armageddon,@user you already know how this shit goes. World Series or Armageddon.,armageddon,Wrigley Field,Not disaster-related,0.7958,0.9041491150856018,0.08657699823379517,0.009273857809603214,Negative,-0.8948752572759986,0.9041491150856018
778245277,6.29004E+17,YOUR PHONE IS SPYING ON YOU! Hidden Back Door NSA Data Mining Software | THE FINANCIAL ARMAGEDDON BLOG http://t.co/qyCw5JJaj1,YOUR PHONE IS SPYING ON YOU! Hidden Back Door NSA Data Mining Software | THE FINANCIAL ARMAGEDDON BLOG http://t.co/qyCw5JJaj1,phone spying hidden back door nsa data mining software financial armageddon blog URL,YOUR PHONE IS SPYING ON YOU! Hidden Back Door NSA Data Mining Software | THE FINANCIAL ARMAGEDDON BLOG http,armageddon,USA,Not disaster-related,0.795,0.4471164643764496,0.5160958170890808,0.036787696182727814,Neutral,-0.41032876819372177,0.5160958170890808
778245285,6.29017E+17,@paddytomlinson1 ARMAGEDDON,@paddytomlinson1 ARMAGEDDON,USER armageddon,@user ARMAGEDDON,armageddon,"Derry, 17",Not disaster-related,0.5992,0.0510796420276165,0.7940518260002136,0.15486855804920197,Neutral,0.10378891602158546,0.7940518260002136
778245288,6.29085E+17,God's Kingdom (Heavenly Gov't) will rule over all people on the earth after Armageddon.  http://t.co/8HGcBXUkz0  http://t.co/4kopkCyvTt,God's Kingdom (Heavenly Gov't) will rule over all people on the earth after Armageddon. http://t.co/8HGcBXUkz0 http://t.co/4kopkCyvTt,god kingdom heavenly rule people earth armageddon URL URL,God's Kingdom (Heavenly Gov't) will rule over all people on the earth after Armageddon. http http,armageddon,Worldwide,Not disaster-related,0.7988,0.00813891552388668,0.3304460048675537,0.6614150404930115,Positive,0.6532761249691248,0.6614150404930115
778245291,6.29036E+17,LetÛªs talk some more about your goof guild Saunders. Come right up here on stage. https://t.co/hkBxxvd9Iw,Let Ûªs talk some more about your goof guild Saunders. Come right up here on stage. https://t.co/hkBxxvd9Iw,let ûªs talk goof guild saunders come right stage URL,Let Ûªs talk some more about your goof guild Saunders. Come right up here on stage. http,armageddon,Nowhere. Everywhere.,Not disaster-related,1.0,0.011639063246548176,0.586463451385498,0.40189751982688904,Neutral,0.39025845658034086,0.586463451385498
778245299,6.28996E+17,European Fitba till Christmas  ARMAGEDDON,European Fitba till Christmas ARMAGEDDON,european fitba till christmas armageddon,European Fitba till Christmas ARMAGEDDON,armageddon,East Kilbride,Not disaster-related,1.0,0.007302398327738047,0.8346909284591675,0.15800663828849792,Neutral,0.15070423996075988,0.8346909284591675
778245304,6.29036E+17,Remember to crowd around the baggage carousel like it's armageddon and the bags are the last remaining food items on earth you animals.,Remember to crowd around the baggage carousel like it's armageddon and the bags are the last remaining food items on earth you animals.,remember crowd around baggage carousel like armageddon bag last remaining food item earth animal,Remember to crowd around the baggage carousel like it's armageddon and the bags are the last remaining food items on earth you animals.,armageddon,West Covina CA,Not disaster-related,0.7976,0.5517483949661255,0.3823924958705902,0.06585917621850967,Negative,-0.4858892187476158,0.5517483949661255
778245309,6.29031E+17,**OFFICIAL VID** #TheReal &gt;&gt;&gt; https://t.co/4i0Rjc9RQU &gt;&gt;&gt; @TrubGME &gt;&gt;&gt; #ARMAGEDDON Comin Soon!!,**OFFICIAL VID** #TheReal >>> https://t.co/4i0Rjc9RQU >>> @TrubGME >>> #ARMAGEDDON Comin Soon!!,official vid thereal URL USER armageddon comin soon,**OFFICIAL VID** #TheReal >>> http >>> @user >>> #ARMAGEDDON Comin Soon!!,armageddon,#FLIGHTCITY UK,Not disaster-related,1.0,0.0030755067709833384,0.6893928647041321,0.3075316250324249,Neutral,0.3044561182614416,0.6893928647041321
778245312,6.2908E+17,Beyonce Is my pick for http://t.co/nnMQlz91o9 Fan Army #Beyhive http://t.co/o91f3cYy0R 77,Beyonce Is my pick for http://t.co/nnMQlz91o9 Fan Army #Beyhive http://t.co/o91f3cYy0R 77,beyonce pick URL fan army beyhive URL NUMBER,Beyonce Is my pick for http Fan Army #Beyhive http 77,army,Unknown,Not disaster-related,1.0,0.0028900550678372383,0.10940264165401459,0.8877072334289551,Positive,0.8848171783611178,0.8877072334289551
778245318,6.2908E+17,17.Beyonce Is my pick for http://t.co/thoYhrHkfJ Fan Army #Beyhive http://t.co/WvJ39a3BGM,17.Beyonce Is my pick for http://t.co/thoYhrHkfJ Fan Army #Beyhive http://t.co/WvJ39a3BGM,NUMBER pick URL fan army beyhive URL,17.Beyonce Is my pick for http Fan Army #Beyhive http,army,Unknown,Not disaster-related,0.6642,0.004073140677064657,0.31455567479133606,0.6813712120056152,Positive,0.6772980713285506,0.6813712120056152
778245322,6.29079E+17,"Build your own kingdom and lead your army to victory! https://youtu.

Start g this friend code: LZKTJNOX http://t.co/zZ0cEwEw64",Build your own kingdom and lead your army to victory! https://youtu. Start g this friend code: LZKTJNOX http://t.co/zZ0cEwEw64,build kingdom lead army victory URL start g friend code lzktjnox URL,Build your own kingdom and lead your army to victory! http Start g this friend code: LZKTJNOX http,army,cyprus,Not disaster-related,1.0,0.00575497979298234,0.17078417539596558,0.8234608173370361,Positive,0.8177058375440538,0.8234608173370361
778245328,6.2908E+17,Vote for #Directioners vs #Queens in the 5th round of the @Billboard #FanArmyFaceOff http://t.co/Kgtxnnbj7y,Vote for #Directioners vs #Queens in the 5th round of the @Billboard #FanArmyFaceOff http://t.co/Kgtxnnbj7y,vote directioners v queen round USER fanarmyfaceoff URL,Vote for #Directioners vs #Queens in the 5th round of the @user #FanArmyFaceOff http,army,Unknown,Not disaster-related,1.0,0.006109666544944048,0.9028180837631226,0.09107229858636856,Neutral,0.08496263204142451,0.9028180837631226
778245338,6.2908E+17,Beyonce Is my pick for http://t.co/nnMQlz91o9 Fan Army #Beyhive http://t.co/o91f3cYy0R 78,Beyonce Is my pick for http://t.co/nnMQlz91o9 Fan Army #Beyhive http://t.co/o91f3cYy0R 78,beyonce pick URL fan army beyhive URL NUMBER,Beyonce Is my pick for http Fan Army #Beyhive http 78,army,Unknown,Not disaster-related,1.0,0.002811030251905322,0.10573633760213852,0.8914525508880615,Positive,0.8886415206361562,0.8914525508880615
778245339,6.29079E+17,One Direction Is my pick for http://t.co/q2eBlOKeVE Fan Army #Directioners http://t.co/eNCmhz6y34 x1386,One Direction Is my pick for http://t.co/q2eBlOKeVE Fan Army #Directioners http://t.co/eNCmhz6y34 x1386,one direction pick URL fan army directioners URL,One Direction Is my pick for http Fan Army #Directioners http x1386,army,Unknown,Not disaster-related,0.8733,0.0036648379173129797,0.25464722514152527,0.7416878938674927,Positive,0.7380230559501797,0.7416878938674927
778245345,6.29081E+17,One Direction Is my pick for http://t.co/q2eBlOKeVE Fan Army #Directioners http://t.co/eNCmhz6y34 x1431,One Direction Is my pick for http://t.co/q2eBlOKeVE Fan Army #Directioners http://t.co/eNCmhz6y34 x1431,one direction pick URL fan army directioners URL,One Direction Is my pick for http Fan Army #Directioners http x1431,army,Unknown,Not disaster-related,1.0,0.003817612072452903,0.2834851145744324,0.7126972675323486,Positive,0.7088796554598957,0.7126972675323486
778245361,6.29079E+17,5 Seconds of Summer Is my pick for http://t.co/qcHV3JqOVK Fan Army #5SOSFAM http://t.co/gc0uDfnFgg ÌÑ2,5 Seconds of Summer Is my pick for http://t.co/qcHV3JqOVK Fan Army #5SOSFAM http://t.co/gc0uDfnFgg ÌÑ2,NUMBER second summer pick URL fan army URL,5 Seconds of Summer Is my pick for http Fan Army #5SOSFAM http ÌÑ2,army,Mexico! ^_^,Not disaster-related,1.0,0.004706819541752338,0.30422350764274597,0.6910696625709534,Positive,0.686362843029201,0.6910696625709534
778245362,6.29113E+17,Two Jewish Terrorists Charged In Historic-Church Arson | The Ugly Truth http://t.co/iEksNFSbY7 http://t.co/VWCf3slkrW,Two Jewish Terrorists Charged In Historic-Church Arson | The Ugly Truth http://t.co/iEksNFSbY7 http://t.co/VWCf3slkrW,two jewish terrorist charged arson ugly truth URL URL,Two Jewish Terrorists Charged In Historic-Church Arson | The Ugly Truth http http,arson,Unknown,Not disaster-related,0.6003,0.7316703200340271,0.26036790013313293,0.007961805909872055,Negative,-0.723708514124155,0.7316703200340271
778245367,6.29092E+17,Thousands attend a rally organized by Peace Now protesting the arson attack that took the life of an http://t.co/bvCKd9pdTi,Thousands attend a rally organized by Peace Now protesting the arson attack that took the life of an http://t.co/bvCKd9pdTi,thousand attend rally organized peace protesting arson attack took life URL,Thousands attend a rally organized by Peace Now protesting the arson attack that took the life of an http,arson,USA,Disaster-related,1.0,0.5077721476554871,0.4648379385471344,0.027389921247959137,Negative,-0.4803822264075279,0.5077721476554871
778245382,6.29085E+17,RT Saginaw - Police sketches of 2 'persons of interest' in Saginaw arson http://t.co/a2tZJ07nId http://t.co/LvtP5MHjaG,RT Saginaw - Police sketches of 2 'persons of interest' in Saginaw arson http://t.co/a2tZJ07nId http://t.co/LvtP5MHjaG,rt saginaw police sketch NUMBER interest saginaw arson URL URL,RT Saginaw - Police sketches of 2 'persons of interest' in Saginaw arson http http,arson,"Saginaw, Mich.",Disaster-related,0.7994,0.16451741755008698,0.8219512104988098,0.01353129930794239,Neutral,-0.15098611824214458,0.8219512104988098
778245390,6.29101E+17,Mourning notices for stabbing arson victims stir Û÷politics of griefÛª in Israel: Posters for Shira Banki and A... http://t.co/3GZ5zQQTHe,Mourning notices for stabbing arson victims stir Û÷politics of grief Ûª in Israel: Posters for Shira Banki and A... http://t.co/3GZ5zQQTHe,mourning notice stabbing arson victim stir grief ûª israel poster shira banki URL,Mourning notices for stabbing arson victims stir Û÷politics of grief Ûª in Israel: Posters for Shira Banki and A... http,arson,Jerusalem,Not disaster-related,0.6024,0.686426043510437,0.30620303750038147,0.007370908744633198,Negative,-0.6790551347658038,0.686426043510437
778245394,6.29108E+17,@sayn_ae angel or arson,@sayn_ae angel or arson,USER angel arson,@user angel or arson,arson,"North-East Region, Singapore",Not disaster-related,0.6012,0.15040133893489838,0.7886391282081604,0.06095947325229645,Neutral,-0.08944186568260193,0.7886391282081604
778245398,6.29095E+17,Man charged in connection to Shawnee arson and burglary: OLATHE Kan. ÛÓ A man was in court Wednesday accused ofÛ_ http://t.co/zcXmQoKtZ1,Man charged in connection to Shawnee arson and burglary: OLATHE Kan. ÛÓ A man was in court Wednesday accused of Û_ http://t.co/zcXmQoKtZ1,man charged connection shawnee arson burglary olathe ûó man court wednesday accused URL,Man charged in connection to Shawnee arson and burglary: OLATHE Kan. ÛÓ A man was in court Wednesday accused of Û_ http,arson,"Lawrence, KS",Disaster-related,1.0,0.3796561062335968,0.6093108654022217,0.011033040471374989,Neutral,-0.3686230657622218,0.6093108654022217
778245416,6.29169E+17,Alleged East Bay serial arsonist arrested http://t.co/WR48AQTUm7,Alleged East Bay serial arsonist arrested http://t.co/WR48AQTUm7,alleged east bay serial arsonist arrested URL,Alleged East Bay serial arsonist arrested http,arsonist,Earth,Disaster-related,1.0,0.3199664056301117,0.6605601906776428,0.019473355263471603,Neutral,-0.3004930503666401,0.6605601906776428
778245428,6.2932E+17,If you don't have anything nice to say you can come sit with me.,If you don't have anything nice to say you can come sit with me.,anything nice say come sit,If you don't have anything nice to say you can come sit with me.,arsonist,America,Not disaster-related,1.0,0.6519619822502136,0.30433857440948486,0.04369942843914032,Negative,-0.6082625538110733,0.6519619822502136
778245431,6.29358E+17,Video Captures Man Removing American Flag From Long Beach CA Home Burning It; Arsonist Sought http://t.co/JP2QlrunjJ http://t.co/jbpgkGOwSi,Video Captures Man Removing American Flag From Long Beach CA Home Burning It; Arsonist Sought http://t.co/JP2QlrunjJ http://t.co/jbpgkGOwSi,video capture man removing american flag long beach ca home burning arsonist sought URL URL,Video Captures Man Removing American Flag From Long Beach CA Home Burning It; Arsonist Sought http http,arsonist,"Orange County, California",Not disaster-related,0.6006,0.47919392585754395,0.5101861953735352,0.01061985082924366,Neutral,-0.4685740750283003,0.5101861953735352
778245439,6.29222E+17,Arsonists being blamed for a blaze at a plastics recycling business in Adelaide | @pcaldicott7 reports. #7NewsAdl http://t.co/r1Xwdnvb0g,Arsonists being blamed for a blaze at a plastics recycling business in Adelaide | @pcaldicott7 reports. #7NewsAdl http://t.co/r1Xwdnvb0g,arsonist blamed blaze plastic recycling business adelaide USER report URL,Arsonists being blamed for a blaze at a plastics recycling business in Adelaide | @user reports. #7NewsAdl http,arsonist,"Adelaide, South Australia",Not disaster-related,0.5957,0.7194412350654602,0.2733682692050934,0.00719043705612421,Negative,-0.712250798009336,0.7194412350654602
778245463,6.29359E+17,Delhi government to provide free treatment to acid attack victims in private hospitals #AAPatWork http://t.co/xjtp8SBpt3,Delhi government to provide free treatment to acid attack victims in private hospitals #AAPatWork http://t.co/xjtp8SBpt3,delhi government provide free treatment acid attack victim private hospital aapatwork URL,Delhi government to provide free treatment to acid attack victims in private hospitals #AAPatWork http,attack,Unknown,Disaster-related,0.5994,0.02691597305238247,0.8308475017547607,0.14223650097846985,Neutral,0.11532052792608738,0.8308475017547607
778245468,6.29358E+17,"BREAKING: Terror Attack On
Police Post #Udhampur",BREAKING: Terror Attack On Police Post #Udhampur,breaking terror attack police post udhampur,BREAKING: Terror Attack On Police Post #Udhampur,attack,Location,Disaster-related,1.0,0.7770261764526367,0.2138105034828186,0.009163370355963707,Negative,-0.767862806096673,0.7770261764526367
778245469,6.29359E+17,Demi stans really think Heart Attack sold 5/6 million copies ??,Demi stans really think Heart Attack sold 5/6 million copies ??,demi stans really think heart attack sold NUMBER NUMBER million copy,Demi stans really think Heart Attack sold 5/6 million copies ??,attack,Selena | Britney | Hilary,Not disaster-related,0.7982,0.2995033264160156,0.6516949534416199,0.0488017201423645,Neutral,-0.2507016062736511,0.6516949534416199
778245472,6.29358E+17,@DatTomm the funniest part about that twitter is the feminists that try to attack it 4Head,@DatTomm the funniest part about that twitter is the feminists that try to attack it 4Head,USER funniest part twitter feminist try attack,@user the funniest part about that twitter is the feminists that try to attack it 4Head,attack,Ireland,Not disaster-related,0.797,0.6669874787330627,0.2449927031993866,0.08801978081464767,Negative,-0.5789676979184151,0.6669874787330627
778245500,6.29359E+17,Nashville Theater Attack: Will Gun Grabbers Now Demand ÛÏHatchet Control?Û  http://t.co/OyoGII97yH,Nashville Theater Attack: Will Gun Grabbers Now Demand ÛÏHatchet Control? Û http://t.co/OyoGII97yH,nashville theater attack gun grabber demand ûïhatchet control û URL,Nashville Theater Attack: Will Gun Grabbers Now Demand ÛÏHatchet Control? Û http,attack,Unknown,Disaster-related,1.0,0.35161957144737244,0.6388371586799622,0.009543213993310928,Neutral,-0.3420763574540615,0.6388371586799622
778245508,6.29358E+17,@Sunnyclaribel. how many of @DPJHodges articles just attack labour or defend conservatives? see for yourself: http://t.co/shAAIjO2ZC,@Sunnyclaribel. how many of @DPJHodges articles just attack labour or defend conservatives? see for yourself: http://t.co/shAAIjO2ZC,USER many USER article attack labour defend conservative see URL,@user. how many of @user articles just attack labour or defend conservatives? see for yourself: http,attack,United Kingdom,Not disaster-related,0.5994,0.4114338755607605,0.572762668132782,0.015803439542651176,Neutral,-0.3956304360181093,0.572762668132782
778245509,6.29359E+17,RT: @rt_com :Tory attack on Freedom of Information is Û÷assault on govt accountabilityÛª ÛÒ Liberty http://t.co/UNmTOnz5c5 http://t.co/GTSbvveF,RT: @rt_com :Tory attack on Freedom of Information is Û÷assault on govt accountability Ûª ÛÒ Liberty http://t.co/UNmTOnz5c5 http://t.co/GTSbvveF,rt USER tory attack freedom information govt accountability ûª ûò liberty URL URL,RT: @user :Tory attack on Freedom of Information is Û÷assault on govt accountability Ûª ÛÒ Liberty http http,attack,venezuela,Not disaster-related,1.0,0.5896198153495789,0.3991694152355194,0.011210767552256584,Negative,-0.5784090477973223,0.5896198153495789
778245512,6.29347E+17,Cop injured in gunfight as militants attack Udhampur police post: Suspected militants attacked a police post i... http://t.co/ERW7FdxnCr,Cop injured in gunfight as militants attack Udhampur police post: Suspected militants attacked a police post i... http://t.co/ERW7FdxnCr,cop injured gunfight militant attack udhampur police post suspected militant attacked police post URL,Cop injured in gunfight as militants attack Udhampur police post: Suspected militants attacked a police post i... http,attacked,"New Delhi,India",Disaster-related,1.0,0.7409383058547974,0.2533774971961975,0.005684214178472757,Negative,-0.7352540916763246,0.7409383058547974
778245538,6.29351E+17,"That 'attitude problem' is a result of constantly being belittled bashed attacked &amp; demoralized. 
FUCK YOU @HOT97",That 'attitude problem' is a result of constantly being belittled bashed attacked & demoralized. FUCK YOU @HOT97,problem result constantly belittled bashed attacked demoralized fuck USER,That 'attitude problem' is a result of constantly being belittled bashed attacked & demoralized. FUCK YOU @user,attacked,N.Y.C,Not disaster-related,0.6012,0.9574902057647705,0.03867773339152336,0.003832070389762521,Negative,-0.953658135375008,0.9574902057647705
778245554,6.29347E+17,Christian Attacked by Muslims at the Temple Mount after Waving Israeli Flag via Pamela Geller - ... http://t.co/yUBKHf9iyh,Christian Attacked by Muslims at the Temple Mount after Waving Israeli Flag via Pamela Geller - ... http://t.co/yUBKHf9iyh,christian attacked muslim temple mount waving israeli flag via pamela geller URL,Christian Attacked by Muslims at the Temple Mount after Waving Israeli Flag via Pamela Geller - ... http,attacked,"The Hammock, FL, USA",Disaster-related,0.7963,0.38651177287101746,0.6021751165390015,0.011313102208077908,Neutral,-0.37519867066293955,0.6021751165390015
778245558,6.29347E+17,Christian Attacked by Muslims at the Temple Mount after Waving Israeli Flag via Pamela Geller - ... http://t.co/7kxGS7VDFy,Christian Attacked by Muslims at the Temple Mount after Waving Israeli Flag via Pamela Geller - ... http://t.co/7kxGS7VDFy,christian attacked muslim temple mount waving israeli flag via pamela geller URL,Christian Attacked by Muslims at the Temple Mount after Waving Israeli Flag via Pamela Geller - ... http,attacked,Unknown,Disaster-related,0.8024,0.38651177287101746,0.6021751165390015,0.011313102208077908,Neutral,-0.37519867066293955,0.6021751165390015
778245569,6.2908E+17,2 TIX 10/3 Frozen Fury XVII: Los Angeles Kings v Avalanche 103 Row:AA MGM Grand http://t.co/kBtZZZG2Tp,2 TIX 10/3 Frozen Fury XVII: Los Angeles Kings v Avalanche 103 Row:AA MGM Grand http://t.co/kBtZZZG2Tp,NUMBER tix NUMBER NUMBER frozen fury xvii los angeles king v avalanche NUMBER row aa mgm grand URL,2 TIX 10/3 Frozen Fury XVII: Los Angeles Kings v Avalanche 103 Row:AA MGM Grand http,avalanche,Score More Goals Buying @,Not disaster-related,1.0,0.010085857473313808,0.9415234923362732,0.04839067906141281,Neutral,0.038304821588099,0.9415234923362732
778245576,6.29043E+17,@cierranb5678 I was just there and my dad told me he would never let me get an Avalanche,@cierranb5678 I was just there and my dad told me he would never let me get an Avalanche,USER dad told would never let get avalanche,@user I was just there and my dad told me he would never let me get an Avalanche,avalanche,Unknown,Not disaster-related,0.8024,0.7095750570297241,0.2698335349559784,0.02059144526720047,Negative,-0.6889836117625237,0.7095750570297241
778245578,6.29069E+17,1-6 TIX Calgary Flames vs COL Avalanche Preseason 9/29 Scotiabank Saddledome http://t.co/5G8qA6mPxm,1-6 TIX Calgary Flames vs COL Avalanche Preseason 9/29 Scotiabank Saddledome http://t.co/5G8qA6mPxm,NUMBER NUMBER tix calgary flame v col avalanche preseason NUMBER NUMBER scotiabank saddledome URL,1-6 TIX Calgary Flames vs COL Avalanche Preseason 9/29 Scotiabank Saddledome http,avalanche,Score Team Goals Buying @,Not disaster-related,0.599,0.011869280599057674,0.962405264377594,0.025725459679961205,Neutral,0.01385617908090353,0.962405264377594
778245586,6.29002E+17,I saw two great punk bands making original music last week. Check em out here!! @GHOSTOFTHEAV @MontroseBand https://t.co/WdvxjsQwic,I saw two great punk bands making original music last week. Check em out here!! @GHOSTOFTHEAV @MontroseBand https://t.co/WdvxjsQwic,saw two great punk band making original music last week check em USER USER URL,I saw two great punk bands making original music last week. Check em out here!! @user @user http,avalanche,South Central Wales,Not disaster-related,1.0,0.0016899611800909042,0.016834810376167297,0.9814752340316772,Positive,0.9797852728515863,0.9814752340316772
778245589,6.29026E+17,GREAT PERFORMANCE CHIP FUEL/GAS SAVER CHEVY TAHOE/BLAZER/AVALANCHE/S-10 http://t.co/iCrZi5TqC5 http://t.co/ONxhKfHn2a,GREAT PERFORMANCE CHIP FUEL/GAS SAVER CHEVY TAHOE/BLAZER/AVALANCHE/S-10 http://t.co/iCrZi5TqC5 http://t.co/ONxhKfHn2a,great performance chip saver chevy NUMBER URL URL,GREAT PERFORMANCE CHIP FUEL/GAS SAVER CHEVY TAHOE/BLAZER/AVALANCHE/S-10 http http,avalanche,Unknown,Not disaster-related,0.8026,0.0040901885367929935,0.060561176389455795,0.935348629951477,Positive,0.9312584414146841,0.935348629951477
778245598,6.29068E+17,Great one time deal on all Avalanche music and with purchase get a Neal Rigga shirt http://t.co/4VIRXkgMpC,Great one time deal on all Avalanche music and with purchase get a Neal Rigga shirt http://t.co/4VIRXkgMpC,great one time deal avalanche music purchase get neal rigga shirt URL,Great one time deal on all Avalanche music and with purchase get a Neal Rigga shirt http,avalanche,Buy Give Me My Money,Not disaster-related,1.0,0.001826648018322885,0.057467151433229446,0.940706193447113,Positive,0.9388795454287902,0.940706193447113
778245605,6.28996E+17,Colorado Avalanche @ Anaheim Ducks 1-7 tickets 10/1 preseason http://t.co/XRU1WowZYG,Colorado Avalanche @ Anaheim Ducks 1-7 tickets 10/1 preseason http://t.co/XRU1WowZYG,colorado avalanche anaheim duck NUMBER NUMBER ticket NUMBER NUMBER preseason URL,Colorado Avalanche @ Anaheim Ducks 1-7 tickets 10/1 preseason http,avalanche,Score Team Goals Buying @,Not disaster-related,0.5946,0.012938003055751324,0.9607458114624023,0.02631618268787861,Neutral,0.013378179632127285,0.9607458114624023
778245606,6.2907E+17,What a feat! Watch the #BTS of @kallemattson's incredible music video for #Avalanche: https://t.co/3W6seA9tuv ????,What a feat! Watch the #BTS of @kallemattson's incredible music video for #Avalanche: https://t.co/3W6seA9tuv ????,feat watch bts USER incredible music video avalanche URL,What a feat! Watch the #BTS of @user's incredible music video for #Avalanche: http ????,avalanche,Canada,Not disaster-related,0.7994,0.0018351094331592321,0.022845778614282608,0.9753190279006958,Positive,0.9734839184675366,0.9753190279006958
778245610,6.29047E+17,Chevrolet : Avalanche LT 2011 lt used 5.3 l v 8 16 v automatic 4 wd pickup truck premium bÛ_ http://t.co/OBkY8Pc89H http://t.co/dXIRnTdSrd,Chevrolet : Avalanche LT 2011 lt used 5.3 l v 8 16 v automatic 4 wd pickup truck premium b Û_ http://t.co/OBkY8Pc89H http://t.co/dXIRnTdSrd,chevrolet avalanche lt NUMBER lt used NUMBER l v NUMBER NUMBER v automatic NUMBER wd pickup truck premium b URL URL,Chevrolet : Avalanche LT 2011 lt used 5.3 l v 8 16 v automatic 4 wd pickup truck premium b Û_ http http,avalanche,Unknown,Disaster-related,0.8012,0.03577902540564537,0.9055307507514954,0.05869017541408539,Neutral,0.022911150008440018,0.9055307507514954
778245623,6.29083E+17,THESE AFTER BATTLE ANIMATIONS ARE SO FUCKING MUCH,THESE AFTER BATTLE ANIMATIONS ARE SO FUCKING MUCH,battle animation fucking much,THESE AFTER BATTLE ANIMATIONS ARE SO FUCKING MUCH,battle,Unknown,Not disaster-related,0.7988,0.8711167573928833,0.10713153332471848,0.021751703694462776,Negative,-0.8493650536984205,0.8711167573928833
778245637,6.29083E+17,I liked a @YouTube video from @sharpino1990 http://t.co/LU7dgOwtyl PokÌ©mon Omega Ruby and Alpha Sapphire Wi-Fi Battle #05 cjs064 vs,I liked a @YouTube video from @sharpino1990 http://t.co/LU7dgOwtyl PokÌ©mon Omega Ruby and Alpha Sapphire Wi-Fi Battle #05 cjs064 vs,liked USER video USER URL omega ruby alpha sapphire battle NUMBER v,I liked a @user video from @user http PokÌ©mon Omega Ruby and Alpha Sapphire Wi-Fi Battle #05 cjs064 vs,battle,Unknown,Not disaster-related,1.0,0.001977747306227684,0.04886149987578392,0.9491607546806335,Positive,0.9471830073744059,0.9491607546806335
778245639,6.29083E+17,Black Eye 9: A space battle occurred at Star O784 involving 2 fleets totaling 4103 ships with 50 destroyed,Black Eye 9: A space battle occurred at Star O784 involving 2 fleets totaling 4103 ships with 50 destroyed,black eye NUMBER space battle occurred star involving NUMBER fleet totaling NUMBER ship NUMBER destroyed,Black Eye 9: A space battle occurred at Star O784 involving 2 fleets totaling 4103 ships with 50 destroyed,battle,USA,Not disaster-related,1.0,0.6805568337440491,0.3083333373069763,0.011109831742942333,Negative,-0.6694470020011067,0.6805568337440491
778245683,6.28879E+17,USATODAY: On today's #frontpage: #Bioterror lab faced secret sanctions. #RickPerry doesn't make the cut for FoxNewÛ_ http://t.co/5uKOHk7SoB,USATODAY: On today's #frontpage: #Bioterror lab faced secret sanctions. #RickPerry doesn't make the cut for FoxNew Û_ http://t.co/5uKOHk7SoB,usatoday today frontpage bioterror lab faced secret sanction rickperry make cut foxnew URL,USATODAY: On today's #frontpage: #Bioterror lab faced secret sanctions. #RickPerry doesn't make the cut for FoxNew Û_ http,bioterror,"Arkansas, Jonesboro",Disaster-related,0.6007,0.7586359977722168,0.23218612372875214,0.009177898056805134,Negative,-0.7494580997154117,0.7586359977722168
778245685,6.26544E+17,FedEx no longer to transport bioterror germs in wake of anthrax lab mishaps http://t.co/RghHkWtKLR #newsdict #news  #FedEx,FedEx no longer to transport bioterror germs in wake of anthrax lab mishaps http://t.co/RghHkWtKLR #newsdict #news #FedEx,fedex longer transport bioterror germ wake anthrax lab mishap URL newsdict news fedex,FedEx no longer to transport bioterror germs in wake of anthrax lab mishaps http #newsdict #news #FedEx,bioterror,Unknown,Disaster-related,1.0,0.45886242389678955,0.5217727422714233,0.01936482824385166,Neutral,-0.4394975956529379,0.5217727422714233
778245691,6.27144E+17,FedEx no longer to transport bioterror germs in wake of anthrax lab mishaps http://t.co/hrqCJdovJZ,FedEx no longer to transport bioterror germs in wake of anthrax lab mishaps http://t.co/hrqCJdovJZ,fedex longer transport bioterror germ wake anthrax lab mishap URL,FedEx no longer to transport bioterror germs in wake of anthrax lab mishaps http,bioterror,Unknown,Not disaster-related,0.5994,0.6314545273780823,0.35682395100593567,0.011721531860530376,Negative,-0.6197329955175519,0.6314545273780823
778245719,6.2699E+17,Does This Prepare Us? HHS Selects 9 Regional Special #Pathogen Treatment Centers #Bioterrorism #Infectious #Ebola http://t.co/Qmo1TxxDkj,Does This Prepare Us? HHS Selects 9 Regional Special #Pathogen Treatment Centers #Bioterrorism #Infectious #Ebola http://t.co/Qmo1TxxDkj,prepare u hhs selects NUMBER regional special pathogen treatment center bioterrorism infectious ebola URL,Does This Prepare Us? HHS Selects 9 Regional Special #Pathogen Treatment Centers #Bioterrorism #Infectious #Ebola http,bioterrorism,Unknown,Not disaster-related,0.5916,0.6274527907371521,0.35386618971824646,0.01868101954460144,Negative,-0.6087717711925507,0.6274527907371521
778245720,6.26604E+17,@DebtAssassin They forget there is the threat of bioterrorism.,@DebtAssassin They forget there is the threat of bioterrorism.,USER forget threat bioterrorism,@user They forget there is the threat of bioterrorism.,bioterrorism,Unknown,Not disaster-related,0.6018,0.7453810572624207,0.2415909469127655,0.013027960434556007,Negative,-0.7323530968278646,0.7453810572624207
778245731,6.28793E+17,@HowardU If 90BLKs&amp;8WHTs colluded 2 take WHT F @USAgov AUTH Hostage&amp;2 make her look BLK w/Bioterrorism&amp;use her lgl/org IDis ID still hers?,@HowardU If 90BLKs&8WHTs colluded 2 take WHT F @USAgov AUTH Hostage&2 make her look BLK w/Bioterrorism&use her lgl/org IDis ID still hers?,USER colluded NUMBER take wht f USER auth hostage NUMBER make look blk use idis id still,@user If 90BLKs&8WHTs colluded 2 take WHT F @user AUTH Hostage&2 make her look BLK w/Bioterrorism&use her lgl/org IDis ID still hers?,bioterrorism,Unknown,Disaster-related,0.6008,0.46981191635131836,0.5202433466911316,0.009944726713001728,Neutral,-0.45986718963831663,0.5202433466911316
778245739,6.26431E+17,The #IranDeal only covers nuclear activity. What are they doing about Bioterrorism? Iran has broken at least 27 other agreements.,The #IranDeal only covers nuclear activity. What are they doing about Bioterrorism? Iran has broken at least 27 other agreements.,irandeal cover nuclear activity bioterrorism iran broken least NUMBER agreement,The #IranDeal only covers nuclear activity. What are they doing about Bioterrorism? Iran has broken at least 27 other agreements.,bioterrorism,Unknown,Disaster-related,0.8042,0.8676139712333679,0.1274222731590271,0.004963767249137163,Negative,-0.8626502039842308,0.8676139712333679
778245748,6.29079E+17,Life is amazin same time its crazy niggas dey wanna blaze me hate it because i made it all it took was dedication n some motivation,Life is amazin same time its crazy niggas dey wanna blaze me hate it because i made it all it took was dedication n some motivation,life amazin time crazy nigga dey wan na blaze hate made took dedication n motivation,Life is amazin same time its crazy niggas dey wanna blaze me hate it because i made it all it took was dedication n some motivation,blaze,Unknown,Not disaster-related,1.0,0.054257094860076904,0.1293378323316574,0.8164051175117493,Positive,0.7621480226516724,0.8164051175117493
778245751,6.29072E+17,@Shayoly yes I love it,@Shayoly yes I love it,USER yes love,@user yes I love it,blaze,Columbus,Not disaster-related,1.0,0.006817940156906843,0.018013253808021545,0.9751688241958618,Positive,0.968350884038955,0.9751688241958618
778245759,6.29076E+17,@JuneSnowpaw Yeah Gimme dat creamy white stuff ;3,@JuneSnowpaw Yeah Gimme dat creamy white stuff ;3,USER yeah gim dat creamy white stuff NUMBER,@user Yeah Gimme dat creamy white stuff ;3,blaze,"Missoula, MT",Not disaster-related,1.0,0.02029249258339405,0.2078244835138321,0.771882951259613,Positive,0.751590458676219,0.771882951259613
778245761,6.29071E+17,Property losses from California wildfire nearly double as week-old blaze rages http://t.co/E0UUsnpsq5,Property losses from California wildfire nearly double as week-old blaze rages http://t.co/E0UUsnpsq5,property loss california wildfire nearly double blaze rage URL,Property losses from California wildfire nearly double as week-old blaze rages http,blaze,Australia,Disaster-related,0.8,0.7691930532455444,0.2230730950832367,0.0077338130213320255,Negative,-0.7614592402242124,0.7691930532455444
778245768,6.29079E+17,What Dems do. Blaze covered months ago.Chicago police detained thousands of black Americans at interrogation facility http://t.co/UWItVBsbnC,What Dems do. Blaze covered months ago.Chicago police detained thousands of black Americans at interrogation facility http://t.co/UWItVBsbnC,dems blaze covered month police detained thousand black american interrogation facility URL,What Dems do. Blaze covered months ago.Chicago police detained thousands of black Americans at interrogation facility http,blaze,Unknown,Not disaster-related,0.6024,0.7116919159889221,0.2796691060066223,0.008638933300971985,Negative,-0.7030529826879501,0.7116919159889221
778245773,6.29077E+17,looks like a year of writing and computers is ahead. http://t.co/CyXbrZXWq4,looks like a year of writing and computers is ahead. http://t.co/CyXbrZXWq4,look like year writing computer ahead URL,looks like a year of writing and computers is ahead. http,blaze,Unknown,Not disaster-related,0.8548,0.007017320487648249,0.31444209814071655,0.6785405278205872,Positive,0.6715232073329389,0.6785405278205872
778245779,6.29077E+17,I liked a @YouTube video http://t.co/N95IGskd3p Minecraft: Episode 2 'Blaze Farm Beginnings!',I liked a @YouTube video http://t.co/N95IGskd3p Minecraft: Episode 2 'Blaze Farm Beginnings!',liked USER video URL minecraft episode NUMBER farm beginning,I liked a @user video http Minecraft: Episode 2 'Blaze Farm Beginnings!',blaze,"Penn Hills, PA",Not disaster-related,1.0,0.001589547609910369,0.020161638036370277,0.9782488346099854,Positive,0.976659287000075,0.9782488346099854
778245785,6.29073E+17,@OVOIzic @BaddieMoneySign blaze it,@OVOIzic @BaddieMoneySign blaze it,USER USER blaze,@user @user blaze it,blaze,"Strathmore, California",Not disaster-related,0.7952,0.04822440817952156,0.7450340986251831,0.20674151182174683,Neutral,0.15851710364222527,0.7450340986251831
778245786,6.29084E+17,Lithgow News: Homeless after blaze near Portland http://t.co/Cht5w3znIK,Lithgow News: Homeless after blaze near Portland http://t.co/Cht5w3znIK,lithgow news homeless blaze near portland URL,Lithgow News: Homeless after blaze near Portland http,blaze,"Lithgow, NSW, Australia",Disaster-related,0.8047,0.44572797417640686,0.542255699634552,0.012016312219202518,Neutral,-0.43371166195720434,0.542255699634552
778245792,6.29085E+17,?? Yes I do have 2 guns ?? ??,?? Yes I do have 2 guns ?? ??,yes NUMBER gun,?? Yes I do have 2 guns ?? ??,blaze,Gotham City,Not disaster-related,1.0,0.01427767239511013,0.8411849737167358,0.14453738927841187,Neutral,0.13025971688330173,0.8411849737167358
778245796,6.29089E+17,Just cruisingblazing and banging ?,Just cruisingblazing and banging ?,cruisingblazing banging,Just cruisingblazing and banging ?,blazing,"New Bedford, MA",Not disaster-related,0.5994,0.20061588287353516,0.6435292363166809,0.15585486590862274,Neutral,-0.044761016964912415,0.6435292363166809
778245800,6.29067E+17,Morgan Silver Dollar 1880 S Gem BU DMPL Cameo Rev Blazing MS+++++ High grade! - Full read Û_ http://t.co/IU9baFDXeY http://t.co/AphqU5SvET,Morgan Silver Dollar 1880 S Gem BU DMPL Cameo Rev Blazing MS+++++ High grade! - Full read Û_ http://t.co/IU9baFDXeY http://t.co/AphqU5SvET,morgan silver dollar NUMBER gem bu dmpl cameo rev blazing high grade full read URL URL,Morgan Silver Dollar 1880 S Gem BU DMPL Cameo Rev Blazing MS+++++ High grade! - Full read Û_ http http,blazing,Unknown,Not disaster-related,1.0,0.003996661398559809,0.5190218091011047,0.476981520652771,Neutral,0.4729848592542112,0.5190218091011047
778245805,6.2909E+17,@BryanVsBracey @uSTADIUM why do you need blazing speed? I think Watt is far more impressive that OBJ who is just another quick little guy,@BryanVsBracey @uSTADIUM why do you need blazing speed? I think Watt is far more impressive that OBJ who is just another quick little guy,USER USER need blazing speed think watt far impressive obj another quick little guy,@user @user why do you need blazing speed? I think Watt is far more impressive that OBJ who is just another quick little guy,blazing,Outer Rim,Not disaster-related,1.0,0.1491808295249939,0.6082781553268433,0.24254101514816284,Neutral,0.09336018562316895,0.6082781553268433
778245811,6.29059E+17,I checked in at Blazing Horse Tattoo on #Yelp http://t.co/z8nXWmYMWA,I checked in at Blazing Horse Tattoo on #Yelp http://t.co/z8nXWmYMWA,checked blazing horse tattoo yelp URL,I checked in at Blazing Horse Tattoo on #Yelp http,blazing,"California, USA",Not disaster-related,1.0,0.004120625555515289,0.9000660181045532,0.09581343829631805,Neutral,0.09169281274080276,0.9000660181045532
778245814,6.2907E+17,Oh my heart racing And my temperature is blazing through the roof #VideoVeranoMTV Fifth Harmony,Oh my heart racing And my temperature is blazing through the roof #VideoVeranoMTV Fifth Harmony,oh heart racing temperature blazing roof videoveranomtv fifth harmony,Oh my heart racing And my temperature is blazing through the roof #VideoVeranoMTV Fifth Harmony,blazing,Lima-Peru,Not disaster-related,0.8021,0.009046012535691261,0.1568078249692917,0.8341461420059204,Positive,0.8251001294702291,0.8341461420059204
778245824,6.29088E+17,@bekah__w thanks! I sweat bullets every time I get in with this blazing sun beating down on me.,@bekah__w thanks! I sweat bullets every time I get in with this blazing sun beating down on me.,USER thanks sweat bullet every time get blazing sun beating,@user thanks! I sweat bullets every time I get in with this blazing sun beating down on me.,blazing,Unknown,Not disaster-related,0.7988,0.7007181644439697,0.1957886815071106,0.10349320620298386,Negative,-0.5972249582409859,0.7007181644439697
778245825,6.29049E+17,@ACOUSTICMALOLEY no he was blazing it,@ACOUSTICMALOLEY no he was blazing it,USER blazing,@user no he was blazing it,blazing,Unknown,Not disaster-related,1.0,0.16585099697113037,0.698167085647583,0.13598188757896423,Neutral,-0.029869109392166138,0.698167085647583
778245877,6.29092E+17,@KatRamsland Yes I'm a bleeding heart liberal.,@KatRamsland Yes I'm a bleeding heart liberal.,USER yes bleeding heart liberal,@user Yes I'm a bleeding heart liberal.,bleeding,"Live Oak, TX",Disaster-related,0.8049,0.6467974185943604,0.3021330237388611,0.05106952786445618,Negative,-0.5957278907299042,0.6467974185943604
778245884,6.29094E+17,@dudeandpal it's so bad my eyes and ears are bleeding,@dudeandpal it's so bad my eyes and ears are bleeding,USER bad eye ear bleeding,@user it's so bad my eyes and ears are bleeding,bleeding,slytherin /,Not disaster-related,0.7976,0.9431683421134949,0.04978635907173157,0.007045240141451359,Negative,-0.9361231019720435,0.9431683421134949
778245887,6.29089E+17,@tammy_w1997 @ElijahMallari bleeding wild things running around the apartment while hes in work at the bar ????????,@tammy_w1997 @ElijahMallari bleeding wild things running around the apartment while hes in work at the bar ????????,USER USER bleeding wild thing running around apartment he work bar,@user @user bleeding wild things running around the apartment while hes in work at the bar ????????,bleeding,Unknown,Not disaster-related,0.8033,0.3767092823982239,0.6048853397369385,0.018405376002192497,Neutral,-0.3583039063960314,0.6048853397369385
778245891,6.29083E+17,@Benjm1 @TourofUtah @B1Grego saw that pileup on TV keep racing even bleeding,@Benjm1 @TourofUtah @B1Grego saw that pileup on TV keep racing even bleeding,USER USER USER saw pileup tv keep racing even bleeding,@user @user @user saw that pileup on TV keep racing even bleeding,bleeding,The Great State of Texas,Disaster-related,0.5038,0.5441437363624573,0.43504029512405396,0.020815938711166382,Negative,-0.5233277976512909,0.5441437363624573
778245899,6.29118E+17,My Instagram just blew up apparently I was featured on I am jazz tonight. How cool is that love her,My Instagram just blew up apparently I was featured on I am jazz tonight. How cool is that love her,instagram blew apparently featured jazz tonight cool love,My Instagram just blew up apparently I was featured on I am jazz tonight. How cool is that love her,blew up,Indiana,Not disaster-related,1.0,0.0028012623079121113,0.01129067037254572,0.9859080910682678,Positive,0.9831068287603557,0.9859080910682678
778245909,6.29103E+17,The universe might not actually exist scientists say http://t.co/DEfJ7XeKgX 'The #SUN blew up and the #Earth began'...,The universe might not actually exist scientists say http://t.co/DEfJ7XeKgX 'The #SUN blew up and the #Earth began'...,universe might actually exist scientist say URL sun blew earth began,The universe might not actually exist scientists say http 'The #SUN blew up and the #Earth began'...,blew up,#SOUTHAMPTON ENGLAND,Not disaster-related,0.8317,0.35801196098327637,0.6070669889450073,0.03492101654410362,Neutral,-0.32309094443917274,0.6070669889450073
778245917,6.29114E+17,Well this blew up while i was sleeping,Well this blew up while i was sleeping,well blew sleeping,Well this blew up while i was sleeping,blew up,she/her,Not disaster-related,0.5988,0.5657320618629456,0.3859950006008148,0.048272956162691116,Negative,-0.5174591057002544,0.5657320618629456
778245919,6.29121E+17,This night just blew up rq,This night just blew up rq,night blew rq,This night just blew up rq,blew up,Unknown,Not disaster-related,0.6018,0.8433512449264526,0.13849499821662903,0.018153786659240723,Negative,-0.8251974582672119,0.8433512449264526
778245923,6.29119E+17,@funnychubbyguy poor white guy his mom made him pizza and he wanted mac n cheese so he blew up a school. Such a sad story.,@funnychubbyguy poor white guy his mom made him pizza and he wanted mac n cheese so he blew up a school. Such a sad story.,USER poor white guy mom made pizza wanted mac n cheese blew school sad story,@user poor white guy his mom made him pizza and he wanted mac n cheese so he blew up a school. Such a sad story.,blew up,Unknown,Not disaster-related,1.0,0.9381197690963745,0.057544223964214325,0.004335918929427862,Negative,-0.9337838501669466,0.9381197690963745
778245925,6.29121E+17,Catfish retweeted me &amp; my notifications blew up ??????.,Catfish retweeted me & my notifications blew up ??????.,catfish retweeted notification blew,Catfish retweeted me & my notifications blew up ??????.,blew up,Unknown,Not disaster-related,1.0,0.17765966057777405,0.597057580947876,0.22528277337551117,Neutral,0.04762311279773712,0.597057580947876
778245933,6.29095E+17,FREYAS VIDEO BLEW UP EVERYWHERE,FREYAS VIDEO BLEW UP EVERYWHERE,freya video blew everywhere,FREYAS VIDEO BLEW UP EVERYWHERE,blew up,H / pez & sophia,Not disaster-related,1.0,0.13481204211711884,0.6736063957214355,0.19158154726028442,Neutral,0.05676950514316559,0.6736063957214355
778245945,6.29046E+17,@Daorcey @nsit_ YOUR a great pair. Like a couple of Graywardens fighting the blight...,@Daorcey @nsit_ YOUR a great pair. Like a couple of Graywardens fighting the blight...,USER USER great pair like couple graywardens fighting blight,@user @user YOUR a great pair. Like a couple of Graywardens fighting the blight...,blight,"Calgary, Alberta",Not disaster-related,1.0,0.015535746701061726,0.08274368941783905,0.9017205238342285,Positive,0.8861847771331668,0.9017205238342285
778245953,6.28973E+17,Help fight Northern Corn Leaf Blight with Headline Amp https://t.co/LVoqPgkLI7,Help fight Northern Corn Leaf Blight with Headline Amp https://t.co/LVoqPgkLI7,help fight northern corn leaf blight headline amp URL,Help fight Northern Corn Leaf Blight with Headline Amp http,blight,"Eldora, IA",Disaster-related,0.5958,0.07558230310678482,0.830531895160675,0.09388577938079834,Neutral,0.01830347627401352,0.830531895160675
778245955,6.28803E+17,Get a load of this welfare loving sponge....a blight on society. http://t.co/rrZbZGO48N,Get a load of this welfare loving sponge....a blight on society. http://t.co/rrZbZGO48N,get load welfare loving sponge blight society URL,Get a load of this welfare loving sponge....a blight on society. http,blight,Daruka (near Tamworth) NSW,Not disaster-related,0.7964,0.9326164722442627,0.05928025767207146,0.00810329057276249,Negative,-0.9245131816715002,0.9326164722442627
778245965,6.28967E+17,City program to help turn blight into greenspace: The Tennessee Housing DevelopmentÛ_ http://t.co/ZZcbBQyJ1q  #news http://t.co/KKSgHsblFH,City program to help turn blight into greenspace: The Tennessee Housing Development Û_ http://t.co/ZZcbBQyJ1q #news http://t.co/KKSgHsblFH,city program help turn blight greenspace tennessee housing development URL news URL,City program to help turn blight into greenspace: The Tennessee Housing Development Û_ http #news http,blight,USA,Not disaster-related,1.0,0.008076971396803856,0.9146998524665833,0.07722321152687073,Neutral,0.06914624013006687,0.9146998524665833
778245967,6.28961E+17,@Demetae12 yes i want to be the new blight leader,@Demetae12 yes i want to be the new blight leader,USER yes want new blight leader,@user yes i want to be the new blight leader,blight,PSN: Pipbois,Not disaster-related,1.0,0.07342856377363205,0.6411789059638977,0.28539252281188965,Neutral,0.2119639590382576,0.6411789059638977
778245980,6.29028E+17,LIKE I SWEAR THE SECRET WE'LL UNCOVER IS THE OLD GODS IN A SLUMBER. I THINK THERES GONNA BE ANOTHER BLIGHT,LIKE I SWEAR THE SECRET WE'LL UNCOVER IS THE OLD GODS IN A SLUMBER. I THINK THERES GONNA BE ANOTHER BLIGHT,like swear secret uncover old god slumber think there gon na another blight,LIKE I SWEAR THE SECRET WE'LL UNCOVER IS THE OLD GODS IN A SLUMBER. I THINK THERES GONNA BE ANOTHER BLIGHT,blight,Scotland,Not disaster-related,1.0,0.29990455508232117,0.5954174399375916,0.1046779528260231,Neutral,-0.19522660225629807,0.5954174399375916
778245994,6.28968E+17,@jake_blight @WeAlIlKnowA you cunt,@jake_blight @WeAlIlKnowA you cunt,USER USER cunt,@user @user you cunt,blight,Unknown,Not disaster-related,1.0,0.9019834995269775,0.08915675431489944,0.008859743364155293,Negative,-0.8931237561628222,0.9019834995269775
778246012,6.29105E+17,@blizzard_fans Lucio!! Let's get the #overwatch hype train rolling some more!! Caution though there aren't any breaks,@blizzard_fans Lucio!! Let's get the #overwatch hype train rolling some more!! Caution though there aren't any breaks,USER lucio let get overwatch hype train rolling caution though break,@user Lucio!! Let's get the #overwatch hype train rolling some more!! Caution though there aren't any breaks,blizzard,Unknown,Not disaster-related,0.8033,0.004074608441442251,0.06949234753847122,0.9264329671859741,Positive,0.9223583587445319,0.9264329671859741
778246013,6.29105E+17,GUNNAR Optiks -Heroes of the Storm Siege Gaming Glasses - Onyx/Fire wow blizzard - Full reÛ_ http://t.co/YEUQp0VKwU http://t.co/OuGM0yxQMo,GUNNAR Optiks -Heroes of the Storm Siege Gaming Glasses - Onyx/Fire wow blizzard - Full re Û_ http://t.co/YEUQp0VKwU http://t.co/OuGM0yxQMo,gunnar optiks storm siege gaming glass wow blizzard full URL URL,GUNNAR Optiks -Heroes of the Storm Siege Gaming Glasses - Onyx/Fire wow blizzard - Full re Û_ http http,blizzard,New York,Not disaster-related,0.7972,0.011656374670565128,0.8503938317298889,0.13794974982738495,Neutral,0.12629337515681982,0.8503938317298889
778246034,6.29105E+17,I love the cotton candy blizzard??,I love the cotton candy blizzard??,love cotton candy blizzard,I love the cotton candy blizzard??,blizzard,Unknown,Not disaster-related,1.0,0.0036223470233380795,0.014855332672595978,0.9815223217010498,Positive,0.9778999746777117,0.9815223217010498
778246036,6.29106E+17,Whoa! This new legend will be fun! http://t.co/hu5CmoupUM,Whoa! This new legend will be fun! http://t.co/hu5CmoupUM,whoa new legend fun URL,Whoa! This new legend will be fun! http,blizzard,Florida,Not disaster-related,0.8026,0.001828677486628294,0.010458889417350292,0.9877124428749084,Positive,0.9858837653882802,0.9877124428749084
778246038,6.29106E+17,I call it a little bit of your blizzard?,I call it a little bit of your blizzard?,call little bit blizzard,I call it a little bit of your blizzard?,blizzard,Unknown,Disaster-related,0.5988,0.06404392421245575,0.8708627223968506,0.06509328633546829,Neutral,0.0010493621230125427,0.8708627223968506
778246042,6.29102E+17,"Someone walk with me to DQ ??
I wanna Butterfinger Blizzard so bad??",Someone walk with me to DQ ?? I wanna Butterfinger Blizzard so bad??,someone walk dq wan na butterfinger blizzard bad,Someone walk with me to DQ ?? I wanna Butterfinger Blizzard so bad??,blizzard,Unknown,Not disaster-related,1.0,0.13509364426136017,0.45783138275146484,0.4070749878883362,Neutral,0.271981343626976,0.45783138275146484
778246051,6.29106E+17,4.5 out of 5 stars by 290 reviewers for 'Dragon Blood' Boxset by Lindsay Buroker http://t.co/4yu5Sy1Cui #kindle http://t.co/mzmxMyklXv,4.5 out of 5 stars by 290 reviewers for 'Dragon Blood' Boxset by Lindsay Buroker http://t.co/4yu5Sy1Cui #kindle http://t.co/mzmxMyklXv,NUMBER NUMBER star NUMBER reviewer blood boxset lindsay buroker URL kindle URL,4.5 out of 5 stars by 290 reviewers for 'Dragon Blood' Boxset by Lindsay Buroker http #kindle http,blood,Unknown,Not disaster-related,1.0,0.004486111458390951,0.7583823204040527,0.2371315360069275,Neutral,0.23264542454853654,0.7583823204040527
778246053,6.29105E+17,A friend is like blood they are not beside us always. But they come out when we are wounded.,A friend is like blood they are not beside us always. But they come out when we are wounded.,friend like blood beside u always come wounded,A friend is like blood they are not beside us always. But they come out when we are wounded.,blood,Unknown,Not disaster-related,0.5999,0.2764316201210022,0.607893168926239,0.1156751960515976,Neutral,-0.1607564240694046,0.607893168926239
778246063,6.29106E+17,I ain't a crip or a blood....I'm doin my own thing,I ain't a crip or a blood....I'm doin my own thing,ai crip blood doin thing,I ain't a crip or a blood....I'm doin my own thing,blood,Unknown,Not disaster-related,0.797,0.09378573298454285,0.553055465221405,0.3531588315963745,Neutral,0.25937309861183167,0.553055465221405
778246074,6.29106E+17,The Yankees are the reason I'm on blood pressure medicine,The Yankees are the reason I'm on blood pressure medicine,yankee reason blood pressure medicine,The Yankees are the reason I'm on blood pressure medicine,blood,"Williamsport, PA",Not disaster-related,0.5934,0.8944568634033203,0.09138087928295135,0.014162237755954266,Negative,-0.880294625647366,0.8944568634033203
778246078,6.29106E+17,Today was such a hastle from getting drug tested  blood drown out  tb shot  to document filling  ??,Today was such a hastle from getting drug tested blood drown out tb shot to document filling ??,today hastle getting drug tested blood drown tb shot document filling,Today was such a hastle from getting drug tested blood drown out tb shot to document filling ??,blood,Htx,Not disaster-related,0.5992,0.7089077234268188,0.27193963527679443,0.019152622669935226,Negative,-0.6897551007568836,0.7089077234268188
778246089,6.29106E+17,@sethalphaeus my personal favorites include paramore muse green day royal blood and 5sos,@sethalphaeus my personal favorites include paramore muse green day royal blood and 5sos,USER personal favorite include paramore muse green day royal blood,@user my personal favorites include paramore muse green day royal blood and 5sos,blood,"Biloxi, Mississippi",Not disaster-related,0.7992,0.006139909848570824,0.2432851493358612,0.7505748867988586,Positive,0.7444349769502878,0.7505748867988586
778246100,6.29106E+17,@slsandpet Hey Sally sorry have you emailed me? Been AWOL bloody work ARGH! @ResignInShame,@slsandpet Hey Sally sorry have you emailed me? Been AWOL bloody work ARGH! @ResignInShame,USER hey sally sorry emailed awol bloody work argh USER,@user Hey Sally sorry have you emailed me? Been AWOL bloody work ARGH! @user,bloody,"Sunshine Coast, Queensland",Not disaster-related,0.7969,0.8864468336105347,0.09710858017206192,0.016444576904177666,Negative,-0.870002256706357,0.8864468336105347
778246102,6.29106E+17,@ashwilliams1 continues to be the best guest on @iLoveGGLetters. This week's episode is bloody outrageous.,@ashwilliams1 continues to be the best guest on @iLoveGGLetters. This week's episode is bloody outrageous.,USER continues best guest USER week episode bloody outrageous,@user continues to be the best guest on @user. This week's episode is bloody outrageous.,bloody,Unknown,Not disaster-related,0.5994,0.008015251718461514,0.020471887663006783,0.9715127944946289,Positive,0.9634975427761674,0.9715127944946289
778246110,6.29106E+17,@TradCatKnight (1) Russia may have played into reason but that link is BS.  Okanowa was bloody and mainline invasion looked like a bloody,@TradCatKnight (1) Russia may have played into reason but that link is BS. Okanowa was bloody and mainline invasion looked like a bloody,USER NUMBER russia may played reason link b okanowa bloody mainline invasion looked like bloody,@user (1) Russia may have played into reason but that link is BS. Okanowa was bloody and mainline invasion looked like a bloody,bloody,Nashua NH,Disaster-related,0.665,0.8819602727890015,0.11269502341747284,0.00534471869468689,Negative,-0.8766155540943146,0.8819602727890015
778246120,6.29107E+17,You know how they say the side effects low &amp; really fast? Son the product was an acne cream.. Why 1 of the side effects was bloody diarrhea?,You know how they say the side effects low & really fast? Son the product was an acne cream.. Why 1 of the side effects was bloody diarrhea?,know say side effect low really fast son product acne cream NUMBER side effect bloody diarrhea,You know how they say the side effects low & really fast? Son the product was an acne cream.. Why 1 of the side effects was bloody diarrhea?,bloody,Unknown,Not disaster-related,1.0,0.7447955012321472,0.24269914627075195,0.012505295686423779,Negative,-0.7322902055457234,0.7447955012321472
778246123,6.29106E+17,I'm awful at painting.. why did I agree to do an A3 landscape in bloody oils of all paints ??,I'm awful at painting.. why did I agree to do an A3 landscape in bloody oils of all paints ??,awful painting agree landscape bloody oil paint,I'm awful at painting.. why did I agree to do an A3 landscape in bloody oils of all paints ??,bloody,Glasgow,Not disaster-related,1.0,0.9407176375389099,0.050339482724666595,0.008942856453359127,Negative,-0.9317747810855508,0.9407176375389099
778246125,6.29107E+17,@_itsmegss_ I think it is. well it's bloody barking now,@_itsmegss_ I think it is. well it's bloody barking now,USER think well bloody barking,@user I think it is. well it's bloody barking now,bloody,Shity land of Northern Ireland,Not disaster-related,1.0,0.8417168855667114,0.13822431862354279,0.02005871571600437,Negative,-0.821658169850707,0.8417168855667114
778246146,6.29337E+17,If you bored as shit don't nobody fuck wit you... But when you busy yo shit get blown up! Smh,If you bored as shit don't nobody fuck wit you... But when you busy yo shit get blown up! Smh,bored shit nobody fuck wit busy yo shit get blown smh,If you bored as shit don't nobody fuck wit you... But when you busy yo shit get blown up! Smh,blown up,Scout Team,Not disaster-related,0.7958,0.8907463550567627,0.10004035383462906,0.00921330414712429,Negative,-0.8815330509096384,0.8907463550567627
778246148,6.29352E+17,@Papcrdoll and I s2g if my mentions get blown up over MY choice I will deactivate and leave for good. RESPECT MY CHOICES.,@Papcrdoll and I s2g if my mentions get blown up over MY choice I will deactivate and leave for good. RESPECT MY CHOICES.,USER mention get blown choice deactivate leave good respect choice,@user and I s2g if my mentions get blown up over MY choice I will deactivate and leave for good. RESPECT MY CHOICES.,blown up,L/S/Z/L/T/H/C/H/R/A/S/C,Not disaster-related,0.7976,0.8671324253082275,0.12506641447544098,0.007801136467605829,Negative,-0.8593312888406217,0.8671324253082275
778246152,6.29308E+17,@SassyNreal Agreed. Whole thing has blown up in their faces right wrong or indifferent. The public is relentless court of public opinion,@SassyNreal Agreed. Whole thing has blown up in their faces right wrong or indifferent. The public is relentless court of public opinion,USER agreed whole thing blown face right wrong indifferent public relentless court public opinion,@user Agreed. Whole thing has blown up in their faces right wrong or indifferent. The public is relentless court of public opinion,blown up,Unknown,Not disaster-related,0.7964,0.6157382726669312,0.3471549153327942,0.03710682690143585,Negative,-0.5786314457654953,0.6157382726669312
778246155,6.29361E+17,I don't understand how White Iverson by Post Malone hasn't blown the fuck *UP* already.,I don't understand how White Iverson by Post Malone hasn't blown the fuck *UP* already.,understand white iverson post malone blown fuck already,I don't understand how White Iverson by Post Malone hasn't blown the fuck *UP* already.,blown up,somewhere or other,Not disaster-related,0.8559,0.5923774838447571,0.3299078941345215,0.07771459966897964,Negative,-0.5146628841757774,0.5923774838447571
778246160,6.29331E+17,My license picture blown up is absolutely terrifying. http://t.co/0NVdzxQ2HF,My license picture blown up is absolutely terrifying. http://t.co/0NVdzxQ2HF,license picture blown absolutely terrifying URL,My license picture blown up is absolutely terrifying. http,blown up,Unknown,Not disaster-related,1.0,0.9336809515953064,0.05822564661502838,0.008093391545116901,Negative,-0.9255875600501895,0.9336809515953064
778246164,6.29316E+17,@libraryeliza he did get a @taylorswift13 'bump' of approval which is probably why he's blown up http://t.co/KOLMzBz1pZ #MusicAdvisory,@libraryeliza he did get a @taylorswift13 'bump' of approval which is probably why he's blown up http://t.co/KOLMzBz1pZ #MusicAdvisory,USER get USER approval probably blown URL musicadvisory,@user he did get a @user 'bump' of approval which is probably why he's blown up http #MusicAdvisory,blown up,"St Paul, MN",Not disaster-related,0.5958,0.016048787161707878,0.4487121105194092,0.5352391004562378,Positive,0.5191903132945299,0.5352391004562378
778246170,6.29342E+17,@TheBoyOfMasks 'Thanks again for letting me stay here since the manor was blown up..... Anyways how are you doing buddy?',@TheBoyOfMasks 'Thanks again for letting me stay here since the manor was blown up..... Anyways how are you doing buddy?',USER letting stay since manor blown anyways buddy,@user 'Thanks again for letting me stay here since the manor was blown up..... Anyways how are you doing buddy?',blown up,Nowhere Islands/Smash Manor,Not disaster-related,0.5994,0.025807907804846764,0.30446335673332214,0.669728696346283,Positive,0.6439207885414362,0.669728696346283
778246176,6.29359E+17,Even though BSG had been sufficiently hyped up for me in all the years I somehow delayed watching it I was utterly utterly blown away.,Even though BSG had been sufficiently hyped up for me in all the years I somehow delayed watching it I was utterly utterly blown away.,even though bsg sufficiently hyped year somehow delayed watching utterly utterly blown away,Even though BSG had been sufficiently hyped up for me in all the years I somehow delayed watching it I was utterly utterly blown away.,blown up,Los Angeles,Disaster-related,0.8047,0.035002849996089935,0.10024331510066986,0.8647538423538208,Positive,0.8297509923577309,0.8647538423538208
778246202,6.29081E+17,New Ladies Shoulder Tote Handbag Faux Leather Hobo Purse Cross Body Bag Womens - Full readÛ_ http://t.co/Rpn6pXLPiB http://t.co/l6aYlVVDZ0,New Ladies Shoulder Tote Handbag Faux Leather Hobo Purse Cross Body Bag Womens - Full read Û_ http://t.co/Rpn6pXLPiB http://t.co/l6aYlVVDZ0,new lady shoulder tote handbag faux leather hobo purse cross body bag womens full read URL URL,New Ladies Shoulder Tote Handbag Faux Leather Hobo Purse Cross Body Bag Womens - Full read Û_ http http,body bag,New York,Not disaster-related,1.0,0.010041466914117336,0.932183563709259,0.05777497962117195,Neutral,0.047733512707054615,0.932183563709259
778246207,6.29042E+17,New Ladies Shoulder Tote Handbag Women Cross Body Bag Faux Leather Fashion Purse - Full reÛ_ http://t.co/3PCNtcZoxv http://t.co/n0AkjM1e4B,New Ladies Shoulder Tote Handbag Women Cross Body Bag Faux Leather Fashion Purse - Full re Û_ http://t.co/3PCNtcZoxv http://t.co/n0AkjM1e4B,new lady shoulder tote handbag woman cross body bag faux leather fashion purse full URL URL,New Ladies Shoulder Tote Handbag Women Cross Body Bag Faux Leather Fashion Purse - Full re Û_ http http,body bag,Unknown,Not disaster-related,1.0,0.010521488264203072,0.9389665722846985,0.050511885434389114,Neutral,0.03999039717018604,0.9389665722846985
778246209,6.29063E+17,new summer long thin body bag hip A word skirt Blue http://t.co/lvKoEMsq8m http://t.co/CjiRhHh4vj,new summer long thin body bag hip A word skirt Blue http://t.co/lvKoEMsq8m http://t.co/CjiRhHh4vj,new summer long thin body bag hip word skirt blue URL URL,new summer long thin body bag hip A word skirt Blue http http,body bag,Unknown,Not disaster-related,0.7976,0.010550147853791714,0.8641523122787476,0.12529751658439636,Neutral,0.11474736873060465,0.8641523122787476
778246215,6.29061E+17,AUTH LOUIS VUITTON BROWN SAUMUR 35 CROSS BODY SHOULDER BAG MONOGRAM 7.23 419-3 - Full readÛ_ http://t.co/HCDiwE5flc http://t.co/zLvEbEoavG,AUTH LOUIS VUITTON BROWN SAUMUR 35 CROSS BODY SHOULDER BAG MONOGRAM 7.23 419-3 - Full read Û_ http://t.co/HCDiwE5flc http://t.co/zLvEbEoavG,auth louis vuitton brown saumur NUMBER cross body shoulder bag monogram NUMBER NUMBER NUMBER full read URL URL,AUTH LOUIS VUITTON BROWN SAUMUR 35 CROSS BODY SHOULDER BAG MONOGRAM 7.23 419-3 - Full read Û_ http http,body bag,New York,Not disaster-related,0.7976,0.025884194299578667,0.9315107464790344,0.042605072259902954,Neutral,0.016720877960324287,0.9315107464790344
778246233,6.2907E+17,I would love to #win Suze's amazing filled #beauty #bag #giveaway! Contents from L'Occitane Body Shop &amp; Lavera. http://t.co/hEjJVVRsTY,I would love to #win Suze's amazing filled #beauty #bag #giveaway! Contents from L'Occitane Body Shop & Lavera. http://t.co/hEjJVVRsTY,would love win suze amazing filled beauty bag giveaway content body shop lavera URL,I would love to #win Suze's amazing filled #beauty #bag #giveaway! Contents from L'Occitane Body Shop & Lavera. http,body bag,Unknown,Not disaster-related,1.0,0.002030865289270878,0.01681995950639248,0.9811491966247559,Positive,0.979118331335485,0.9811491966247559
778246242,6.29045E+17,Photo: bonesymcbones: Beartooth - Body Bag (x) http://t.co/kNH4HLFuMa,Photo: bonesymcbones: Beartooth - Body Bag (x) http://t.co/kNH4HLFuMa,photo bonesymcbones beartooth body bag x URL,Photo: bonesymcbones: Beartooth - Body Bag (x) http,body bag,Orlando,Not disaster-related,0.7982,0.012483076192438602,0.9274449348449707,0.06007187440991402,Neutral,0.047588798217475414,0.9274449348449707
778246243,6.2906E+17,Two-Tone Cross-Body Smartphone Bag Only $15 Shipped! via Dian's Daily Deals - ** Two-Tone ... http://t.co/91LaZl2crV,Two-Tone Cross-Body Smartphone Bag Only $15 Shipped! via Dian's Daily Deals - ** Two-Tone ... http://t.co/91LaZl2crV,smartphone bag NUMBER shipped via dian daily deal URL,Two-Tone Cross-Body Smartphone Bag Only $15 Shipped! via Dian's Daily Deals - ** Two-Tone ... http,body bag,"Rowlett, TX",Not disaster-related,1.0,0.00425523379817605,0.750663161277771,0.24508166313171387,Neutral,0.24082642933353782,0.750663161277771
778246256,6.27322E+17,@Yankees body bagging mfs,@Yankees body bagging mfs,USER body bagging mf,@user body bagging mfs,body bagging,302???? 815,Disaster-related,0.6087,0.7752199172973633,0.21220137178897858,0.01257876493036747,Negative,-0.7626411523669958,0.7752199172973633
778246266,6.27265E+17,@editaxohaze then let the bagging body's begin lol ???? I ain't cuffed yet so it shouldn't be that bad!!,@editaxohaze then let the bagging body's begin lol ???? I ain't cuffed yet so it shouldn't be that bad!!,USER let bagging body begin lol ai cuffed yet bad,@user then let the bagging body's begin lol ???? I ain't cuffed yet so it shouldn't be that bad!!,body bagging,Former Yugoslav Republic of Macedonia,Not disaster-related,1.0,0.04548546299338341,0.3285675346851349,0.6259469985961914,Positive,0.580461535602808,0.6259469985961914
778246267,6.26907E+17,Jersey's artist Wolfgangjoc pays homage to the late great Biggie Smalls by body bagging  his hypnotize beat.... http://t.co/x0jKnOxJHA,Jersey's artist Wolfgangjoc pays homage to the late great Biggie Smalls by body bagging his hypnotize beat.... http://t.co/x0jKnOxJHA,jersey artist wolfgangjoc pay homage late great biggie small body bagging hypnotize beat URL,Jersey's artist Wolfgangjoc pays homage to the late great Biggie Smalls by body bagging his hypnotize beat.... http,body bagging,Wolfgangmuzic@gmail.com,Not disaster-related,0.7988,0.005549632012844086,0.6392655372619629,0.35518479347229004,Neutral,0.34963516145944595,0.6392655372619629
778246285,6.26543E+17,We need to stop paying attention to @drizzy body bagging @Meekmill and worry bout what happen to #SandraBland,We need to stop paying attention to @drizzy body bagging @Meekmill and worry bout what happen to #SandraBland,need stop paying attention USER body bagging USER worry bout happen sandrabland,We need to stop paying attention to @user body bagging @user and worry bout what happen to #SandraBland,body bagging,"Broward, Miami, Tally",Not disaster-related,0.7988,0.7476391792297363,0.24056880176067352,0.011791979894042015,Negative,-0.7358471993356943,0.7476391792297363
778246295,6.29096E+17,@FoxNews @JenGriffinFNC When you call to report dangerous activity tell em to have body bags on arrival.,@FoxNews @JenGriffinFNC When you call to report dangerous activity tell em to have body bags on arrival.,USER USER call report dangerous activity tell em body bag arrival,@user @user When you call to report dangerous activity tell em to have body bags on arrival.,body bags,"Austin, Texas",Disaster-related,0.8011,0.4880179464817047,0.4931900203227997,0.018792109563946724,Neutral,-0.469225836917758,0.4931900203227997
778246296,6.29054E+17,Micom 2015 Summer Contrast Candy Color Bowknot Cross Body Tote Shoulder Bags for Womengirls with Micom Zip Po http://t.co/sQMTKKJiMJ,Micom 2015 Summer Contrast Candy Color Bowknot Cross Body Tote Shoulder Bags for Womengirls with Micom Zip Po http://t.co/sQMTKKJiMJ,micom NUMBER summer contrast candy color bowknot cross body tote shoulder bag womengirls micom zip po URL,Micom 2015 Summer Contrast Candy Color Bowknot Cross Body Tote Shoulder Bags for Womengirls with Micom Zip Po http,body bags,Oklahoma City,Not disaster-related,0.7952,0.011035573668777943,0.9278172254562378,0.061147190630435944,Neutral,0.050111616961658,0.9278172254562378
778246308,6.29083E+17,RT Hamosh84: This how the #Saudi is coming home from #Yemen in body bags. For what? #Saudi Kingdom ego? You're looÛ_ http://t.co/LJlKWGXgjY,RT Hamosh84: This how the #Saudi is coming home from #Yemen in body bags. For what? #Saudi Kingdom ego? You're loo Û_ http://t.co/LJlKWGXgjY,rt saudi coming home yemen body bag saudi kingdom ego loo URL,RT Hamosh84: This how the #Saudi is coming home from #Yemen in body bags. For what? #Saudi Kingdom ego? You're loo Û_ http,body bags,Yemen,Disaster-related,0.4042,0.8516200184822083,0.141764298081398,0.006615613121539354,Negative,-0.8450044053606689,0.8516200184822083
778246311,6.29019E+17,Womens Buckle Casual Stylish Shoulder Handbags Pockets Cross Body Bags White http://t.co/mWZQCjhZPb,Womens Buckle Casual Stylish Shoulder Handbags Pockets Cross Body Bags White http://t.co/mWZQCjhZPb,womens buckle casual stylish shoulder handbag pocket cross body bag white URL,Womens Buckle Casual Stylish Shoulder Handbags Pockets Cross Body Bags White http,body bags,United Kingdom,Not disaster-related,1.0,0.014320006594061852,0.9399712681770325,0.045708779245615005,Neutral,0.031388772651553154,0.9399712681770325
778246331,6.2905E+17,@Limpar33 sweeping legs? Or putting people in body bags?,@Limpar33 sweeping legs? Or putting people in body bags?,USER sweeping leg putting people body bag,@user sweeping legs? Or putting people in body bags?,body bags,In the Shadows...,Not disaster-related,0.6,0.6044552326202393,0.38648146390914917,0.00906327459961176,Negative,-0.5953919580206275,0.6044552326202393
778246335,6.29084E+17,'Your body will heal the bags under your eyes will go away youÛªll be so happy youÛªll smile and really...' http://t.co/WuKcAlNQms,'Your body will heal the bags under your eyes will go away you Ûªll be so happy you Ûªll smile and really...' http://t.co/WuKcAlNQms,body heal bag eye go away ûªll happy ûªll smile really URL,'Your body will heal the bags under your eyes will go away you Ûªll be so happy you Ûªll smile and really...' http,body bags,Unknown,Not disaster-related,1.0,0.005047413986176252,0.03070232830941677,0.9642502665519714,Positive,0.9592028525657952,0.9642502665519714
778246344,6.29058E+17,Womens Flower Printed Shoulder Handbags Cross Body Metal Chain Satchel Bags Pink http://t.co/vBZqWzNxH7 http://t.co/NXIhHeP1Ea,Womens Flower Printed Shoulder Handbags Cross Body Metal Chain Satchel Bags Pink http://t.co/vBZqWzNxH7 http://t.co/NXIhHeP1Ea,womens flower printed shoulder handbag cross body metal chain satchel bag pink URL URL,Womens Flower Printed Shoulder Handbags Cross Body Metal Chain Satchel Bags Pink http http,body bags,Unknown,Disaster-related,1.0,0.0075234114192426205,0.9125798344612122,0.0798967257142067,Neutral,0.07237331429496408,0.9125798344612122
778246346,6.2908E+17,"Listen to this hit song. A summer Bomb full of positive energy and youth
Did you like it?
https://t.co/2LiWkJybE9 
#Norge2040",Listen to this hit song. A summer Bomb full of positive energy and youth Did you like it? https://t.co/2LiWkJybE9 #Norge2040,listen hit song summer bomb full positive energy youth like URL,Listen to this hit song. A summer Bomb full of positive energy and youth Did you like it? http #Norge2040,bomb,"Aarhus, Central Jutland",Not disaster-related,1.0,0.001945003168657422,0.04301339387893677,0.9550415873527527,Positive,0.9530965841840953,0.9550415873527527
778246349,6.29079E+17,this is about to be a bomb ass firework picture http://t.co/lr4BTvuEoM,this is about to be a bomb ass firework picture http://t.co/lr4BTvuEoM,bomb as firework picture URL,this is about to be a bomb ass firework picture http,bomb,wny,Not disaster-related,0.5969,0.00866431649774313,0.04367663338780403,0.9476590752601624,Positive,0.9389947587624192,0.9476590752601624
778246353,6.29079E+17,namjoon's FANTASTIC IS BOMB BYE OMG,namjoon's FANTASTIC IS BOMB BYE OMG,namjoon fantastic bomb bye omg,namjoon's FANTASTIC IS BOMB BYE OMG,bomb,travelling to tae's pants,Not disaster-related,0.7976,0.007279309909790754,0.021661333739757538,0.9710593819618225,Positive,0.9637800720520318,0.9710593819618225
778246354,6.29079E+17,HALSEY AND TROYE COLLAB WOULD BE BOMB,HALSEY AND TROYE COLLAB WOULD BE BOMB,halsey troye collab would bomb,HALSEY AND TROYE COLLAB WOULD BE BOMB,bomb,keli x,Not disaster-related,0.8033,0.010042181238532066,0.06582123041152954,0.9241366386413574,Positive,0.9140944574028254,0.9241366386413574
778246356,6.29079E+17,@AaronTheFM guys to scared to show his real name anyway he knows I'll bomb him,@AaronTheFM guys to scared to show his real name anyway he knows I'll bomb him,USER guy scared show real name anyway know bomb,@user guys to scared to show his real name anyway he knows I'll bomb him,bomb,Manchester,Not disaster-related,0.6018,0.824022650718689,0.16584157943725586,0.010135805234313011,Negative,-0.813886845484376,0.824022650718689
778246358,6.29079E+17,My bestfriends are the bomb. ??,My bestfriends are the bomb. ??,bestfriends bomb,My bestfriends are the bomb. ??,bomb,"Texas, USA",Not disaster-related,0.7988,0.007647664286196232,0.011491162702441216,0.9808611273765564,Positive,0.9732134630903602,0.9808611273765564
778246365,6.29079E+17,@smallforestelf Umm because a gun stopped the gunman with who was carrying a bomb!,@smallforestelf Umm because a gun stopped the gunman with who was carrying a bomb!,USER umm gun stopped gunman carrying bomb,@user Umm because a gun stopped the gunman with who was carrying a bomb!,bomb,Unknown,Disaster-related,1.0,0.36962902545928955,0.6001579165458679,0.03021308220922947,Neutral,-0.3394159432500601,0.6001579165458679
778246371,6.29079E+17,Hiroshima marks 70 years since bomb http://t.co/3u6MDLk7dI,Hiroshima marks 70 years since bomb http://t.co/3u6MDLk7dI,hiroshima mark NUMBER year since bomb URL,Hiroshima marks 70 years since bomb http,bomb,Unknown,Disaster-related,0.8017,0.19118008017539978,0.7332281470298767,0.07559172809123993,Neutral,-0.11558835208415985,0.7332281470298767
778246377,6.2908E+17,I came up with an idea of a fragrance concept for a bath bomb called The Blood of my Enemies. So you can say that's what you bathe in.,I came up with an idea of a fragrance concept for a bath bomb called The Blood of my Enemies. So you can say that's what you bathe in.,came idea fragrance concept bath bomb called blood enemy say bathe,I came up with an idea of a fragrance concept for a bath bomb called The Blood of my Enemies. So you can say that's what you bathe in.,bomb,"Edmonton, Alberta",Disaster-related,0.8001,0.1720283031463623,0.6669837832450867,0.1609879583120346,Neutral,-0.011040344834327698,0.6669837832450867
778246383,6.29079E+17,@SwellyJetEvo Disneyland! Tacos there are bomb!,@SwellyJetEvo Disneyland! Tacos there are bomb!,USER disneyland taco bomb,@user Disneyland! Tacos there are bomb!,bomb,"Sunrise Manor, NV",Disaster-related,0.597,0.004363944288343191,0.014830747619271278,0.9808052778244019,Positive,0.9764413335360587,0.9808052778244019
778246394,6.29079E+17,My aunt just gave me this drink at the game and it's bomb???? I'll never tell what in it though shhhh??????? http://t.co/vsFS7zr1gI,My aunt just gave me this drink at the game and it's bomb???? I'll never tell what in it though shhhh??????? http://t.co/vsFS7zr1gI,aunt gave drink game bomb never tell though shhhh URL,My aunt just gave me this drink at the game and it's bomb???? I'll never tell what in it though shhhh??????? http,bomb,Unknown,Not disaster-related,0.5946,0.023516476154327393,0.1110202968120575,0.8654632568359375,Positive,0.8419467806816101,0.8654632568359375
778246395,6.29081E+17,Jays rocking #MLB @JoeyBats19 just bombed one out of Rogers Centre. Play-offs r ahead for The #BlueJays - Bell Moseby and Barfield r back!,Jays rocking #MLB @JoeyBats19 just bombed one out of Rogers Centre. Play-offs r ahead for The #BlueJays - Bell Moseby and Barfield r back!,jay rocking mlb USER bombed one rogers centre r ahead bluejays bell moseby barfield r back,Jays rocking #MLB @user just bombed one out of Rogers Centre. Play-offs r ahead for The #BlueJays - Bell Moseby and Barfield r back!,bombed,"Dundas, Ontario",Not disaster-related,0.7982,0.003320432500913739,0.22419112920761108,0.7724884152412415,Positive,0.7691679827403277,0.7724884152412415
778246399,6.29059E+17,Photo bombed by a princess http://t.co/i4PthsuYQ9,Photo bombed by a princess http://t.co/i4PthsuYQ9,photo bombed princess URL,Photo bombed by a princess http,bombed,Unknown,Not disaster-related,1.0,0.8077065944671631,0.18296772241592407,0.009325717575848103,Negative,-0.798380876891315,0.8077065944671631
778246412,6.29064E+17,@NickLee8  i went to school in a bombed out East End of London3 families to one house no bathroom outside loo &amp; poor so whats yr point,@NickLee8 i went to school in a bombed out East End of London3 families to one house no bathroom outside loo & poor so whats yr point,USER went school bombed east end family one house bathroom outside loo poor whats yr point,@user i went to school in a bombed out East End of London3 families to one house no bathroom outside loo & poor so whats yr point,bombed,Old Blighty,Disaster-related,0.7964,0.815772533416748,0.17503836750984192,0.009188996627926826,Negative,-0.8065835367888212,0.815772533416748
778246415,6.29059E+17,@QPR1980 @Rorington95 Nowt to do with money. Fergie bombed out the big drinkers at United within years of taking over while Wenger,@QPR1980 @Rorington95 Nowt to do with money. Fergie bombed out the big drinkers at United within years of taking over while Wenger,USER USER nowt money fergie bombed big drinker united within year taking wenger,@user @user Nowt to do with money. Fergie bombed out the big drinkers at United within years of taking over while Wenger,bombed,Unknown,Not disaster-related,1.0,0.5129122138023376,0.45199087262153625,0.035096969455480576,Negative,-0.47781524434685707,0.5129122138023376
778246417,6.29071E+17,@oooureli @Abu_Baraa1 You mean like the tolerance you showed when sharing 'democracy' with the Iraqis? Wait you mutilated and bombed them.,@oooureli @Abu_Baraa1 You mean like the tolerance you showed when sharing 'democracy' with the Iraqis? Wait you mutilated and bombed them.,USER USER mean like tolerance showed sharing iraqi wait mutilated bombed,@user @user You mean like the tolerance you showed when sharing 'democracy' with the Iraqis? Wait you mutilated and bombed them.,bombed,Unknown,Not disaster-related,0.5984,0.9133122563362122,0.0818871557712555,0.004800520837306976,Negative,-0.9085117354989052,0.9133122563362122
778246424,6.29074E+17,.@RaniaKhalek true. I faced everything from 'Is Bin Laden your uncle?' to 'Hopefully Afghanistan will be bombed'. Children can be very ugly.,.@RaniaKhalek true. I faced everything from 'Is Bin Laden your uncle?' to 'Hopefully Afghanistan will be bombed'. Children can be very ugly.,USER true faced everything bin laden uncle afghanistan bombed child ugly,.@user true. I faced everything from 'Is Bin Laden your uncle?' to 'Hopefully Afghanistan will be bombed'. Children can be very ugly.,bombed,"Kabul, Tuebingen, Innsbruck",Not disaster-related,0.8,0.9159743785858154,0.07849108427762985,0.0055344910360872746,Negative,-0.9104398875497282,0.9159743785858154
778246445,6.29083E+17,Bombing of Hiroshima 1945. http://t.co/4UHq9jKCvq,Bombing of Hiroshima 1945. http://t.co/4UHq9jKCvq,bombing hiroshima NUMBER URL,Bombing of Hiroshima 1945. http,bombing,Unknown,Disaster-related,1.0,0.4441851079463959,0.5335060954093933,0.022308751940727234,Neutral,-0.42187635600566864,0.5335060954093933
778246450,6.29082E+17,Japan on Thursday marks the 70th anniversary of the atomic bombing of Hiroshima with the most senior official from Washington ever scheduleÛ_,Japan on Thursday marks the 70th anniversary of the atomic bombing of Hiroshima with the most senior official from Washington ever schedule Û_,japan thursday mark anniversary atomic bombing hiroshima senior official washington ever schedule,Japan on Thursday marks the 70th anniversary of the atomic bombing of Hiroshima with the most senior official from Washington ever schedule Û_,bombing,Unknown,Disaster-related,0.7964,0.08632220327854156,0.8648523688316345,0.048825450241565704,Neutral,-0.03749675303697586,0.8648523688316345
778246454,6.29083E+17,"The only country claiming the moral high ground is the only one to have dropped atomic bombs. #Hiroshima #BanTheBomb
http://t.co/6G49ywwsQJ",The only country claiming the moral high ground is the only one to have dropped atomic bombs. #Hiroshima #BanTheBomb http://t.co/6G49ywwsQJ,country claiming moral high ground one dropped atomic bomb hiroshima banthebomb URL,The only country claiming the moral high ground is the only one to have dropped atomic bombs. #Hiroshima #BanTheBomb http,bombing,Unknown,Disaster-related,0.6061,0.6555313467979431,0.31587377190589905,0.02859487012028694,Negative,-0.6269364766776562,0.6555313467979431
778246464,6.29084E+17,Japan Marks 70th Anniversary of Hiroshima Atomic Bombing http://t.co/93vqkdFgnr,Japan Marks 70th Anniversary of Hiroshima Atomic Bombing http://t.co/93vqkdFgnr,japan mark anniversary hiroshima atomic bombing URL,Japan Marks 70th Anniversary of Hiroshima Atomic Bombing http,bombing,Unknown,Disaster-related,1.0,0.13579820096492767,0.8393197655677795,0.024881960824131966,Neutral,-0.11091624014079571,0.8393197655677795
778246467,6.29082E+17,70th Anniversary of Hiroshima bombing https://t.co/juwvomhGPd,70th Anniversary of Hiroshima bombing https://t.co/juwvomhGPd,anniversary hiroshima bombing URL,70th Anniversary of Hiroshima bombing http,bombing,Unknown,Disaster-related,1.0,0.5542808771133423,0.42870354652404785,0.01701555959880352,Negative,-0.5372653175145388,0.5542808771133423
778246485,6.29083E+17,Japan marks 70th anniversary of Hiroshima atomic bombing: Bells tolled in Hiroshima on Thursday as Japan marked 70Û_ http://t.co/NBZiKcJpHp,Japan marks 70th anniversary of Hiroshima atomic bombing: Bells tolled in Hiroshima on Thursday as Japan marked 70 Û_ http://t.co/NBZiKcJpHp,japan mark anniversary hiroshima atomic bombing bell tolled hiroshima thursday japan marked NUMBER URL,Japan marks 70th anniversary of Hiroshima atomic bombing: Bells tolled in Hiroshima on Thursday as Japan marked 70 Û_ http,bombing,London,Disaster-related,1.0,0.033310551196336746,0.9177339673042297,0.04895548149943352,Neutral,0.01564493030309677,0.9177339673042297
778246486,6.29082E+17,Japan marks 70th anniversary of Hiroshima atomic bombing #Generalnews http://t.co/M9o08GUrT4,Japan marks 70th anniversary of Hiroshima atomic bombing #Generalnews http://t.co/M9o08GUrT4,japan mark anniversary hiroshima atomic bombing generalnews URL,Japan marks 70th anniversary of Hiroshima atomic bombing #Generalnews http,bombing,United States,Disaster-related,1.0,0.15859071910381317,0.8143104910850525,0.027098793536424637,Neutral,-0.13149192556738853,0.8143104910850525
778246495,6.29281E+17,I never knew about the relationship btwn Kansas City Hyatt bridge collapse &amp; AIA's COTE.   http://t.co/ThS9IqSWP3 via @HuffPostArts,I never knew about the relationship btwn Kansas City Hyatt bridge collapse & AIA's COTE. http://t.co/ThS9IqSWP3 via @HuffPostArts,never knew relationship btwn kansa city hyatt bridge collapse aia cote URL via USER,I never knew about the relationship btwn Kansas City Hyatt bridge collapse & AIA's COTE. http via @user,bridge collapse,Unknown,Disaster-related,1.0,0.22288241982460022,0.7639906406402588,0.013126945123076439,Neutral,-0.20975547470152378,0.7639906406402588
778246499,6.2925E+17,What the fuck is going on at Trent Bridge?!  Reminds me of England's collapse out in the Caribbean back in the 90s...,What the fuck is going on at Trent Bridge?! Reminds me of England's collapse out in the Caribbean back in the 90s...,fuck going trent bridge reminds england collapse caribbean back,What the fuck is going on at Trent Bridge?! Reminds me of England's collapse out in the Caribbean back in the 90s...,bridge collapse,Wiltshire,Disaster-related,0.603,0.9359742999076843,0.058596834540367126,0.005428836215287447,Negative,-0.9305454636923969,0.9359742999076843
778246507,6.29144E+17,@BloopAndABlast Because I need to know if I'm supposed to throw myself off a bridge for a #Collapse or plan the parade. There is no both,@BloopAndABlast Because I need to know if I'm supposed to throw myself off a bridge for a #Collapse or plan the parade. There is no both,USER need know supposed throw bridge collapse plan parade,@user Because I need to know if I'm supposed to throw myself off a bridge for a #Collapse or plan the parade. There is no both,bridge collapse,Pittsburgh PA,Not disaster-related,0.7976,0.6326995491981506,0.3415625989437103,0.025737877935171127,Negative,-0.6069616712629795,0.6326995491981506
778246511,6.28676E+17,Two giant cranes holding a bridge collapse into nearby homes http://t.co/Mqm46H6G8b,Two giant cranes holding a bridge collapse into nearby homes http://t.co/Mqm46H6G8b,two giant crane holding bridge collapse nearby home URL,Two giant cranes holding a bridge collapse into nearby homes http,bridge collapse,Unknown,Disaster-related,1.0,0.4097941815853119,0.5704701542854309,0.01973562315106392,Neutral,-0.39005855843424797,0.5704701542854309
778246524,6.29298E+17,Shane Warne and Ricky Ponting shocked by Australia batting collapse at Trent Bridge http://t.co/b5zPfW7Vo0,Shane Warne and Ricky Ponting shocked by Australia batting collapse at Trent Bridge http://t.co/b5zPfW7Vo0,shane warne ricky ponting shocked australia batting collapse trent bridge URL,Shane Warne and Ricky Ponting shocked by Australia batting collapse at Trent Bridge http,bridge collapse,"manchester, UK",Disaster-related,0.806,0.23879115283489227,0.7319568991661072,0.02925197035074234,Neutral,-0.20953918248414993,0.7319568991661072
778246526,6.28801E+17,Mexico: construction of bridge collapse killsåÊone http://t.co/I2C00FcOwb http://t.co/jAAgcFaRTW,Mexico: construction of bridge collapse killsåÊone http://t.co/I2C00FcOwb http://t.co/jAAgcFaRTW,mexico construction bridge collapse killsåêone URL URL,Mexico: construction of bridge collapse killsåÊone http http,bridge collapse,Unknown,Disaster-related,1.0,0.5473060607910156,0.437702476978302,0.01499143149703741,Negative,-0.5323146292939782,0.5473060607910156
778246540,6.26949E+17,@DougMartin17 Fireman Ed runs into burning buildings while others are running out Doug he deserves your respect??????,@DougMartin17 Fireman Ed runs into burning buildings while others are running out Doug he deserves your respect??????,USER fireman ed run burning building others running doug deserves respect,@user Fireman Ed runs into burning buildings while others are running out Doug he deserves your respect??????,buildings burning,Quincy MA,Disaster-related,0.7988,0.5144967436790466,0.4378901422023773,0.047613129019737244,Negative,-0.4668836146593094,0.5144967436790466
778246577,6.28254E+17,Burning buildings? Media outrage? http://t.co/pHixZnv1YN,Burning buildings? Media outrage? http://t.co/pHixZnv1YN,burning building medium outrage URL,Burning buildings? Media outrage? http,buildings burning,"New Orleans ,Louisiana",Disaster-related,1.0,0.7392377257347107,0.2494753748178482,0.011286905035376549,Negative,-0.7279508206993341,0.7392377257347107
778246582,6.29012E+17,saving babies from burning buildings soaking cake in a shit tonne of alcohol mat is a man after my own heart ?? #GBBO,saving babies from burning buildings soaking cake in a shit tonne of alcohol mat is a man after my own heart ?? #GBBO,saving baby burning building soaking cake shit tonne alcohol mat man heart gbbo,saving babies from burning buildings soaking cake in a shit tonne of alcohol mat is a man after my own heart ?? #GBBO,buildings burning,"Leeds, England",Not disaster-related,0.6,0.426921010017395,0.43970295786857605,0.13337604701519012,Neutral,-0.2935449630022049,0.43970295786857605
778246585,6.27116E+17,Watching Xela firefighters struggle to save burning buildings last night w/ old equipment makes me so grateful for DCFD @ChR3lyc @IAFF36,Watching Xela firefighters struggle to save burning buildings last night w/ old equipment makes me so grateful for DCFD @ChR3lyc @IAFF36,watching xela firefighter struggle save burning building last night old equipment make grateful dcfd USER USER,Watching Xela firefighters struggle to save burning buildings last night w/ old equipment makes me so grateful for DCFD @user @user,buildings burning,"Washington, D.C.",Disaster-related,0.8012,0.020126473158597946,0.06987208127975464,0.9100014567375183,Positive,0.8898749835789204,0.9100014567375183
778246596,6.28316E+17,Ton of smoke coming out of one of the new apartment buildings at 160 Ross in Auburn. Several fire trucks on scene. http://t.co/AHVYmSQHqC,Ton of smoke coming out of one of the new apartment buildings at 160 Ross in Auburn. Several fire trucks on scene. http://t.co/AHVYmSQHqC,ton smoke coming one new apartment building NUMBER ross auburn several fire truck scene URL,Ton of smoke coming out of one of the new apartment buildings at 160 Ross in Auburn. Several fire trucks on scene. http,buildings on fire,"Auburn, AL",Disaster-related,1.0,0.24123966693878174,0.7399734854698181,0.018786931410431862,Neutral,-0.22245273552834988,0.7399734854698181
778246608,6.28656E+17,They are evacuating buildings in that area of State Road 20. We still don't have confirmation of what is on fire.,They are evacuating buildings in that area of State Road 20. We still don't have confirmation of what is on fire.,evacuating building area state road NUMBER still confirmation fire,They are evacuating buildings in that area of State Road 20. We still don't have confirmation of what is on fire.,buildings on fire,"Fort Walton Beach, Fl",Disaster-related,1.0,0.4077710807323456,0.5820770263671875,0.010151874274015427,Neutral,-0.39761920645833015,0.5820770263671875
778246619,6.28694E+17,What news reports am I missing? Are there buildings on fire people shot etc. due to videos? #PPSellsBabyParts https://t.co/Wzc5r4XOqZ,What news reports am I missing? Are there buildings on fire people shot etc. due to videos? #PPSellsBabyParts https://t.co/Wzc5r4XOqZ,news report missing building fire people shot etc due video ppsellsbabyparts URL,What news reports am I missing? Are there buildings on fire people shot etc. due to videos? #PPSellsBabyParts http,buildings on fire,Peoria,Disaster-related,0.4036,0.629978597164154,0.36154237389564514,0.008479034528136253,Negative,-0.6214995626360178,0.629978597164154
778246621,6.28261E+17,Multiple firefighters hospitalized after fighting a fire Manchester NH. #7News http://t.co/X1oYU5Y6bI,Multiple firefighters hospitalized after fighting a fire Manchester NH. #7News http://t.co/X1oYU5Y6bI,multiple firefighter hospitalized fighting fire manchester nh URL,Multiple firefighters hospitalized after fighting a fire Manchester NH. #7News http,buildings on fire,Boston,Disaster-related,1.0,0.11284470558166504,0.8673216104507446,0.019833624362945557,Neutral,-0.09301108121871948,0.8673216104507446
778246629,6.29079E+17,I hope the only time I end up on TV is when I'm being arrested for lighting buildings on fire.,I hope the only time I end up on TV is when I'm being arrested for lighting buildings on fire.,hope time end tv arrested lighting building fire,I hope the only time I end up on TV is when I'm being arrested for lighting buildings on fire.,buildings on fire,Unknown,Disaster-related,0.597,0.8197079300880432,0.16064073145389557,0.019651377573609352,Negative,-0.8000565525144339,0.8197079300880432
778246637,6.291E+17,I HATE WHEN IM TRYING TO STRAIGHTEN MY HAIR AND MY BROTHER COMES SWOOPING IN BEHIND ME AND SCARES ME I JUST BURNED MY FINGER,I HATE WHEN IM TRYING TO STRAIGHTEN MY HAIR AND MY BROTHER COMES SWOOPING IN BEHIND ME AND SCARES ME I JUST BURNED MY FINGER,hate im trying straighten hair brother come swooping behind scare burned finger,I HATE WHEN IM TRYING TO STRAIGHTEN MY HAIR AND MY BROTHER COMES SWOOPING IN BEHIND ME AND SCARES ME I JUST BURNED MY FINGER,burned,toronto Û¢ dallas,Not disaster-related,1.0,0.893222987651825,0.09309101104736328,0.01368605624884367,Negative,-0.8795369314029813,0.893222987651825
778246644,6.29098E+17,I burned 3 of my fingers!! http://t.co/Gs2W38CSJn,I burned 3 of my fingers!! http://t.co/Gs2W38CSJn,burned NUMBER finger URL,I burned 3 of my fingers!! http,burned,Unknown,Not disaster-related,1.0,0.8931350111961365,0.08969849348068237,0.01716652326285839,Negative,-0.8759684879332781,0.8931350111961365
778246663,6.29097E+17,I spent 15 minutes lifting weights. 43 calories burned. #LoseIt,I spent 15 minutes lifting weights. 43 calories burned. #LoseIt,spent NUMBER minute lifting weight NUMBER calorie burned loseit,I spent 15 minutes lifting weights. 43 calories burned. #LoseIt,burned,Chicago,Not disaster-related,0.7982,0.043455157428979874,0.7163191437721252,0.2402256578207016,Neutral,0.19677050039172173,0.7163191437721252
778246694,6.29354E+17,hermancranston: #atk #LetsFootball RT SkanndTyagi: #letsFootball #atk WIRED : All these fires are burning through Û_ http://t.co/DmTab6g7j7,hermancranston: #atk #LetsFootball RT SkanndTyagi: #letsFootball #atk WIRED : All these fires are burning through Û_ http://t.co/DmTab6g7j7,hermancranston atk letsfootball rt skanndtyagi letsfootball atk wired fire burning URL,hermancranston: #atk #LetsFootball RT SkanndTyagi: #letsFootball #atk WIRED : All these fires are burning through Û_ http,burning,mumbai,Not disaster-related,0.5994,0.309749037027359,0.6603450775146484,0.029905807226896286,Neutral,-0.2798432298004627,0.6603450775146484
778246696,6.29354E+17,501 sky news mandem in totteham going maddddd burning up fed cars an dem ting dere,501 sky news mandem in totteham going maddddd burning up fed cars an dem ting dere,NUMBER sky news mandem totteham going maddddd burning fed car dem ting dere,501 sky news mandem in totteham going maddddd burning up fed cars an dem ting dere,burning,Isle of Man,Disaster-related,0.8012,0.6028931140899658,0.3593805134296417,0.03772639483213425,Negative,-0.5651667192578316,0.6028931140899658
778246716,6.29357E+17,Uhhhhh demon hunters. But not the whole Burning Crusade v 2.0 thing.  https://t.co/oPtpS1lgKC,Uhhhhh demon hunters. But not the whole Burning Crusade v 2.0 thing. https://t.co/oPtpS1lgKC,uhhhhh demon hunter whole burning crusade v NUMBER thing URL,Uhhhhh demon hunters. But not the whole Burning Crusade v 2.0 thing. http,burning,"Paradise, NV",Not disaster-related,1.0,0.5073224902153015,0.4598546028137207,0.03282289206981659,Negative,-0.4744995981454849,0.5073224902153015
778246727,6.29355E+17,Why put out a fire that's still burning?,Why put out a fire that's still burning?,put fire still burning,Why put out a fire that's still burning?,burning,Unknown,Not disaster-related,1.0,0.6535711884498596,0.3365618884563446,0.009866907261312008,Negative,-0.6437042811885476,0.6535711884498596
778246736,6.29354E+17,The last few days of summer are supposed to be the most fun so what's more fun then accidentally burning arm hair while playing w/ a lighter,The last few days of summer are supposed to be the most fun so what's more fun then accidentally burning arm hair while playing w/ a lighter,last day summer supposed fun fun accidentally burning arm hair playing lighter,The last few days of summer are supposed to be the most fun so what's more fun then accidentally burning arm hair while playing w/ a lighter,burning,Unknown,Not disaster-related,0.8342,0.14065293967723846,0.31435254216194153,0.5449945330619812,Positive,0.40434159338474274,0.5449945330619812
778246739,6.29067E+17,'What is this accomplishing?! Burning is killing the buildings!' #TI5Quotes #TI5,'What is this accomplishing?! Burning is killing the buildings!' #TI5Quotes #TI5,accomplishing burning killing building,'What is this accomplishing?! Burning is killing the buildings!' #TI5Quotes #TI5,burning buildings,Seattle,Disaster-related,0.8041,0.8909404277801514,0.09930054098367691,0.009758957661688328,Negative,-0.881181470118463,0.8909404277801514
778246768,6.28664E+17,Large fire burning several buildings causing evacuations in downtown Hinton: http://t.co/mtMkiMwiyy,Large fire burning several buildings causing evacuations in downtown Hinton: http://t.co/mtMkiMwiyy,large fire burning several building causing evacuation downtown hinton URL,Large fire burning several buildings causing evacuations in downtown Hinton: http,burning buildings,"Oklahoma City, OK",Disaster-related,1.0,0.46580806374549866,0.5223721265792847,0.0118198087438941,Neutral,-0.45398825500160456,0.5223721265792847
778246774,6.28002E+17,@Trubeque Destruction magic's fine just don't go burning any buildings.,@Trubeque Destruction magic's fine just don't go burning any buildings.,USER destruction magic fine go burning building,@user Destruction magic's fine just don't go burning any buildings.,burning buildings,Unknown,Disaster-related,0.6054,0.42602261900901794,0.4973870813846588,0.07659026980400085,Neutral,-0.3494323492050171,0.4973870813846588
778246776,6.2606E+17,if firefighters acted like cops they'd drive around shooting a flamethrower at burning buildings,if firefighters acted like cops they'd drive around shooting a flamethrower at burning buildings,firefighter acted like cop drive around shooting flamethrower burning building,if firefighters acted like cops they'd drive around shooting a flamethrower at burning buildings,burning buildings,midwest,Not disaster-related,0.5928,0.8006467819213867,0.18640510737895966,0.01294810138642788,Negative,-0.7876986805349588,0.8006467819213867
778246777,6.26075E+17,"dog rendered a kitten from burning buildings
https://t.co/9cpWIEcEGv http://t.co/rZLYtneZ2u",dog rendered a kitten from burning buildings https://t.co/9cpWIEcEGv http://t.co/rZLYtneZ2u,dog rendered kitten burning building URL URL,dog rendered a kitten from burning buildings http http,burning buildings,"Copenhagen, Capital Region of Denmark",Disaster-related,0.7976,0.1260533481836319,0.8196917176246643,0.054254915565252304,Neutral,-0.07179843261837959,0.8196917176246643
778246787,6.28481E+17,Insane bush fires in California. Be safe. https://t.co/jSlxTQ3NqS,Insane bush fires in California. Be safe. https://t.co/jSlxTQ3NqS,insane bush fire california safe URL,Insane bush fires in California. Be safe. http,bush fires,Head Office: United Kingdom,Disaster-related,1.0,0.7448193430900574,0.2299499213695526,0.02523074299097061,Negative,-0.7195886000990868,0.7448193430900574
778246797,6.2835E+17,Ted Cruz fires back at Jeb &amp; Bush: ÛÏWe lose because of Republicans like Jeb &amp; Mitt.Û [Video] -  http://t.co/bFtiaPF35F,Ted Cruz fires back at Jeb & Bush: ÛÏWe lose because of Republicans like Jeb & Mitt. Û [Video] - http://t.co/bFtiaPF35F,ted cruz fire back jeb bush ûïwe lose republican like jeb mitt û video URL,Ted Cruz fires back at Jeb & Bush: ÛÏWe lose because of Republicans like Jeb & Mitt. Û [Video] - http,bush fires,Unknown,Not disaster-related,1.0,0.6975123882293701,0.2938270568847656,0.008660570718348026,Negative,-0.6888518175110221,0.6975123882293701
778246798,6.29016E+17,Bushfire causes first victim in Albania ::  The multiple fires in Albania have caused the first vict http://t.co/yuba6XmBlq #Bush,Bushfire causes first victim in Albania :: The multiple fires in Albania have caused the first vict http://t.co/yuba6XmBlq #Bush,bushfire cause first victim albania multiple fire albania caused first vict URL bush,Bushfire causes first victim in Albania :: The multiple fires in Albania have caused the first vict http #Bush,bush fires,Unknown,Disaster-related,1.0,0.32356977462768555,0.6499720811843872,0.026458099484443665,Neutral,-0.2971116751432419,0.6499720811843872
778246811,6.28732E+17,Drought fuels bush fires in Jamaica - http://t.co/0YMF6TXFcH http://t.co/3i3d2NGeNt - @JamaicaObserver @cnewslive RE https://t.co/jyIEkEo2he,Drought fuels bush fires in Jamaica - http://t.co/0YMF6TXFcH http://t.co/3i3d2NGeNt - @JamaicaObserver @cnewslive RE https://t.co/jyIEkEo2he,drought fuel bush fire jamaica URL URL USER USER URL,Drought fuels bush fires in Jamaica - http http - @user @user RE http,bush fires,Wolmers Trust School for Boys,Disaster-related,1.0,0.6043566465377808,0.38776808977127075,0.007875203154981136,Negative,-0.5964814433827996,0.6043566465377808
778246817,6.28478E+17,So apparently there were bush fires near where I live over the weekend that I was totally oblivious to...,So apparently there were bush fires near where I live over the weekend that I was totally oblivious to...,apparently bush fire near live weekend totally oblivious,So apparently there were bush fires near where I live over the weekend that I was totally oblivious to...,bush fires,Unknown,Disaster-related,1.0,0.6666722297668457,0.31871965527534485,0.014608139172196388,Negative,-0.6520640905946493,0.6666722297668457
778246819,6.28168E+17,California Bush fires please evacuate affected areas ASAP when california govts advised you to do so http://t.co/ubVEVUuAch,California Bush fires please evacuate affected areas ASAP when california govts advised you to do so http://t.co/ubVEVUuAch,california bush fire please evacuate affected area asap california govts advised URL,California Bush fires please evacuate affected areas ASAP when california govts advised you to do so http,bush fires,Selangor,Disaster-related,1.0,0.11423306167125702,0.8253040909767151,0.060462836176157,Neutral,-0.05377022549510002,0.8253040909767151
778246831,6.29075E+17,Afghan conflict sees 'sharp rise' in female casualties http://t.co/4hcYwRWN6L http://t.co/2TwXZ6vxbx,Afghan conflict sees 'sharp rise' in female casualties http://t.co/4hcYwRWN6L http://t.co/2TwXZ6vxbx,afghan conflict see rise female casualty URL URL,Afghan conflict sees 'sharp rise' in female casualties http http,casualties,Unknown,Disaster-related,1.0,0.5477850437164307,0.44055745005607605,0.011657525785267353,Negative,-0.5361275179311633,0.5477850437164307
778246834,6.29109E+17,American Weapons and Support Are Fueling a Bloody Air War in Yemen http://t.co/ZBLU4xXo44,American Weapons and Support Are Fueling a Bloody Air War in Yemen http://t.co/ZBLU4xXo44,american weapon support fueling bloody air war yemen URL,American Weapons and Support Are Fueling a Bloody Air War in Yemen http,casualties,Unknown,Disaster-related,1.0,0.888828694820404,0.10508197546005249,0.006089379545301199,Negative,-0.8827393152751029,0.888828694820404
778246838,6.29113E+17,Countless Casualties All Across The Globe War Being Orchestrated On All The Corners Of The Planet [On All Levels] http://t.co/G1BWL3DQQK,Countless Casualties All Across The Globe War Being Orchestrated On All The Corners Of The Planet [On All Levels] http://t.co/G1BWL3DQQK,countless casualty across globe war orchestrated corner planet level URL,Countless Casualties All Across The Globe War Being Orchestrated On All The Corners Of The Planet [On All Levels] http,casualties,Unknown,Disaster-related,0.5982,0.6734881401062012,0.3100269138813019,0.01648496836423874,Negative,-0.6570031717419624,0.6734881401062012
778246846,6.2908E+17,Warfighting Robots Could Reduce Civilian Casualties So Calling for a Ban Now Is Premature - http://t.co/trNGqOPBdl,Warfighting Robots Could Reduce Civilian Casualties So Calling for a Ban Now Is Premature - http://t.co/trNGqOPBdl,warfighting robot could reduce civilian casualty calling ban premature URL,Warfighting Robots Could Reduce Civilian Casualties So Calling for a Ban Now Is Premature - http,casualties,Worldwide,Disaster-related,0.5966,0.1625647246837616,0.791069746017456,0.046365536749362946,Neutral,-0.11619918793439865,0.791069746017456
778246849,6.29111E+17,I'M LAUGHING IN THE FACE OF CASUALTIES AND SORROW THE FIRST TIME I'M THINKING PAST TOMORROW BUT I AM NOT THROWIN AWAY MY SHOT,I'M LAUGHING IN THE FACE OF CASUALTIES AND SORROW THE FIRST TIME I'M THINKING PAST TOMORROW BUT I AM NOT THROWIN AWAY MY SHOT,laughing face casualty sorrow first time thinking past tomorrow throwin away shot,I'M LAUGHING IN THE FACE OF CASUALTIES AND SORROW THE FIRST TIME I'M THINKING PAST TOMORROW BUT I AM NOT THROWIN AWAY MY SHOT,casualties,The Low-Cal Calzone Zone,Disaster-related,0.6006,0.8187875747680664,0.14989441633224487,0.031317971646785736,Negative,-0.7874696031212807,0.8187875747680664
778246856,6.29106E+17,Civilian Casualties in Afghanistan Reach Record High http://t.co/r8pTVFUh5X http://t.co/npCKK0tlEQ,Civilian Casualties in Afghanistan Reach Record High http://t.co/r8pTVFUh5X http://t.co/npCKK0tlEQ,civilian casualty afghanistan reach record high URL URL,Civilian Casualties in Afghanistan Reach Record High http http,casualties,Unknown,Disaster-related,1.0,0.33284494280815125,0.6439616680145264,0.02319338358938694,Neutral,-0.3096515592187643,0.6439616680145264
778246859,6.29105E+17,Another day has passed and THANKFULLY Central Command has CONFIRMED NO new casualties. Please pray for those in... http://t.co/mFSw0tYstA,Another day has passed and THANKFULLY Central Command has CONFIRMED NO new casualties. Please pray for those in... http://t.co/mFSw0tYstA,another day passed thankfully central command confirmed new casualty please pray URL,Another day has passed and THANKFULLY Central Command has CONFIRMED NO new casualties. Please pray for those in... http,casualties,USA,Disaster-related,0.8001,0.019957201555371284,0.3027828335762024,0.6772599220275879,Positive,0.6573027204722166,0.6772599220275879
778246861,6.29091E+17,News Wrap: UN warns female and child casualties are on the rise in Afghanistan http://t.co/vSvY1qe69t #pbs #iraq,News Wrap: UN warns female and child casualties are on the rise in Afghanistan http://t.co/vSvY1qe69t #pbs #iraq,news wrap un warns female child casualty rise afghanistan URL pb iraq,News Wrap: UN warns female and child casualties are on the rise in Afghanistan http #pbs #iraq,casualties,UK,Disaster-related,0.803,0.5160054564476013,0.47263896465301514,0.011355627328157425,Negative,-0.5046498291194439,0.5160054564476013
778246866,6.29112E+17,Stay tuned or don't idc #casualties http://t.co/nssjPR6Pdd,Stay tuned or don't idc #casualties http://t.co/nssjPR6Pdd,stay tuned idc casualty URL,Stay tuned or don't idc #casualties http,casualties,"Inglewood, CA",Not disaster-related,1.0,0.07292971014976501,0.8606288433074951,0.06644146889448166,Neutral,-0.006488241255283356,0.8606288433074951
778246867,6.29085E+17,#Civilian casualties in Afghanistan hit highest number since 2009 U.N. says via @WashingtonPost - http://t.co/xTF5DvgRvh,#Civilian casualties in Afghanistan hit highest number since 2009 U.N. says via @WashingtonPost - http://t.co/xTF5DvgRvh,civilian casualty afghanistan hit highest number since NUMBER say via USER URL,#Civilian casualties in Afghanistan hit highest number since 2009 U.N. says via @user - http,casualties,"Absecon, NJ",Disaster-related,1.0,0.4860762655735016,0.5038917660713196,0.010032000951468945,Neutral,-0.47604426462203264,0.5038917660713196
778246876,6.29309E+17,We're #hiring in our Toronto branch! Surety Underwriter/Senior Underwriter and Casualty Product Leader. Apply today. http://t.co/PraMKlrMhz,We're #hiring in our Toronto branch! Surety Underwriter/Senior Underwriter and Casualty Product Leader. Apply today. http://t.co/PraMKlrMhz,hiring toronto branch surety underwriter casualty product leader apply today URL,We're #hiring in our Toronto branch! Surety Underwriter/Senior Underwriter and Casualty Product Leader. Apply today. http,casualty,Canada,Not disaster-related,1.0,0.004455516114830971,0.5107329487800598,0.48481154441833496,Neutral,0.480356028303504,0.5107329487800598
778246884,6.29353E+17,Another sad ocean casualty-Gray whale population in the Pacific listed as critically #endangered (#drone video) https://t.co/vwz3vZpmfb .,Another sad ocean casualty-Gray whale population in the Pacific listed as critically #endangered (#drone video) https://t.co/vwz3vZpmfb .,another sad ocean whale population pacific listed critically endangered drone video URL,Another sad ocean casualty-Gray whale population in the Pacific listed as critically #endangered (#drone video) http .,casualty,Unknown,Disaster-related,0.606,0.870419979095459,0.12344112992286682,0.006138892844319344,Negative,-0.8642810862511396,0.870419979095459
778246905,6.29354E+17,RT @GreenHarvard: Documenting climate change's first major casualty http://t.co/4q4zd7oU34 via @GreenHarvard,RT @GreenHarvard: Documenting climate change's first major casualty http://t.co/4q4zd7oU34 via @GreenHarvard,rt USER documenting climate change first major casualty URL via USER,RT @user: Documenting climate change's first major casualty http via @user,casualty,"Boulder, CO",Disaster-related,0.5988,0.09400956332683563,0.8805462121963501,0.025444207713007927,Neutral,-0.0685653556138277,0.8805462121963501
778246906,6.2931E+17,Canceling Deal for 2 Warships France Agrees to Repay Russia via @nytimes http://t.co/j7vbskHAXn,Canceling Deal for 2 Warships France Agrees to Repay Russia via @nytimes http://t.co/j7vbskHAXn,canceling deal NUMBER warship france agrees repay russia via USER URL,Canceling Deal for 2 Warships France Agrees to Repay Russia via @user http,casualty,"Washington, D.C.",Not disaster-related,0.6,0.10363385826349258,0.8820539116859436,0.014312232844531536,Neutral,-0.08932162541896105,0.8820539116859436
778246917,6.29301E+17,"ÛÏ@5SOSGlobalSquad: me: will give all of my money to hear social casualty live 

#MTVHottest 5sosÛ I have about 5 buck here I'd give it all??",ÛÏ@5SOSGlobalSquad: me: will give all of my money to hear social casualty live #MTVHottest 5sos Û I have about 5 buck here I'd give it all??,ûï USER give money hear social casualty live mtvhottest û NUMBER buck give,ÛÏ@user: me: will give all of my money to hear social casualty live #MTVHottest 5sos Û I have about 5 buck here I'd give it all??,casualty,"Paranaque City, National Capital Region",Not disaster-related,0.7994,0.02884407341480255,0.5205453634262085,0.45061057806015015,Neutral,0.4217665046453476,0.5205453634262085
778246918,6.29355E+17,#NowPlaying: Dubstep Hardstyle Trap Messy Mix (event recording) by Alien Casualty on @Mixify http://t.co/m203UL6o7p http://t.co/m203UL6o7p,#NowPlaying: Dubstep Hardstyle Trap Messy Mix (event recording) by Alien Casualty on @Mixify http://t.co/m203UL6o7p http://t.co/m203UL6o7p,nowplaying dubstep hardstyle trap messy mix event recording alien casualty USER URL URL,#NowPlaying: Dubstep Hardstyle Trap Messy Mix (event recording) by Alien Casualty on @user http http,casualty,Seattle,Disaster-related,0.6006,0.006631296593695879,0.9384451508522034,0.054923538118600845,Neutral,0.048292241524904966,0.9384451508522034
778246923,6.29354E+17,@datshemmings_ moi c'est plutot disconnected the only reason close as strangers heartbreak girl rejects social casualty ... ufhguhfidt,@datshemmings_ moi c'est plutot disconnected the only reason close as strangers heartbreak girl rejects social casualty ... ufhguhfidt,USER moi plutot disconnected reason close stranger heartbreak girl reject social casualty ufhguhfidt,@user moi c'est plutot disconnected the only reason close as strangers heartbreak girl rejects social casualty ... ufhguhfidt,casualty,jonas/lovato/bieber/5sos,Not disaster-related,1.0,0.6702698469161987,0.31021708250045776,0.019513126462697983,Negative,-0.6507567204535007,0.6702698469161987
778246927,6.29003E+17,Cultivating Joy In The Face Of Catastrophe And Suffering http://t.co/o0LTQDJbQe #pjnet #tcotåÊ#ccot http://t.co/MO9wpTyqkp,Cultivating Joy In The Face Of Catastrophe And Suffering http://t.co/o0LTQDJbQe #pjnet #tcotåÊ#ccot http://t.co/MO9wpTyqkp,cultivating joy face catastrophe suffering URL pjnet tcotåê ccot URL,Cultivating Joy In The Face Of Catastrophe And Suffering http #pjnet #tcotåÊ#ccot http,catastrophe,"West Virginia, USA",Not disaster-related,0.8,0.09351784735918045,0.8090817928314209,0.09740030765533447,Neutral,0.003882460296154022,0.8090817928314209
778246931,6.2901E+17,@deb117 7/30 that catastrophe man opens school w/another he's an athlete not a teacher a principle not fulfilling any inside clerical duties,@deb117 7/30 that catastrophe man opens school w/another he's an athlete not a teacher a principle not fulfilling any inside clerical duties,USER NUMBER NUMBER catastrophe man open school athlete teacher principle fulfilling inside clerical duty,@user 7/30 that catastrophe man opens school w/another he's an athlete not a teacher a principle not fulfilling any inside clerical duties,catastrophe,Florida,Not disaster-related,0.6012,0.7236729264259338,0.2653850317001343,0.010942062363028526,Negative,-0.7127308640629053,0.7236729264259338
778246933,6.29018E+17,@gemmahentsch @megynkelly @DLoesch I can not envision any catastrophe that would prevent a woman placing her child for adoption.,@gemmahentsch @megynkelly @DLoesch I can not envision any catastrophe that would prevent a woman placing her child for adoption.,USER USER USER envision catastrophe would prevent woman placing child adoption,@user @user @user I can not envision any catastrophe that would prevent a woman placing her child for adoption.,catastrophe,Unknown,Not disaster-related,0.796,0.7268667221069336,0.25687307119369507,0.01626015082001686,Negative,-0.7106065712869167,0.7268667221069336
778246935,6.29068E+17,Then the stylist who'd been silent says 'there's a cool show on Amazon Prime called Catastrophe...',Then the stylist who'd been silent says 'there's a cool show on Amazon Prime called Catastrophe...',stylist silent say cool show amazon prime called catastrophe,Then the stylist who'd been silent says 'there's a cool show on Amazon Prime called Catastrophe...',catastrophe,"los angeles, ca",Not disaster-related,1.0,0.014541124925017357,0.42225781083106995,0.5632010102272034,Positive,0.548659885302186,0.5632010102272034
778246940,6.29022E+17,#twist #sony Ultimate #preparedness library: http://t.co/kx1fGSqeB6 Prepare Yourself For Any Catastrophe. Over http://t.co/7GYGhOG2ds,#twist #sony Ultimate #preparedness library: http://t.co/kx1fGSqeB6 Prepare Yourself For Any Catastrophe. Over http://t.co/7GYGhOG2ds,twist sony ultimate preparedness library URL prepare catastrophe URL,#twist #sony Ultimate #preparedness library: http Prepare Yourself For Any Catastrophe. Over http,catastrophe,Unknown,Not disaster-related,0.6006,0.013615044765174389,0.7905157208442688,0.19586925208568573,Neutral,0.18225420732051134,0.7905157208442688
778246945,6.29048E+17,[reviews] #PixelsMovie not a catastrophe nor a funny movie... our review here : http://t.co/lVbUw01YOH,[reviews] #PixelsMovie not a catastrophe nor a funny movie... our review here : http://t.co/lVbUw01YOH,review pixelsmovie catastrophe funny movie review URL,[reviews] #PixelsMovie not a catastrophe nor a funny movie... our review here : http,catastrophe,Unknown,Not disaster-related,1.0,0.07702075690031052,0.4670749008655548,0.45590436458587646,Neutral,0.37888360768556595,0.4670749008655548
778246946,6.29029E+17,@ShaneRyanHere CATASTROPHE on Amazon Prime.,@ShaneRyanHere CATASTROPHE on Amazon Prime.,USER catastrophe amazon prime,@user CATASTROPHE on Amazon Prime.,catastrophe,"Carrboro, NC",Not disaster-related,0.6018,0.006899179890751839,0.8198122382164001,0.17328855395317078,Neutral,0.16638937406241894,0.8198122382164001
778246952,6.29078E+17,12 Month Payday Short Catastrophe Loans - Promote Finance Your Desire lIQd,12 Month Payday Short Catastrophe Loans - Promote Finance Your Desire lIQd,NUMBER month payday short catastrophe loan promote finance desire liqd,12 Month Payday Short Catastrophe Loans - Promote Finance Your Desire lIQd,catastrophe,Unknown,Not disaster-related,1.0,0.032442543655633926,0.8183082342147827,0.14924916625022888,Neutral,0.11680662259459496,0.8183082342147827
778246953,6.29046E+17,Gaza 2014 - The Summer of Catastrophe https://t.co/gm3YI1D1dV #gaza #palestine #israel #BDS,Gaza 2014 - The Summer of Catastrophe https://t.co/gm3YI1D1dV #gaza #palestine #israel #BDS,gaza NUMBER summer catastrophe URL gaza palestine israel bd,Gaza 2014 - The Summer of Catastrophe http #gaza #palestine #israel #BDS,catastrophe,London UK,Not disaster-related,0.6042,0.42405614256858826,0.5624566674232483,0.013487180694937706,Neutral,-0.41056896187365055,0.5624566674232483
778246954,6.29017E+17,I rated Catastrophe (2015) 8/10  #IMDb - hilarious! http://t.co/cjrSSRY1RT,I rated Catastrophe (2015) 8/10 #IMDb - hilarious! http://t.co/cjrSSRY1RT,rated catastrophe NUMBER NUMBER NUMBER imdb hilarious URL,I rated Catastrophe (2015) 8/10 #IMDb - hilarious! http,catastrophe,"Stockholm, Sweden",Not disaster-related,1.0,0.003849273081868887,0.02139679528772831,0.9747539758682251,Positive,0.9709047027863562,0.9747539758682251
778246967,6.29053E+17,@robdelaney desperate to watch the last episode of Catastrophe. How can I get it in the UK?,@robdelaney desperate to watch the last episode of Catastrophe. How can I get it in the UK?,USER desperate watch last episode catastrophe get uk,@user desperate to watch the last episode of Catastrophe. How can I get it in the UK?,catastrophe,"Blackfield, England",Not disaster-related,1.0,0.05120004341006279,0.7772005200386047,0.17159943282604218,Neutral,0.12039938941597939,0.7772005200386047
778246971,6.29035E+17,Alaska's #Wolves face catastrophe Alexander #ArchipelagoWolves population plummeted 60% in 1 yr. Be their voice:  http://t.co/vCpKdbnSfp,Alaska's #Wolves face catastrophe Alexander #ArchipelagoWolves population plummeted 60% in 1 yr. Be their voice: http://t.co/vCpKdbnSfp,alaska wolf face catastrophe alexander archipelagowolves population plummeted NUMBER NUMBER voice URL,Alaska's #Wolves face catastrophe Alexander #ArchipelagoWolves population plummeted 60% in 1 yr. Be their voice: http,catastrophe,Portugal,Disaster-related,0.7988,0.7785970568656921,0.2106909602880478,0.010712026618421078,Negative,-0.7678850302472711,0.7785970568656921
778246976,6.29039E+17,'Climate change could be catastrophic -- but it does have some benefits.' Really @weathernetwork?!?! http://t.co/IBx3cragtt,'Climate change could be catastrophic -- but it does have some benefits.' Really @weathernetwork?!?! http://t.co/IBx3cragtt,change could catastrophic benefit really USER URL,'Climate change could be catastrophic -- but it does have some benefits.' Really @user?!?! http,catastrophic,Toronto,Not disaster-related,0.5957,0.30191177129745483,0.5263800024986267,0.17170821130275726,Neutral,-0.13020355999469757,0.5263800024986267
778246978,6.29064E+17,@VaunWilmott - @PaysTara agrees that with the catastrophic loss of the love in the barn scene we are short 1 shirtless Michael. #Dominion,@VaunWilmott - @PaysTara agrees that with the catastrophic loss of the love in the barn scene we are short 1 shirtless Michael. #Dominion,USER USER agrees catastrophic loss love barn scene short NUMBER shirtless michael dominion,@user - @user agrees that with the catastrophic loss of the love in the barn scene we are short 1 shirtless Michael. #Dominion,catastrophic,"Nevada, USA",Not disaster-related,0.8007,0.268073171377182,0.6760513782501221,0.05587543547153473,Neutral,-0.21219773590564728,0.6760513782501221
778246994,6.29108E+17,The Catastrophic Effects of Hiroshima and Nagasaki Atomic Bombings Still Being Felt Today http://t.co/W1iFF7ddvy,The Catastrophic Effects of Hiroshima and Nagasaki Atomic Bombings Still Being Felt Today http://t.co/W1iFF7ddvy,catastrophic effect hiroshima nagasaki atomic bombing still felt today URL,The Catastrophic Effects of Hiroshima and Nagasaki Atomic Bombings Still Being Felt Today http,catastrophic,Unknown,Disaster-related,1.0,0.7381839752197266,0.2509666085243225,0.010849390178918839,Negative,-0.7273345850408077,0.7381839752197266
778247010,6.29053E+17,Something Catastrophic Is Coming: Should We Tune Out? http://t.co/a8jZ5A26wi,Something Catastrophic Is Coming: Should We Tune Out? http://t.co/a8jZ5A26wi,something catastrophic coming tune URL,Something Catastrophic Is Coming: Should We Tune Out? http,catastrophic,"Portland, OR",Disaster-related,0.8001,0.6581117510795593,0.327633261680603,0.014255019836127758,Negative,-0.6438567312434316,0.6581117510795593
778247042,6.27554E+17,Standard behavior of Chemical Mixers so that Emergency Purposes...JyB,Standard behavior of Chemical Mixers so that Emergency Purposes...JyB,standard behavior chemical mixer emergency purpose jyb,Standard behavior of Chemical Mixers so that Emergency Purposes...JyB,chemical emergency,Unknown,Not disaster-related,0.4028,0.06646061688661575,0.8700240254402161,0.0635153204202652,Neutral,-0.0029452964663505554,0.8700240254402161
778247058,6.2699E+17,Emergency units simulate a chemical explosion at NU - Evanston Now http://t.co/kfyEbhb3DI,Emergency units simulate a chemical explosion at NU - Evanston Now http://t.co/kfyEbhb3DI,emergency unit simulate chemical explosion nu evanston URL,Emergency units simulate a chemical explosion at NU - Evanston Now http,chemical emergency,Unknown,Disaster-related,0.8307,0.20872564613819122,0.7731059193611145,0.018168466165661812,Neutral,-0.1905571799725294,0.7731059193611145
778247066,6.29038E+17,Emergency responders prepare for chemical disaster through Hazmat training. http://t.co/q9zixCi8E6,Emergency responders prepare for chemical disaster through Hazmat training. http://t.co/q9zixCi8E6,emergency responder prepare chemical disaster hazmat training URL,Emergency responders prepare for chemical disaster through Hazmat training. http,chemical emergency,"Mankato, MN",Disaster-related,1.0,0.1405659317970276,0.817308247089386,0.042125873267650604,Neutral,-0.09844005852937698,0.817308247089386
778247067,6.28797E+17,"Lindenow: 3:15pm
Emergency crews are at a chemical spill in the main street near Church Street",Lindenow: 3:15pm Emergency crews are at a chemical spill in the main street near Church Street,lindenow NUMBER emergency crew chemical spill main street near church street,Lindenow: 3:15pm Emergency crews are at a chemical spill in the main street near Church Street,chemical emergency,"Orbost, Victoria, Australia",Disaster-related,1.0,0.27626094222068787,0.7055274248123169,0.018211713060736656,Neutral,-0.2580492291599512,0.7055274248123169
778247069,6.26122E+17,Emergency prompted due to chemical spill at a factory near RedruthåÊUK https://t.co/oiCtAcbwSR http://t.co/46lSIanjMC,Emergency prompted due to chemical spill at a factory near RedruthåÊUK https://t.co/oiCtAcbwSR http://t.co/46lSIanjMC,emergency prompted due chemical spill factory near redruthåêuk URL URL,Emergency prompted due to chemical spill at a factory near RedruthåÊUK http http,chemical emergency,UK,Disaster-related,1.0,0.36205407977104187,0.6206409335136414,0.01730494201183319,Neutral,-0.3447491377592087,0.6206409335136414
778247074,6.2861E+17,"NEWS FLASH!  Any decent billers been promoted to 'manager'? If so let me know as I want to watch your billings fall off a cliff.
#Humble",NEWS FLASH! Any decent billers been promoted to 'manager'? If so let me know as I want to watch your billings fall off a cliff. #Humble,news flash decent billers promoted let know want watch billing fall cliff humble,NEWS FLASH! Any decent billers been promoted to 'manager'? If so let me know as I want to watch your billings fall off a cliff. #Humble,cliff fall,"London, England",Not disaster-related,1.0,0.7085745930671692,0.23198840022087097,0.059437014162540436,Negative,-0.6491375789046288,0.7085745930671692
778247076,6.29097E+17,2Leezy its like you're about to fall down a cliff but you're grabbing my hand but my palms are sweaty ... Why bruh? https://t.co/GrWdr4kuf3,2Leezy its like you're about to fall down a cliff but you're grabbing my hand but my palms are sweaty ... Why bruh? https://t.co/GrWdr4kuf3,like fall cliff grabbing hand palm sweaty bruh URL,2Leezy its like you're about to fall down a cliff but you're grabbing my hand but my palms are sweaty ... Why bruh? http,cliff fall,At Da Laundry Mat Wit Nivea,Disaster-related,0.6023,0.7567420601844788,0.2257426381111145,0.017515305429697037,Negative,-0.7392267547547817,0.7567420601844788
778247077,6.28896E+17,Photographer Brian Ruebs endures 4500-feet climb to capture bride and groom http://t.co/gft2Lr0Lsi @rarasathie_,Photographer Brian Ruebs endures 4500-feet climb to capture bride and groom http://t.co/gft2Lr0Lsi @rarasathie_,photographer brian ruebs endures NUMBER climb capture bride groom URL USER,Photographer Brian Ruebs endures 4500-feet climb to capture bride and groom http @user,cliff fall,Unknown,Not disaster-related,0.8321,0.005830138921737671,0.9000698924064636,0.0940999984741211,Neutral,0.08826985955238342,0.9000698924064636
778247090,6.29088E+17,@AlexJacobsonPFS All Andre and Gore have to do is not fall off the cliff and we're elite on that side of the ball.,@AlexJacobsonPFS All Andre and Gore have to do is not fall off the cliff and we're elite on that side of the ball.,USER andre gore fall cliff elite side ball,@user All Andre and Gore have to do is not fall off the cliff and we're elite on that side of the ball.,cliff fall,BestCoast,Not disaster-related,0.7976,0.035446155816316605,0.3600006103515625,0.60455322265625,Positive,0.5691070668399334,0.60455322265625
778247098,6.28561E+17,I accidentally killed an 87 day snap streak and now I wanna accidentally fall off a cliff ????????????????????,I accidentally killed an 87 day snap streak and now I wanna accidentally fall off a cliff ????????????????????,accidentally killed NUMBER day snap streak wan na accidentally fall cliff,I accidentally killed an 87 day snap streak and now I wanna accidentally fall off a cliff ????????????????????,cliff fall,livin life in the 610,Disaster-related,0.6038,0.9024637341499329,0.08882085978984833,0.008715486153960228,Negative,-0.8937482479959726,0.9024637341499329
778247101,6.28893E+17,Photographer Brian Ruebs endures 4500-feet climb to capture bride and groom http://t.co/JXhAZEBNQK,Photographer Brian Ruebs endures 4500-feet climb to capture bride and groom http://t.co/JXhAZEBNQK,photographer brian ruebs endures NUMBER climb capture bride groom URL,Photographer Brian Ruebs endures 4500-feet climb to capture bride and groom http,cliff fall,Inside your mind.,Not disaster-related,1.0,0.007460091728717089,0.9042919278144836,0.08824796974658966,Neutral,0.08078787801787257,0.9042919278144836
778247109,6.28982E+17,3 out of the 4 people I'm camping with I would happily see fall of a cliff.,3 out of the 4 people I'm camping with I would happily see fall of a cliff.,NUMBER NUMBER people camping would happily see fall cliff,3 out of the 4 people I'm camping with I would happily see fall of a cliff.,cliff fall,Unknown,Not disaster-related,1.0,0.5816085338592529,0.3530854880809784,0.06530594080686569,Negative,-0.5163025930523872,0.5816085338592529
778247129,6.2935E+17,http://t.co/dOg9bw1eCW Correction: Tent Collapse story #HNLnow,http://t.co/dOg9bw1eCW Correction: Tent Collapse story #HNLnow,URL correction tent collapse story hnlnow,http Correction: Tent Collapse story #HNLnow,collapse,Unknown,Disaster-related,0.7994,0.06466137617826462,0.9104117751121521,0.024926863610744476,Neutral,-0.03973451256752014,0.9104117751121521
778247139,6.29345E+17,West Side water main break causes street collapse (VIDEO) - El Paso Times http://t.co/uP9TWymJlV,West Side water main break causes street collapse (VIDEO) - El Paso Times http://t.co/uP9TWymJlV,west side water main break cause street collapse video el paso time URL,West Side water main break causes street collapse (VIDEO) - El Paso Times http,collapse,Unknown,Disaster-related,1.0,0.29921892285346985,0.6850341558456421,0.015746992081403732,Neutral,-0.2834719307720661,0.6850341558456421
778247158,6.29355E+17,'60 all out? What!' - World reacts to Aussie collapse http://t.co/I6zQlk2Puz,'60 all out? What!' - World reacts to Aussie collapse http://t.co/I6zQlk2Puz,NUMBER world reacts aussie collapse URL,'60 all out? What!' - World reacts to Aussie collapse http,collapse,Brighton and Hove,Not disaster-related,0.5984,0.535222589969635,0.44324782490730286,0.02152959816157818,Negative,-0.5136929918080568,0.535222589969635
778247174,6.29109E+17,I was on my way to Gary but all the Chicago entrances was closed due to a bridge collapsed ?????? I hope they let us through tomorrow,I was on my way to Gary but all the Chicago entrances was closed due to a bridge collapsed ?????? I hope they let us through tomorrow,way gary chicago entrance closed due bridge collapsed hope let u tomorrow,I was on my way to Gary but all the Chicago entrances was closed due to a bridge collapsed ?????? I hope they let us through tomorrow,collapsed,Unknown,Disaster-related,1.0,0.6427293419837952,0.33359894156455994,0.023671675473451614,Negative,-0.6190576665103436,0.6427293419837952
778247185,6.2908E+17,i remember when i was little and i didnt want to say the pledge and the school collapsed and pit to hell opened,i remember when i was little and i didnt want to say the pledge and the school collapsed and pit to hell opened,remember little didnt want say pledge school collapsed pit hell opened,i remember when i was little and i didnt want to say the pledge and the school collapsed and pit to hell opened,collapsed,"(queer, trans, he/him, black)",Disaster-related,0.6038,0.875313401222229,0.11489779502153397,0.009788806550204754,Negative,-0.8655245946720243,0.875313401222229
778247194,6.291E+17,I collapsed in the bathroom bcuz of Michael.,I collapsed in the bathroom bcuz of Michael.,collapsed bathroom bcuz michael,I collapsed in the bathroom bcuz of Michael.,collapsed,Unknown,Not disaster-related,0.5994,0.791890025138855,0.16523988544940948,0.04287012293934822,Negative,-0.7490199021995068,0.791890025138855
778247203,6.29084E+17,@rokiieee_ the game has officially collapsed,@rokiieee_ the game has officially collapsed,USER game officially collapsed,@user the game has officially collapsed,collapsed,I'm standing behind you,Not disaster-related,1.0,0.8783541321754456,0.11034054309129715,0.011305287480354309,Negative,-0.8670488446950912,0.8783541321754456
778247208,6.29103E+17,@JessicaLauraxo grandma collapsed and died,@JessicaLauraxo grandma collapsed and died,USER grandma collapsed died,@user grandma collapsed and died,collapsed,Unknown,Disaster-related,0.5988,0.8352203369140625,0.15480592846870422,0.009973752312362194,Negative,-0.8252465846017003,0.8352203369140625
778247216,6.29081E+17,Petition | Heartless owner that whipped horse until it collapsed is told he can KEEP his animal! Act Now! http://t.co/87eFCBIczM,Petition | Heartless owner that whipped horse until it collapsed is told he can KEEP his animal! Act Now! http://t.co/87eFCBIczM,petition heartless owner whipped horse collapsed told keep animal act URL,Petition | Heartless owner that whipped horse until it collapsed is told he can KEEP his animal! Act Now! http,collapsed,Unknown,Disaster-related,0.806,0.9022014737129211,0.09024129062891006,0.007557231467217207,Negative,-0.8946442422457039,0.9022014737129211
778247217,6.29084E+17,Official: Crowd in tent that collapsed was told to stay put: LANCASTER N.H. - Circus workers first told spectatorsÛ_ http://t.co/yRQgASn0JG,Official: Crowd in tent that collapsed was told to stay put: LANCASTER N.H. - Circus workers first told spectators Û_ http://t.co/yRQgASn0JG,official crowd tent collapsed told stay put lancaster circus worker first told spectator URL,Official: Crowd in tent that collapsed was told to stay put: LANCASTER N.H. - Circus workers first told spectators Û_ http,collapsed,Tampa Bay,Disaster-related,1.0,0.16574059426784515,0.8182620406150818,0.01599736325442791,Neutral,-0.14974323101341724,0.8182620406150818
778247226,6.29107E+17,But even if the stars and moon collide I never want you back into my life??????.,But even if the stars and moon collide I never want you back into my life??????.,even star moon collide never want back life,But even if the stars and moon collide I never want you back into my life??????.,collide,Unknown,Not disaster-related,1.0,0.8516989946365356,0.1365641951560974,0.01173680555075407,Negative,-0.8399621890857816,0.8516989946365356
778247227,6.29112E+17,I added a video to a @YouTube playlist http://t.co/c2k7hDoLph Howie Day - Collide,I added a video to a @YouTube playlist http://t.co/c2k7hDoLph Howie Day - Collide,added video USER playlist URL howie day collide,I added a video to a @user playlist http Howie Day - Collide,collide,ham ham clubhouse,Not disaster-related,1.0,0.0024943104945123196,0.7985326647758484,0.19897298514842987,Neutral,0.19647867465391755,0.7985326647758484
778247228,6.29112E+17,Stepped outside with a drink and a cigarette and immediately locked eyes with a jogger. Worlds really do collide.,Stepped outside with a drink and a cigarette and immediately locked eyes with a jogger. Worlds really do collide.,stepped outside drink cigarette immediately locked eye jogger world really collide,Stepped outside with a drink and a cigarette and immediately locked eyes with a jogger. Worlds really do collide.,collide,Greg's place,Not disaster-related,1.0,0.07816401869058609,0.7756970524787903,0.14613893628120422,Neutral,0.06797491759061813,0.7756970524787903
778247243,6.29104E+17,@mattcohen4fake Gamma Ray January Worlds Collide She Waits Be Me Wave Past Perfect Reunion Lucky Cool If I Come Over Hot Times...,@mattcohen4fake Gamma Ray January Worlds Collide She Waits Be Me Wave Past Perfect Reunion Lucky Cool If I Come Over Hot Times...,USER gamma ray january world collide wait wave past perfect reunion lucky cool come hot time,@user Gamma Ray January Worlds Collide She Waits Be Me Wave Past Perfect Reunion Lucky Cool If I Come Over Hot Times...,collide,Michigan,Not disaster-related,1.0,0.004336366895586252,0.3984619379043579,0.5972017049789429,Positive,0.5928653380833566,0.5972017049789429
778247269,6.29093E+17,You either ride with us or collide with us. It's as simple as that for me and my niggas.,You either ride with us or collide with us. It's as simple as that for me and my niggas.,either ride u collide u simple nigga,You either ride with us or collide with us. It's as simple as that for me and my niggas.,collide,"Dallas, Texas.",Not disaster-related,0.5946,0.020054226741194725,0.4961424469947815,0.48380327224731445,Neutral,0.46374904550611973,0.4961424469947815
778247274,6.28969E+17,Police investigating after an e-bike collided with a car in Little Portugal. E-bike rider suffered serious non-life threatening injuries.,Police investigating after an e-bike collided with a car in Little Portugal. E-bike rider suffered serious non-life threatening injuries.,police investigating collided car little portugal rider suffered serious threatening injury,Police investigating after an e-bike collided with a car in Little Portugal. E-bike rider suffered serious non-life threatening injuries.,collided,Toronto,Disaster-related,1.0,0.6596466302871704,0.32801520824432373,0.012338114902377129,Negative,-0.6473085153847933,0.6596466302871704
778247292,6.29053E+17,'Car vs motorcycle in Harwich Port' HARWICH PORT ÛÒ A car and motorcycle collided around 5:30 p.m. The crash happenÛ_ http://t.co/ljxCE1QW2p,'Car vs motorcycle in Harwich Port' HARWICH PORT ÛÒ A car and motorcycle collided around 5:30 p.m. The crash happen Û_ http://t.co/ljxCE1QW2p,v motorcycle harwich port harwich port ûò car motorcycle collided around NUMBER NUMBER crash happen URL,'Car vs motorcycle in Harwich Port' HARWICH PORT ÛÒ A car and motorcycle collided around 5:30 p.m. The crash happen Û_ http,collided,"Cape Cod, Massachusetts USA",Disaster-related,1.0,0.5715677738189697,0.42013978958129883,0.008292462676763535,Negative,-0.5632753111422062,0.5715677738189697
778247294,6.29051E+17,The 2 cars right in front of me collided and If I hadnt stopped in time it would've been me too. #ButGod ????,The 2 cars right in front of me collided and If I hadnt stopped in time it would've been me too. #ButGod ????,NUMBER car right front collided hadnt stopped time would butgod,The 2 cars right in front of me collided and If I hadnt stopped in time it would've been me too. #ButGod ????,collided,Unknown,Disaster-related,0.8012,0.7381157279014587,0.2366485297679901,0.025235673412680626,Negative,-0.7128800544887781,0.7381157279014587
778247296,6.28921E+17,16 dead in Russia bus accident: At least 16 people were killed and 26 others injured when two buses collided i... http://t.co/jMBVPanXR3,16 dead in Russia bus accident: At least 16 people were killed and 26 others injured when two buses collided i... http://t.co/jMBVPanXR3,NUMBER dead russia bus accident least NUMBER people killed NUMBER others injured two bus collided URL,16 dead in Russia bus accident: At least 16 people were killed and 26 others injured when two buses collided i... http,collided,Unknown,Disaster-related,1.0,0.7857118844985962,0.20782554149627686,0.0064625865779817104,Negative,-0.7792492979206145,0.7857118844985962
778247302,6.29062E+17,We're happily collided :),We're happily collided :),happily collided,We're happily collided :),collided,Unknown,Not disaster-related,1.0,0.0032943340484052896,0.024860288947820663,0.9718453884124756,Positive,0.9685510543640703,0.9718453884124756
778247303,6.29029E+17,Monkey just collided heads with our Ninja. Commence the tears :(,Monkey just collided heads with our Ninja. Commence the tears :(,monkey collided head ninja commence tear,Monkey just collided heads with our Ninja. Commence the tears :(,collided,"Lansing, Michigan",Not disaster-related,1.0,0.865095853805542,0.12461742013692856,0.010286723263561726,Negative,-0.8548091305419803,0.865095853805542
778247316,6.28922E+17,Stepkans Media - Two confirmed dead after the boat they were travelling in Collided in. L.Victoria http://t.co/INGu6Ztyg4,Stepkans Media - Two confirmed dead after the boat they were travelling in Collided in. L.Victoria http://t.co/INGu6Ztyg4,stepkans medium two confirmed dead boat travelling collided URL,Stepkans Media - Two confirmed dead after the boat they were travelling in Collided in. L.Victoria http,collided,"Nairobi, Kenya",Disaster-related,1.0,0.5484773516654968,0.44181281328201294,0.00970986858010292,Negative,-0.5387674830853939,0.5484773516654968
778247323,6.29113E+17,Beat:G3 MOTOR VEHICLE COLLISION HIT AND RUN at RAINIER AV S / S CHARLES ST reported on 8/5/2015 6:08 PM Call# 15000270653,Beat:G3 MOTOR VEHICLE COLLISION HIT AND RUN at RAINIER AV S / S CHARLES ST reported on 8/5/2015 6:08 PM Call# 15000270653,beat motor vehicle collision hit run rainier av charles st reported NUMBER NUMBER NUMBER NUMBER NUMBER pm call NUMBER,Beat:G3 MOTOR VEHICLE COLLISION HIT AND RUN at RAINIER AV S / S CHARLES ST reported on 8/5/2015 6:08 PM Call# 15000270653,collision,Unknown,Disaster-related,0.8022,0.40399426221847534,0.5778951048851013,0.01811067946255207,Neutral,-0.38588358275592327,0.5778951048851013
778247329,6.29115E+17,Santa Fe Springs Studebaker Rd / South St **Trfc Collision-No Inj** http://t.co/6uHih9pbrU,Santa Fe Springs Studebaker Rd / South St **Trfc Collision-No Inj** http://t.co/6uHih9pbrU,santa fe spring studebaker rd south st trfc inj URL,Santa Fe Springs Studebaker Rd / South St **Trfc Collision-No Inj** http,collision,"Los Angeles, CA",Not disaster-related,0.603,0.07377008348703384,0.9106733798980713,0.015556490048766136,Neutral,-0.05821359343826771,0.9106733798980713
778247338,6.29114E+17,Traffic Collision - Ambulance Enroute: Florin Rd at Franklin Blvd South Sac http://t.co/dYEl9nMQ0A,Traffic Collision - Ambulance Enroute: Florin Rd at Franklin Blvd South Sac http://t.co/dYEl9nMQ0A,traffic collision ambulance enroute florin rd franklin blvd south sac URL,Traffic Collision - Ambulance Enroute: Florin Rd at Franklin Blvd South Sac http,collision,"Parkway, CA",Disaster-related,1.0,0.15537235140800476,0.8262984156608582,0.018329279497265816,Neutral,-0.13704307191073895,0.8262984156608582
778247343,6.29113E+17,On I-405 southbound at Coal Creek Pkwy there is a collision blocking the center lane.,On I-405 southbound at Coal Creek Pkwy there is a collision blocking the center lane.,NUMBER southbound coal creek pkwy collision blocking center lane,On I-405 southbound at Coal Creek Pkwy there is a collision blocking the center lane.,collision,"SEATTLE, WA USA",Disaster-related,0.7988,0.5930101871490479,0.39531710743904114,0.011672683991491795,Negative,-0.5813375031575561,0.5930101871490479
778247345,6.29113E+17,Marin Sr37 / Sr121 **Trfc Collision-Unkn Inj** http://t.co/yqJVEVhSzx,Marin Sr37 / Sr121 **Trfc Collision-Unkn Inj** http://t.co/yqJVEVhSzx,marin trfc inj URL,Marin Sr37 / Sr121 **Trfc Collision-Unkn Inj** http,collision,"San Francisco, CA",Disaster-related,0.8012,0.03747944161295891,0.9453189373016357,0.017201602458953857,Neutral,-0.02027783915400505,0.9453189373016357
778247349,6.29115E+17,Riverside I15 N Sr91 E Con / I15 N Sr91 W Con **Trfc Collision-Unkn Inj** http://t.co/QqMLKvgPQk,Riverside I15 N Sr91 E Con / I15 N Sr91 W Con **Trfc Collision-Unkn Inj** http://t.co/QqMLKvgPQk,riverside n e con n w con trfc inj URL,Riverside I15 N Sr91 E Con / I15 N Sr91 W Con **Trfc Collision-Unkn Inj** http,collision,"Riverside, CA",Disaster-related,0.7952,0.04232077673077583,0.9453325867652893,0.01234667468816042,Neutral,-0.029974102042615414,0.9453325867652893
778247352,6.29113E+17,@MissJadeBrown tells of the tragic mid-morning collision which claimed the life of a young man riding a motorcycle. https://t.co/rPDA60Aoni,@MissJadeBrown tells of the tragic mid-morning collision which claimed the life of a young man riding a motorcycle. https://t.co/rPDA60Aoni,USER tell tragic collision claimed life young man riding motorcycle URL,@user tells of the tragic mid-morning collision which claimed the life of a young man riding a motorcycle. http,collision,Saint Lucia,Disaster-related,1.0,0.7980441451072693,0.194536030292511,0.007419837638735771,Negative,-0.7906243074685335,0.7980441451072693
778247357,6.29113E+17,7:13pm #MAPLERIDGE Lougheed Hwy EB is closed between 203rd and Dewdney Trunk Rd because of Collision. ETO is between 8:00 PM and 9:00 PM.,7:13pm #MAPLERIDGE Lougheed Hwy EB is closed between 203rd and Dewdney Trunk Rd because of Collision. ETO is between 8:00 PM and 9:00 PM.,NUMBER mapleridge lougheed hwy eb closed dewdney trunk rd collision eto NUMBER NUMBER pm NUMBER NUMBER pm,7:13pm #MAPLERIDGE Lougheed Hwy EB is closed between 203rd and Dewdney Trunk Rd because of Collision. ETO is between 8:00 PM and 9:00 PM.,collision,Vancouver,Disaster-related,0.8006,0.44596952199935913,0.5429943799972534,0.01103607751429081,Neutral,-0.4349334444850683,0.5429943799972534
778247361,6.29115E+17,CLEARED: COLLISION: #QEW Fort Erie bound approaching Hwy 405 #Niagara.Vehicles removed. ^ag,CLEARED: COLLISION: #QEW Fort Erie bound approaching Hwy 405 #Niagara.Vehicles removed. ^ag,cleared collision qew fort erie bound approaching hwy NUMBER removed,CLEARED: COLLISION: #QEW Fort Erie bound approaching Hwy 405 #Niagara.Vehicles removed. ^ag,collision,"Ontario, Canada",Disaster-related,1.0,0.09118577837944031,0.8868377208709717,0.021976498886942863,Neutral,-0.06920927949249744,0.8868377208709717
778247363,6.29115E+17,Motorcyclist bicyclist injured in Denver collision on Broadway: http://t.co/241cN8yxjq by @kierannicholson,Motorcyclist bicyclist injured in Denver collision on Broadway: http://t.co/241cN8yxjq by @kierannicholson,motorcyclist bicyclist injured denver collision broadway URL USER,Motorcyclist bicyclist injured in Denver collision on Broadway: http by @user,collision,"Denver, Colorado",Disaster-related,0.7964,0.4688921868801117,0.5183712840080261,0.012736515142023563,Neutral,-0.45615567173808813,0.5183712840080261
778247369,6.29087E+17,The Next Financial Crash. ÛÏThe Writing is on the WallÛ. DonÛªt Say ÛÏYou WerenÛªt WarnedÛ https://t.co/4PQCMQchnG via @grtvnews,The Next Financial Crash. ÛÏThe Writing is on the Wall Û . Don Ûªt Say ÛÏYou Weren Ûªt Warned Û https://t.co/4PQCMQchnG via @grtvnews,next financial crash ûïthe writing wall û ûªt say ûïyou ûªt warned û URL via USER,The Next Financial Crash. ÛÏThe Writing is on the Wall Û . Don Ûªt Say ÛÏYou Weren Ûªt Warned Û http via @user,crash,Unknown,Not disaster-related,0.806,0.5099992752075195,0.45783162117004395,0.032169099897146225,Negative,-0.4778301753103733,0.5099992752075195
778247370,6.29087E+17,I feel that 'crash and burn' by Thomas Rhett for sure,I feel that 'crash and burn' by Thomas Rhett for sure,feel burn thomas rhett sure,I feel that 'crash and burn' by Thomas Rhett for sure,crash,Unknown,Not disaster-related,0.6683,0.07958869636058807,0.6879028081893921,0.23250846564769745,Neutral,0.15291976928710938,0.6879028081893921
778247373,6.29087E+17,HTML5 Beginners Crash Course http://t.co/Y32oWBroVF #course http://t.co/Vr2U4cErW8,HTML5 Beginners Crash Course http://t.co/Y32oWBroVF #course http://t.co/Vr2U4cErW8,beginner crash course URL course URL,HTML5 Beginners Crash Course http #course http,crash,Unknown,Disaster-related,0.6066,0.04467305913567543,0.8918514251708984,0.06347563117742538,Neutral,0.018802572041749954,0.8918514251708984
778247395,6.29088E+17,@DestinyTheGame @Bungie @PlayStation Getting kicked out by that crash is one of the worst experiences I've had playing video games.,@DestinyTheGame @Bungie @PlayStation Getting kicked out by that crash is one of the worst experiences I've had playing video games.,USER USER USER getting kicked crash one worst experience playing video game,@user @user @user Getting kicked out by that crash is one of the worst experiences I've had playing video games.,crash,"Melbourne, Australia",Not disaster-related,0.797,0.9529010653495789,0.040761981159448624,0.006337001454085112,Negative,-0.9465640638954937,0.9529010653495789
778247398,6.29087E+17,@_chelsdelong12 @kendra_leigh13 I'll crash it,@_chelsdelong12 @kendra_leigh13 I'll crash it,USER USER crash,@user @user I'll crash it,crash,"Kenton, Ohio",Disaster-related,0.8001,0.6812511682510376,0.2873327434062958,0.03141612187027931,Negative,-0.6498350463807583,0.6812511682510376
778247402,6.29088E+17,#portmoody Clarke Rd hill n/b blocked by crash past Seaview traffic back to Kemsley. Take Como Lake to Gatensbury to get around it.,#portmoody Clarke Rd hill n/b blocked by crash past Seaview traffic back to Kemsley. Take Como Lake to Gatensbury to get around it.,portmoody clarke rd hill blocked crash past seaview traffic back kemsley take como lake gatensbury get around,#portmoody Clarke Rd hill n/b blocked by crash past Seaview traffic back to Kemsley. Take Como Lake to Gatensbury to get around it.,crash,Vancouver,Disaster-related,1.0,0.43536776304244995,0.5520976185798645,0.01253460068255663,Neutral,-0.4228331623598933,0.5520976185798645
778247411,6.29087E+17,Learn cPanel in 2015. Join cPanel Crash Course only $20 http://t.co/TltY2Mumco,Learn cPanel in 2015. Join cPanel Crash Course only $20 http://t.co/TltY2Mumco,learn cpanel NUMBER join cpanel crash course NUMBER URL,Learn cPanel in 2015. Join cPanel Crash Course only $20 http,crash,Unknown,Not disaster-related,1.0,0.012155761010944843,0.7327591180801392,0.25508514046669006,Neutral,0.24292937945574522,0.7327591180801392
778247414,6.29087E+17,Man killed in crash in Barrington Hills: A Hoffman Estates man was killed in a single-car crash Wednesday afte... http://t.co/b6NphxOrZg,Man killed in crash in Barrington Hills: A Hoffman Estates man was killed in a single-car crash Wednesday afte... http://t.co/b6NphxOrZg,man killed crash barrington hill hoffman estate man killed crash wednesday afte URL,Man killed in crash in Barrington Hills: A Hoffman Estates man was killed in a single-car crash Wednesday afte... http,crash,Unknown,Disaster-related,1.0,0.5104325413703918,0.4793977439403534,0.010169721208512783,Negative,-0.5002628201618791,0.5104325413703918
778247416,6.29087E+17,NEWS: 2 injured in school bus crash in Bordentown - http://t.co/672bY6OOjn | Details: http://t.co/N5IHOfDpD4,NEWS: 2 injured in school bus crash in Bordentown - http://t.co/672bY6OOjn | Details: http://t.co/N5IHOfDpD4,news NUMBER injured school bus crash bordentown URL detail URL,NEWS: 2 injured in school bus crash in Bordentown - http | Details: http,crash,Philippines,Disaster-related,1.0,0.5177781581878662,0.4714798629283905,0.010741997510194778,Negative,-0.5070361606776714,0.5177781581878662
778247419,6.29346E+17,@spicybreads @coxytown i tried downloading it and it crashed after the tutorial,@spicybreads @coxytown i tried downloading it and it crashed after the tutorial,USER USER tried downloading crashed tutorial,@user @user i tried downloading it and it crashed after the tutorial,crashed,Definitely NOT the stables,Not disaster-related,1.0,0.7419773936271667,0.24906282126903534,0.008959797210991383,Negative,-0.7330175964161754,0.7419773936271667
778247420,6.29345E+17,Maj Muzzamil Pilot Offr of MI-17 crashed near Mansehra today. http://t.co/kL4R1ccWct,Maj Muzzamil Pilot Offr of MI-17 crashed near Mansehra today. http://t.co/kL4R1ccWct,maj muzzamil pilot offr NUMBER crashed near mansehra today URL,Maj Muzzamil Pilot Offr of MI-17 crashed near Mansehra today. http,crashed,Pakistan,Disaster-related,1.0,0.4565354287624359,0.531403660774231,0.012060924433171749,Neutral,-0.44447450432926416,0.531403660774231
778247430,6.29343E+17,#UK Bin Laden family plane crashed after 'avoiding microlight and landing too far down runway': Three members ... http://t.co/fQj0SqU3lG,#UK Bin Laden family plane crashed after 'avoiding microlight and landing too far down runway': Three members ... http://t.co/fQj0SqU3lG,uk bin laden family plane crashed microlight landing far runway three member URL,#UK Bin Laden family plane crashed after 'avoiding microlight and landing too far down runway': Three members ... http,crashed,"Va Beach, Virginia",Disaster-related,0.8592,0.5695372819900513,0.4230004549026489,0.007462283130735159,Negative,-0.5620749988593161,0.5695372819900513
778247462,6.29349E+17,Website Malfunctioning? PHP Scripts not working? Database Crashed? Need a Unique Script? PHP PRO to the rescue! http://t.co/LadH9Oo086,Website Malfunctioning? PHP Scripts not working? Database Crashed? Need a Unique Script? PHP PRO to the rescue! http://t.co/LadH9Oo086,website malfunctioning php script working database crashed need unique script php pro rescue URL,Website Malfunctioning? PHP Scripts not working? Database Crashed? Need a Unique Script? PHP PRO to the rescue! http,crashed,USA,Disaster-related,0.6057,0.7441890239715576,0.216059148311615,0.039751917123794556,Negative,-0.7044371068477631,0.7441890239715576
778247464,6.29348E+17,TTW Today's News: Bin Laden family plane crashed after 'avoiding microlight and landing too far down runway'  http://t.co/BUMzvmwAM3,TTW Today's News: Bin Laden family plane crashed after 'avoiding microlight and landing too far down runway' http://t.co/BUMzvmwAM3,ttw today news bin laden family plane crashed microlight landing far runway URL,TTW Today's News: Bin Laden family plane crashed after 'avoiding microlight and landing too far down runway' http,crashed,International,Disaster-related,1.0,0.5173022747039795,0.4729820489883423,0.009715734049677849,Negative,-0.5075865406543016,0.5173022747039795
778247468,6.29351E+17,The last few days have proven how popular the #BBC is. Over 9m watched Bake Off and iplayer crashed due to cricket commentary.,The last few days have proven how popular the #BBC is. Over 9m watched Bake Off and iplayer crashed due to cricket commentary.,last day proven popular bbc watched bake iplayer crashed due cricket commentary,The last few days have proven how popular the #BBC is. Over 9m watched Bake Off and iplayer crashed due to cricket commentary.,crashed,Edinburgh/ West Yorkshire,Disaster-related,0.7994,0.13423269987106323,0.36629438400268555,0.4994729459285736,Positive,0.3652402460575104,0.4994729459285736
778247475,6.291E+17,WCE I can't even lie even tho I can't stand her she still will always be my crush ?? @_explicitpretty,WCE I can't even lie even tho I can't stand her she still will always be my crush ?? @_explicitpretty,wce ca even lie even tho ca stand still always crush USER,WCE I can't even lie even tho I can't stand her she still will always be my crush ?? @user,crush,EastAtlanta ??#WestGeorgia'18,Not disaster-related,1.0,0.2943229377269745,0.40037181973457336,0.30530524253845215,Neutral,0.010982304811477661,0.40037181973457336
778247477,6.29099E+17,My woman crush wedneday goes to the beautiful @taykreidler #loveyouuuu #aintsheperty https://t.co/WeMwdtFwiC,My woman crush wedneday goes to the beautiful @taykreidler #loveyouuuu #aintsheperty https://t.co/WeMwdtFwiC,woman crush wedneday go beautiful USER loveyouuuu aintsheperty URL,My woman crush wedneday goes to the beautiful @user #loveyouuuu #aintsheperty http,crush,"Cleveland, Ohio",Not disaster-related,1.0,0.0024960630107671022,0.010517721064388752,0.9869862198829651,Positive,0.984490156872198,0.9869862198829651
778247492,6.29099E+17,When you're girlfriend is completely gorgeous???? @ woman crush &amp; stuff https://t.co/ycwAULQz3U,When you're girlfriend is completely gorgeous???? @ woman crush & stuff https://t.co/ycwAULQz3U,girlfriend completely gorgeous woman crush stuff URL,When you're girlfriend is completely gorgeous???? @ woman crush & stuff http,crush,"Bolivar, MO",Not disaster-related,1.0,0.027383223176002502,0.17063461244106293,0.8019821047782898,Positive,0.7745988816022873,0.8019821047782898
778247497,6.29099E+17,I was freakingg out and he was playing candy crush ??,I was freakingg out and he was playing candy crush ??,freakingg playing candy crush,I was freakingg out and he was playing candy crush ??,crush,"Baltimore, MD",Not disaster-related,1.0,0.38029226660728455,0.5165910720825195,0.10311666131019592,Neutral,-0.2771756052970886,0.5165910720825195
778247499,6.29099E+17,When you see your crush in the stands. (Vine by @KhadiDon) https://t.co/aSooPcYgwn,When you see your crush in the stands. (Vine by @KhadiDon) https://t.co/aSooPcYgwn,see crush stand vine USER URL,When you see your crush in the stands. (Vine by @user) http,crush,Unknown,Not disaster-related,1.0,0.004386620596051216,0.7473701238632202,0.24824325740337372,Neutral,0.2438566368073225,0.7473701238632202
778247501,6.29099E+17,I'm just not a relationship person. That's why when I have a crush on someone I always think they're not going to feel the same way,I'm just not a relationship person. That's why when I have a crush on someone I always think they're not going to feel the same way,relationship person crush someone always think going feel way,I'm just not a relationship person. That's why when I have a crush on someone I always think they're not going to feel the same way,crush,Unknown,Not disaster-related,1.0,0.6755939722061157,0.30642127990722656,0.017984749749302864,Negative,-0.6576092224568129,0.6755939722061157
778247502,6.29099E+17,@sandy0013 dude i have a crush on hockey players but Paul will always give me butterflies...he's just an angel!!,@sandy0013 dude i have a crush on hockey players but Paul will always give me butterflies...he's just an angel!!,USER dude crush hockey player paul always give butterfly angel,@user dude i have a crush on hockey players but Paul will always give me butterflies...he's just an angel!!,crush,Unknown,Not disaster-related,1.0,0.010743003338575363,0.021530095487833023,0.9677268862724304,Positive,0.9569838829338551,0.9677268862724304
778247529,6.29086E+17,@DancingOnHwy there is nothing I love more than seeing Bears fans get their hopes and dreams crushed.,@DancingOnHwy there is nothing I love more than seeing Bears fans get their hopes and dreams crushed.,USER nothing love seeing bear fan get hope dream crushed,@user there is nothing I love more than seeing Bears fans get their hopes and dreams crushed.,crushed,"War Drobe, Spare Oom",Not disaster-related,0.6633,0.6550559401512146,0.1684528887271881,0.17649121582508087,Negative,-0.47856472432613373,0.6550559401512146
778247535,6.29089E+17,Mango juice with crushed ice&gt;&gt;&gt;&gt;??,Mango juice with crushed ice>>>>??,mango juice crushed ice,Mango juice with crushed ice>>>>??,crushed,Unknown,Not disaster-related,1.0,0.17044268548488617,0.7722311019897461,0.057326238602399826,Neutral,-0.11311644688248634,0.7722311019897461
778247538,6.29089E+17,Uribe just crushed that,Uribe just crushed that,uribe crushed,Uribe just crushed that,crushed,Unknown,Not disaster-related,1.0,0.4378850758075714,0.3592785596847534,0.20283634960651398,Negative,-0.23504872620105743,0.4378850758075714
778247540,6.29089E+17,Wow! He crushed that! #EDWING #BlueJays,Wow! He crushed that! #EDWING #BlueJays,wow crushed edwing bluejays,Wow! He crushed that! #EDWING #BlueJays,crushed,Unknown,Not disaster-related,0.8042,0.0038624724838882685,0.017229245975613594,0.9789083003997803,Positive,0.975045827915892,0.9789083003997803
778247543,6.29086E+17,@JMastrodonato so the question is: would you crush Ortiz for bunting as your sports writing forefathers crushed Williams?,@JMastrodonato so the question is: would you crush Ortiz for bunting as your sports writing forefathers crushed Williams?,USER question would crush ortiz bunting sport writing forefather crushed williams,@user so the question is: would you crush Ortiz for bunting as your sports writing forefathers crushed Williams?,crushed,Unknown,Not disaster-related,1.0,0.08068593591451645,0.8820438385009766,0.03727022558450699,Neutral,-0.04341571033000946,0.8820438385009766
778247559,6.29088E+17,So many Youtube commenters saying the Dothraki would get crushed if they came to Westeros...nah bro you underestimate the Dothraki,So many Youtube commenters saying the Dothraki would get crushed if they came to Westeros...nah bro you underestimate the Dothraki,many youtube commenters saying dothraki would get crushed came westeros nah bro underestimate dothraki,So many Youtube commenters saying the Dothraki would get crushed if they came to Westeros...nah bro you underestimate the Dothraki,crushed,Unknown,Disaster-related,0.5964,0.7567113637924194,0.22143743932247162,0.021851204335689545,Negative,-0.7348601594567299,0.7567113637924194
778247566,6.29086E+17,http://t.co/ACHBbiFQrQ : Big Papi with a great welcoming to The Show: #CrushedÛ_ http://t.co/ceBFBONcHD http://t.co/mUncapudDc,http://t.co/ACHBbiFQrQ : Big Papi with a great welcoming to The Show: #Crushed Û_ http://t.co/ceBFBONcHD http://t.co/mUncapudDc,URL big papi great welcoming show crushed URL URL,http : Big Papi with a great welcoming to The Show: #Crushed Û_ http http,crushed,Unknown,Not disaster-related,0.7982,0.0016221996629610658,0.028865525498986244,0.9695122838020325,Positive,0.9678900841390714,0.9695122838020325
778247573,6.29278E+17,And the fact that i have a curfew,And the fact that i have a curfew,fact curfew,And the fact that i have a curfew,curfew,Unknown,Not disaster-related,0.5988,0.4321862757205963,0.5253447890281677,0.04246896505355835,Neutral,-0.38971731066703796,0.5253447890281677
778247588,6.293E+17,@karli_knox you know how crazy strict Philip is. he gave me a 10 texting curfew bruh,@karli_knox you know how crazy strict Philip is. he gave me a 10 texting curfew bruh,USER know crazy strict philip gave NUMBER texting curfew bruh,@user you know how crazy strict Philip is. he gave me a 10 texting curfew bruh,curfew,Unknown,Not disaster-related,1.0,0.5765123963356018,0.38771557807922363,0.03577202558517456,Negative,-0.5407403707504272,0.5765123963356018
778247590,6.29308E+17,@emmychappy Because it's 12 o'clock and my mom said everyone has to go home because of curfew.,@emmychappy Because it's 12 o'clock and my mom said everyone has to go home because of curfew.,USER NUMBER mom said everyone go home curfew,@user Because it's 12 o'clock and my mom said everyone has to go home because of curfew.,curfew,"Illinois, USA",Disaster-related,1.0,0.31191709637641907,0.6492189168930054,0.03886399418115616,Neutral,-0.2730531021952629,0.6492189168930054
778247593,6.29316E+17,@Reddakushgodd she said a few months. But I get a curfew for out time smfh,@Reddakushgodd she said a few months. But I get a curfew for out time smfh,USER said month get curfew time smfh,@user she said a few months. But I get a curfew for out time smfh,curfew,A.A.S my Aztec Princess,Not disaster-related,0.8012,0.5494198799133301,0.43138182163238525,0.019198330119252205,Negative,-0.5302215497940779,0.5494198799133301
778247594,6.29251E+17,ball has no curfew https://t.co/SG1FTKaEgq,ball has no curfew https://t.co/SG1FTKaEgq,ball curfew URL,ball has no curfew http,curfew,turner fenton,Not disaster-related,1.0,0.0558689720928669,0.876004695892334,0.06812634319067001,Neutral,0.012257371097803116,0.876004695892334
778247604,6.29307E+17,But no lies though. It's pays to be the oldest sometimes. Like being the first to get a car and have no curfew. #freedom #donthate,But no lies though. It's pays to be the oldest sometimes. Like being the first to get a car and have no curfew. #freedom #donthate,lie though pay oldest sometimes like first get car curfew freedom donthate,But no lies though. It's pays to be the oldest sometimes. Like being the first to get a car and have no curfew. #freedom #donthate,curfew,California,Not disaster-related,1.0,0.046611614525318146,0.40378284454345703,0.5496056079864502,Positive,0.502993993461132,0.5496056079864502
778247605,6.29338E+17,@AnnaEsterly dude you were only out 4 mins past curfew give your self a break.,@AnnaEsterly dude you were only out 4 mins past curfew give your self a break.,USER dude NUMBER min past curfew give self break,@user dude you were only out 4 mins past curfew give your self a break.,curfew,Unknown,Not disaster-related,0.603,0.6365561485290527,0.3499191999435425,0.013524703681468964,Negative,-0.6230314448475838,0.6365561485290527
778247613,6.29321E+17,Da Judge Gave Dis Girl 5pm Curfew ??????,Da Judge Gave Dis Girl 5pm Curfew ??????,da judge gave dis girl curfew,Da Judge Gave Dis Girl 5pm Curfew ??????,curfew,IM LOST,Not disaster-related,0.8011,0.47643980383872986,0.5121936798095703,0.011366534046828747,Neutral,-0.4650732697919011,0.5121936798095703
778247618,6.29331E+17,WHEN U BOMBED AND U TRY 2 GET HOME FOR CURFEW http://t.co/oi6CmAGASi,WHEN U BOMBED AND U TRY 2 GET HOME FOR CURFEW http://t.co/oi6CmAGASi,u bombed u try NUMBER get home curfew URL,WHEN U BOMBED AND U TRY 2 GET HOME FOR CURFEW http,curfew,"Hamilton, ON",Not disaster-related,0.6026,0.10882425308227539,0.802634596824646,0.08854120224714279,Neutral,-0.0202830508351326,0.802634596824646
778247619,6.29341E+17,awwww Baby Walter #rewatchingthepilot #TeamScorpion #Cyclone,awwww Baby Walter #rewatchingthepilot #TeamScorpion #Cyclone,awwww baby walter rewatchingthepilot teamscorpion cyclone,awwww Baby Walter #rewatchingthepilot #TeamScorpion #Cyclone,cyclone,United Kingdom,Not disaster-related,0.6038,0.010328909382224083,0.16926982998847961,0.8204012513160706,Positive,0.8100723419338465,0.8204012513160706
778247626,6.29337E+17,Cyclone hits Skye  http://t.co/QZYeRMrQtW http://t.co/N5AI9pQNjg,Cyclone hits Skye http://t.co/QZYeRMrQtW http://t.co/N5AI9pQNjg,cyclone hit skye URL URL,Cyclone hits Skye http http,cyclone,"Comox Valley Courtenay, BC",Disaster-related,1.0,0.08552435785531998,0.8848986029624939,0.029576972126960754,Neutral,-0.05594738572835922,0.8848986029624939
778247627,6.29317E+17,@mccauleysdesign @abysmaljoiner @DyamiPlotke it works for my purpose. A large cyclone would be better. I just don't have $4K. This was $500,@mccauleysdesign @abysmaljoiner @DyamiPlotke it works for my purpose. A large cyclone would be better. I just don't have $4K. This was $500,USER USER USER work purpose large cyclone would better NUMBER,@user @user @user it works for my purpose. A large cyclone would be better. I just don't have $4K. This was $500,cyclone,Rural Northern Nevada,Not disaster-related,0.6018,0.12428600341081619,0.5040915608406067,0.3716224730014801,Neutral,0.2473364695906639,0.5040915608406067
778247629,6.29252E+17,"A new tropical cyclone is forming near Guam.

Once it is formed it will be called 'Molave'.",A new tropical cyclone is forming near Guam. Once it is formed it will be called 'Molave'.,new tropical cyclone forming near guam formed called,A new tropical cyclone is forming near Guam. Once it is formed it will be called 'Molave'.,cyclone,Republic of the Philippines,Disaster-related,1.0,0.06635898351669312,0.8768688440322876,0.05677224323153496,Neutral,-0.009586740285158157,0.8768688440322876
778247630,6.29325E+17,"SEVERE WEATHER BULLETIN No. 6
FOR: TYPHOON ÛÏ#HannaPHÛ (SOUDELOR)
TROPICAL CYCLONE: WARNING

ISSUED AT 11:00 PM... http://t.co/fKoJd0YqK0",SEVERE WEATHER BULLETIN No. 6 FOR: TYPHOON ÛÏ#HannaPH Û (SOUDELOR) TROPICAL CYCLONE: WARNING ISSUED AT 11:00 PM... http://t.co/fKoJd0YqK0,severe weather bulletin NUMBER typhoon ûï hannaph û soudelor tropical cyclone warning issued NUMBER NUMBER pm URL,SEVERE WEATHER BULLETIN No. 6 FOR: TYPHOON ÛÏ#HannaPH Û (SOUDELOR) TROPICAL CYCLONE: WARNING ISSUED AT 11:00 PM... http,cyclone,"Quezon City, PHILIPPINES",Disaster-related,1.0,0.10503475368022919,0.8695853352546692,0.02537996880710125,Neutral,-0.07965478487312794,0.8695853352546692
778247634,6.29284E+17,@Aliyeskii @wquddin @tunkhin80 @MaungKyawNu @drkhubybe @nslwin @ibrahimdubashi @mdskar @zarnikyaw @kyawthu043 After cyclone,@Aliyeskii @wquddin @tunkhin80 @MaungKyawNu @drkhubybe @nslwin @ibrahimdubashi @mdskar @zarnikyaw @kyawthu043 After cyclone,USER USER USER USER USER USER USER USER USER USER cyclone,@user @user @user @user @user @user @user @user @user @user After cyclone,cyclone,Sittwe,Disaster-related,1.0,0.023153558373451233,0.9256423711776733,0.051204171031713486,Neutral,0.028050612658262253,0.9256423711776733
778247658,6.29318E+17,[Tropical Cyclone Info] SOUDELOR 945hPa maximum wind speed: 45m/s maximum wind gust speed: 60m/s  http://t.co/nBD5oT9iEW,[Tropical Cyclone Info] SOUDELOR 945hPa maximum wind speed: 45m/s maximum wind gust speed: 60m/s http://t.co/nBD5oT9iEW,tropical cyclone info soudelor maximum wind speed maximum wind gust speed URL,[Tropical Cyclone Info] SOUDELOR 945hPa maximum wind speed: 45m/s maximum wind gust speed: 60m/s http,cyclone,Unknown,Disaster-related,0.8,0.04395698755979538,0.898530125617981,0.057512860745191574,Neutral,0.013555873185396194,0.898530125617981
778247667,6.29338E+17,#Rohingya houses in #Kyee NockThie hamlet from Taungbazar region in Buthidaung were severely damaged in Cyclone @KasitaRoch @VivianUNHCR,#Rohingya houses in #Kyee NockThie hamlet from Taungbazar region in Buthidaung were severely damaged in Cyclone @KasitaRoch @VivianUNHCR,rohingya house kyee nockthie hamlet taungbazar region buthidaung severely damaged cyclone USER USER,#Rohingya houses in #Kyee NockThie hamlet from Taungbazar region in Buthidaung were severely damaged in Cyclone @user @user,cyclone,Unknown,Disaster-related,1.0,0.7793369889259338,0.21133358776569366,0.009329399093985558,Negative,-0.7700075898319483,0.7793369889259338
778247680,6.29078E+17,It's crazy how a phone can do so much damage to a person,It's crazy how a phone can do so much damage to a person,crazy phone much damage person,It's crazy how a phone can do so much damage to a person,damage,Unknown,Not disaster-related,1.0,0.8653585910797119,0.124599888920784,0.010041484609246254,Negative,-0.8553171064704657,0.8653585910797119
778247691,6.29075E+17,@BradleyBrad47 the saw is fast af and does great damage i upgraded it a shitton and used it exclusively for a whole playthrough,@BradleyBrad47 the saw is fast af and does great damage i upgraded it a shitton and used it exclusively for a whole playthrough,USER saw fast af great damage upgraded shitton used exclusively whole playthrough,@user the saw is fast af and does great damage i upgraded it a shitton and used it exclusively for a whole playthrough,damage,Unknown,Not disaster-related,1.0,0.007167835254222155,0.03674829378724098,0.9560838341712952,Positive,0.948915998917073,0.9560838341712952
778247694,6.29073E+17,@JoeDawg42 TOR for a TOR situation only. Wind damage enhanced wording is key IMO,@JoeDawg42 TOR for a TOR situation only. Wind damage enhanced wording is key IMO,USER tor tor situation wind damage enhanced wording key imo,@user TOR for a TOR situation only. Wind damage enhanced wording is key IMO,damage,"New Haven, Connecticut",Disaster-related,0.8,0.17755088210105896,0.7515262961387634,0.07092282176017761,Neutral,-0.10662806034088135,0.7515262961387634
778247708,6.29074E+17,@f_body95 never riding in the gaymaro ... Would damage my reputation,@f_body95 never riding in the gaymaro ... Would damage my reputation,USER never riding gaymaro would damage reputation,@user never riding in the gaymaro ... Would damage my reputation,damage,BGSU,Not disaster-related,1.0,0.8702320456504822,0.12148144841194153,0.00828647892922163,Negative,-0.8619455667212605,0.8702320456504822
778247715,6.29079E+17,"lmao fuckboy changed his @ for damage control
@Pseudojuuzo",lmao fuckboy changed his @ for damage control @Pseudojuuzo,lmao fuckboy changed damage control USER,lmao fuckboy changed his @ for damage control @user,damage,USAoV,Not disaster-related,0.7982,0.9124042391777039,0.08154270052909851,0.006053063087165356,Negative,-0.9063511760905385,0.9124042391777039
778247718,6.29079E+17,@GettingLost @JennEllensBB @Muncle_jim It said they had superficial wounds and it was the pepper spray that did the most damage.,@GettingLost @JennEllensBB @Muncle_jim It said they had superficial wounds and it was the pepper spray that did the most damage.,USER USER USER said superficial wound pepper spray damage,@user @user @user It said they had superficial wounds and it was the pepper spray that did the most damage.,damage,Tennessee,Disaster-related,0.6054,0.8621093034744263,0.13129910826683044,0.006591510493308306,Negative,-0.855517792981118,0.8621093034744263
778247719,6.29364E+17,"@GatorGMuzik #FETTILOOTCH IS #SLANGLUCCI OPPRESSIONS GREATEST DANGER COMING SOON THE ALBUM 
https://t.co/moLL5vd8yD",@GatorGMuzik #FETTILOOTCH IS #SLANGLUCCI OPPRESSIONS GREATEST DANGER COMING SOON THE ALBUM https://t.co/moLL5vd8yD,USER fettilootch slanglucci oppression greatest danger coming soon album URL,@user #FETTILOOTCH IS #SLANGLUCCI OPPRESSIONS GREATEST DANGER COMING SOON THE ALBUM http,danger,Atlanta Georgia,Not disaster-related,0.8026,0.06306081265211105,0.21333685517311096,0.723602294921875,Positive,0.660541482269764,0.723602294921875
778247726,6.29363E+17,@DyannBridges @yeshayad Check out this #rockin preview of @ClaytonBryant Danger Zone Coming soon! https://t.co/IpGMF4TtDX #ArtistsUnited,@DyannBridges @yeshayad Check out this #rockin preview of @ClaytonBryant Danger Zone Coming soon! https://t.co/IpGMF4TtDX #ArtistsUnited,USER USER check rockin preview USER danger zone coming soon URL artistsunited,@user @user Check out this #rockin preview of @user Danger Zone Coming soon! http #ArtistsUnited,danger,Worldwide,Not disaster-related,0.8,0.0026813701260834932,0.6589134931564331,0.33840519189834595,Neutral,0.33572382177226245,0.6589134931564331
778247744,6.2936E+17,@mlp_Delrim Please tell my why they might be in danger if they knew what you knew?,@mlp_Delrim Please tell my why they might be in danger if they knew what you knew?,USER please tell might danger knew knew,@user Please tell my why they might be in danger if they knew what you knew?,danger,Unknown,Not disaster-related,0.7982,0.6749128103256226,0.317077100276947,0.008010118268430233,Negative,-0.6669026920571923,0.6749128103256226
778247746,6.29362E+17,The Devil Wears Prada is still one of my favourite films ??,The Devil Wears Prada is still one of my favourite films ??,devil wear prada still one favourite film,The Devil Wears Prada is still one of my favourite films ??,danger,Leeds,Not disaster-related,1.0,0.02447999082505703,0.12091241776943207,0.8546076416969299,Positive,0.8301276508718729,0.8546076416969299
778247754,6.29362E+17,Allen West: Obama is a clear and present danger to our republic! http://t.co/GH2VKb1zu5 http://t.co/0SmhjXWcbo,Allen West: Obama is a clear and present danger to our republic! http://t.co/GH2VKb1zu5 http://t.co/0SmhjXWcbo,allen west obama clear present danger republic URL URL,Allen West: Obama is a clear and present danger to our republic! http http,danger,Unknown,Not disaster-related,1.0,0.8688854575157166,0.11804252117872238,0.013072038069367409,Negative,-0.8558134194463491,0.8688854575157166
778247772,6.2936E+17,i miss my longer hair..but it was so dead anyways it wasn't even hair,i miss my longer hair..but it was so dead anyways it wasn't even hair,miss longer hair dead anyways even hair,i miss my longer hair..but it was so dead anyways it wasn't even hair,dead,Unknown,Not disaster-related,0.8012,0.80390864610672,0.17593732476234436,0.020154032856225967,Negative,-0.783754613250494,0.80390864610672
778247787,6.2936E+17,@GailSimone #IWasDisappointedBy TellTale's The Walking Dead. Good characters &amp;story but no real gameplay and too many performance issues.,@GailSimone #IWasDisappointedBy TellTale's The Walking Dead. Good characters &story but no real gameplay and too many performance issues.,USER iwasdisappointedby telltale walking dead good character story real gameplay many performance issue,@user #IWasDisappointedBy TellTale's The Walking Dead. Good characters &story but no real gameplay and too many performance issues.,dead,Unknown,Not disaster-related,1.0,0.9286285638809204,0.06406106799840927,0.007310375105589628,Negative,-0.9213181887753308,0.9286285638809204
778247790,6.2936E+17,"If itÛªs a war you came to see you will never see a waved white flag in front me.
I canÛªt end up dead I wont be misled.",If it Ûªs a war you came to see you will never see a waved white flag in front me. I can Ûªt end up dead I wont be misled.,ûªs war came see never see waved white flag front ûªt end dead wont misled,If it Ûªs a war you came to see you will never see a waved white flag in front me. I can Ûªt end up dead I wont be misled.,dead,somewhere in Portugal,Not disaster-related,0.7988,0.7457705736160278,0.23465628921985626,0.019573112949728966,Negative,-0.7261974606662989,0.7457705736160278
778247794,6.2936E+17,Nooooo the village hotty is dead ???????? #Emmerdale,Nooooo the village hotty is dead ???????? #Emmerdale,nooooo village hotty dead emmerdale,Nooooo the village hotty is dead ???????? #Emmerdale,dead,65 Skelmersdale Lane,Not disaster-related,0.5934,0.8213369846343994,0.16905651986598969,0.009606441482901573,Negative,-0.8117305431514978,0.8213369846343994
778247800,6.2936E+17,@kg4vaal lmaov.v hard the 'Ny' is the the new trend babalmao...welcome to Nyozi kwaAaaA#dead,@kg4vaal lmaov.v hard the 'Ny' is the the new trend babalmao...welcome to Nyozi kwaAaaA#dead,USER hard new trend babalmao welcome nyozi kwaaaaa dead,@user lmaov.v hard the 'Ny' is the the new trend babalmao...welcome to Nyozi kwaAaaA#dead,dead,"ÌÏT: -26.695807,27.837865",Not disaster-related,0.7994,0.16835598647594452,0.4155183732509613,0.41612565517425537,Positive,0.24776966869831085,0.41612565517425537
778247805,6.2936E+17,411Naija åÈ Flood: Two people dead 60 houses destroyed in Kaduna http://t.co/yAvL49DoOF,411Naija åÈ Flood: Two people dead 60 houses destroyed in Kaduna http://t.co/yAvL49DoOF,åè flood two people dead NUMBER house destroyed kaduna URL,411Naija åÈ Flood: Two people dead 60 houses destroyed in Kaduna http,dead,Nigeria,Disaster-related,1.0,0.7740483283996582,0.21646133065223694,0.00949032511562109,Negative,-0.7645580032840371,0.7740483283996582
778247814,6.2936E+17,@AtchisonSean he is dead,@AtchisonSean he is dead,USER dead,@user he is dead,dead,Unknown,Not disaster-related,0.7988,0.6467310190200806,0.32987427711486816,0.023394664749503136,Negative,-0.6233363542705774,0.6467310190200806
778247817,6.2936E+17,Can't believe Ross is dead???????? @emmerdale @MikeParrActor #Emmerdale #summerfate,Can't believe Ross is dead???????? @emmerdale @MikeParrActor #Emmerdale #summerfate,ca believe ross dead USER USER emmerdale summerfate,Can't believe Ross is dead???????? @user @user #Emmerdale #summerfate,dead,Milton Keynes,Not disaster-related,0.7958,0.7779703140258789,0.20812387764453888,0.013905849307775497,Negative,-0.7640644647181034,0.7779703140258789
778247825,6.29084E+17,Death threats on a nigga life well then we gon see,Death threats on a nigga life well then we gon see,death threat nigga life well gon see,Death threats on a nigga life well then we gon see,death,PROV,Not disaster-related,0.8012,0.862751841545105,0.12744781374931335,0.00980027299374342,Negative,-0.8529515685513616,0.862751841545105
778247826,6.29084E+17,Adult dies of plague in Colorado http://t.co/yoHVuwuMZS,Adult dies of plague in Colorado http://t.co/yoHVuwuMZS,adult dy plague colorado URL,Adult dies of plague in Colorado http,death,"Novi, MI",Disaster-related,1.0,0.5254927277565002,0.4595468044281006,0.014960494823753834,Negative,-0.5105322329327464,0.5254927277565002
778247828,6.29084E+17,Going back to Gainesville will be the death of me,Going back to Gainesville will be the death of me,going back gainesville death,Going back to Gainesville will be the death of me,death,"Buenos Aires, Argentina",Disaster-related,0.8047,0.9090244174003601,0.08059041202068329,0.010385146364569664,Negative,-0.8986392710357904,0.9090244174003601
778247831,6.29084E+17,I feel like death,I feel like death,feel like death,I feel like death,death,Unknown,Not disaster-related,1.0,0.7596652507781982,0.1918269246816635,0.04850779101252556,Negative,-0.7111574597656727,0.7596652507781982
778247834,6.29083E+17,I tell my cousins I don't wanna hang out and they text me saying 'we're coming over' honestly do you have a death wish,I tell my cousins I don't wanna hang out and they text me saying 'we're coming over' honestly do you have a death wish,tell cousin wan na hang text saying coming honestly death wish,I tell my cousins I don't wanna hang out and they text me saying 'we're coming over' honestly do you have a death wish,death,Unknown,Not disaster-related,1.0,0.781042754650116,0.20894527435302734,0.010011949576437473,Negative,-0.7710308050736785,0.781042754650116
778247842,6.29084E+17,@Allahsfinest12 ...death to muslims,@Allahsfinest12 ...death to muslims,USER death muslim,@user ...death to muslims,death,"Sylacauga, Alabama",Disaster-related,0.6066,0.8271915912628174,0.16603010892868042,0.006778288166970015,Negative,-0.8204133030958474,0.8271915912628174
778247861,6.29084E+17,Y'all PUSSSSSSSSSY AND SHOOOK TO DEATH OF ME,Y'all PUSSSSSSSSSY AND SHOOOK TO DEATH OF ME,pusssssssssy shoook death,Y'all PUSSSSSSSSSY AND SHOOOK TO DEATH OF ME,death,Home of the Takers.,Not disaster-related,1.0,0.914276123046875,0.07378068566322327,0.011943181045353413,Negative,-0.9023329420015216,0.914276123046875
778247867,6.29083E+17,tomorrow will be the death of me,tomorrow will be the death of me,tomorrow death,tomorrow will be the death of me,death,Chicago,Not disaster-related,1.0,0.9295048117637634,0.058944158256053925,0.01155105046927929,Negative,-0.9179537612944841,0.9295048117637634
778247869,6.2935E+17,#vaxshill 2 deaths from measles complications in 10 yrs everyone looses their shit. 8 dead from Legionnaires in a month &amp; crickets,#vaxshill 2 deaths from measles complications in 10 yrs everyone looses their shit. 8 dead from Legionnaires in a month & crickets,vaxshill NUMBER death measles complication NUMBER yr everyone loos shit NUMBER dead legionnaire month cricket,#vaxshill 2 deaths from measles complications in 10 yrs everyone looses their shit. 8 dead from Legionnaires in a month & crickets,deaths,Unknown,Disaster-related,1.0,0.912066638469696,0.07934483140707016,0.008588549681007862,Negative,-0.9034780887886882,0.912066638469696
778247870,6.29349E+17,Bigamist and his Û÷firstÛª wife are charged in the deaths of his Û÷secondÛª pregnant wife her child 8 her mother her nephew 1 and their uÛ_,Bigamist and his Û÷first Ûª wife are charged in the deaths of his Û÷second Ûª pregnant wife her child 8 her mother her nephew 1 and their u Û_,bigamist ûª wife charged death ûª pregnant wife child NUMBER mother nephew NUMBER u,Bigamist and his Û÷first Ûª wife are charged in the deaths of his Û÷second Ûª pregnant wife her child 8 her mother her nephew 1 and their u Û_,deaths,Unknown,Not disaster-related,0.5038,0.8186994791030884,0.17283979058265686,0.008460648357868195,Negative,-0.8102388307452202,0.8186994791030884
778247881,6.29342E+17,@betrayedhunter reading he paused as he came across a couple of deaths and began to read deeper into it.,@betrayedhunter reading he paused as he came across a couple of deaths and began to read deeper into it.,USER reading paused came across couple death began read deeper,@user reading he paused as he came across a couple of deaths and began to read deeper into it.,deaths,In my baby with pie,Disaster-related,0.6018,0.11932501196861267,0.8625717163085938,0.018103349953889847,Neutral,-0.10122166201472282,0.8625717163085938
778247884,6.2935E+17,Hear @DrFriedenCDC talk on how to avoid thousands of resistant infections/deaths in next 5 yrs: http://t.co/niV8x5Tbe0 #AdiosSuperBacterias,Hear @DrFriedenCDC talk on how to avoid thousands of resistant infections/deaths in next 5 yrs: http://t.co/niV8x5Tbe0 #AdiosSuperBacterias,hear USER talk avoid thousand resistant next NUMBER yr URL adiossuperbacterias,Hear @user talk on how to avoid thousands of resistant infections/deaths in next 5 yrs: http #AdiosSuperBacterias,deaths,"Atlanta, GA",Not disaster-related,0.7969,0.019461173564195633,0.7656515836715698,0.21488727629184723,Neutral,0.1954261027276516,0.7656515836715698
778247886,6.2935E+17,Irony just died a thousand deaths! ???? http://t.co/dBU30ObDxz,Irony just died a thousand deaths! ???? http://t.co/dBU30ObDxz,irony died thousand death URL,Irony just died a thousand deaths! ???? http,deaths,Planet Earth,Not disaster-related,0.5988,0.8730390667915344,0.11566511541604996,0.011295846663415432,Negative,-0.861743220128119,0.8730390667915344
778247890,6.29343E+17,@Eazzy_P we will never know what would have happened but the govt seemed to think that their beliefs warranted the deaths of innocent japs,@Eazzy_P we will never know what would have happened but the govt seemed to think that their beliefs warranted the deaths of innocent japs,USER never know would happened govt seemed think belief warranted death innocent jap,@user we will never know what would have happened but the govt seemed to think that their beliefs warranted the deaths of innocent japs,deaths,Unknown,Disaster-related,0.6046,0.869387149810791,0.12545213103294373,0.005160728003829718,Negative,-0.8642264218069613,0.869387149810791
778247895,6.29342E+17,Deaths 3 http://t.co/nApviyGKYK,Deaths 3 http://t.co/nApviyGKYK,death NUMBER URL,Deaths 3 http,deaths,Does it really matter!,Not disaster-related,1.0,0.24898220598697662,0.7172175645828247,0.03380024433135986,Neutral,-0.21518196165561676,0.7172175645828247
778247905,6.29344E+17,@HighQualityBird a reverse situation (lol I don't know 9/11?) where US civilian deaths were specifically utilized to make a political,@HighQualityBird a reverse situation (lol I don't know 9/11?) where US civilian deaths were specifically utilized to make a political,USER reverse situation lol know NUMBER NUMBER u civilian death specifically utilized make political,@user a reverse situation (lol I don't know 9/11?) where US civilian deaths were specifically utilized to make a political,deaths,"the void, U.S.A",Disaster-related,0.603,0.6469789743423462,0.33975040912628174,0.013270601630210876,Negative,-0.6337083727121353,0.6469789743423462
778247917,6.29345E+17,Bigamist and his 'first' wife are charged in the deaths of his 'second' pregnant wife her child 8 her mothe... http://t.co/rTEuGB5Tnv,Bigamist and his 'first' wife are charged in the deaths of his 'second' pregnant wife her child 8 her mothe... http://t.co/rTEuGB5Tnv,bigamist wife charged death pregnant wife child NUMBER mothe URL,Bigamist and his 'first' wife are charged in the deaths of his 'second' pregnant wife her child 8 her mothe... http,deaths,"ÌÏT: 10.614817868480726,12.195582811791382",Disaster-related,0.7996,0.780321478843689,0.2121012657880783,0.007577255833894014,Negative,-0.772744223009795,0.780321478843689
778247919,6.2908E+17,Is a wing part enough to solve the MH370 mystery?: http://t.co/ys2bveKlxK,Is a wing part enough to solve the MH370 mystery?: http://t.co/ys2bveKlxK,wing part enough solve mystery URL,Is a wing part enough to solve the MH370 mystery?: http,debris,Seattle,Disaster-related,1.0,0.15472064912319183,0.8025188446044922,0.042760465294122696,Neutral,-0.11196018382906914,0.8025188446044922
778247923,6.2908E+17,Discovered Plane Debris Is From Missing Malaysia Airlines Flight 370 | TIME http://t.co/7fSn1GeWUX,Discovered Plane Debris Is From Missing Malaysia Airlines Flight 370 | TIME http://t.co/7fSn1GeWUX,discovered plane debris missing malaysia airline flight NUMBER time URL,Discovered Plane Debris Is From Missing Malaysia Airlines Flight 370 | TIME http,debris,772 Temperance Permenence,Disaster-related,1.0,0.13817624747753143,0.8421829342842102,0.01964074745774269,Neutral,-0.11853550001978874,0.8421829342842102
778247927,6.2908E+17,Malaysia confirms plane debris washed up on Reunion Island is from Flight MH370 http://t.co/BMxsndx14g,Malaysia confirms plane debris washed up on Reunion Island is from Flight MH370 http://t.co/BMxsndx14g,malaysia confirms plane debris washed reunion island flight URL,Malaysia confirms plane debris washed up on Reunion Island is from Flight MH370 http,debris,Nigeria,Disaster-related,1.0,0.1751554310321808,0.8085696697235107,0.01627493090927601,Neutral,-0.15888050012290478,0.8085696697235107
778247932,6.29081E+17,RÌ©union Debris Is Almost Surely From Flight 370 Officials Say - New York Times http://t.co/VFbW3NyO9L,RÌ©union Debris Is Almost Surely From Flight 370 Officials Say - New York Times http://t.co/VFbW3NyO9L,debris almost surely flight NUMBER official say new york time URL,RÌ©union Debris Is Almost Surely From Flight 370 Officials Say - New York Times http,debris,Unknown,Disaster-related,1.0,0.13079315423965454,0.852807343006134,0.01639944314956665,Neutral,-0.11439371109008789,0.852807343006134
778247934,6.29082E+17,#?? #???? #??? #??? MH370: Aircraft debris found on La Reunion is from missing Malaysia Airlines ...  http://t.co/oTsM38XMas,#?? #???? #??? #??? MH370: Aircraft debris found on La Reunion is from missing Malaysia Airlines ... http://t.co/oTsM38XMas,aircraft debris found la reunion missing malaysia airline URL,#?? #???? #??? #??? MH370: Aircraft debris found on La Reunion is from missing Malaysia Airlines ... http,debris,Unknown,Disaster-related,1.0,0.669511616230011,0.3222951591014862,0.00819316878914833,Negative,-0.6613184474408627,0.669511616230011
778247937,6.29081E+17,#news Island Wreckage Is From Missing Malaysian Jet: Officials: Debris found on Reunion Island is from flight ... http://t.co/kRvUmMtVY2,#news Island Wreckage Is From Missing Malaysian Jet: Officials: Debris found on Reunion Island is from flight ... http://t.co/kRvUmMtVY2,news island wreckage missing malaysian jet official debris found reunion island flight URL,#news Island Wreckage Is From Missing Malaysian Jet: Officials: Debris found on Reunion Island is from flight ... http,debris,Unknown,Disaster-related,1.0,0.2748938202857971,0.710391640663147,0.014714532531797886,Neutral,-0.26017928775399923,0.710391640663147
778247948,6.2908E+17,What Irony Debris of Flight MH370 found on 'Reunion Island'.,What Irony Debris of Flight MH370 found on 'Reunion Island'.,irony debris flight found island,What Irony Debris of Flight MH370 found on 'Reunion Island'.,debris,"Dubai, United Arab Emirates",Disaster-related,1.0,0.6596205234527588,0.3303259015083313,0.01005355641245842,Negative,-0.6495669670403004,0.6596205234527588
778247961,6.2908E+17,Plane debris is from missing MH370 http://t.co/kxy56FR8vM,Plane debris is from missing MH370 http://t.co/kxy56FR8vM,plane debris missing URL,Plane debris is from missing MH370 http,debris,Hong Kong,Disaster-related,1.0,0.4362376928329468,0.5507987141609192,0.012963603250682354,Neutral,-0.4232740895822644,0.5507987141609192
778247974,6.29092E+17,Niagara Falls Package Deals Deluge Tours YYESO,Niagara Falls Package Deals Deluge Tours YYESO,niagara fall package deal deluge tour yyeso,Niagara Falls Package Deals Deluge Tours YYESO,deluge,Unknown,Not disaster-related,1.0,0.00589765515178442,0.6571885347366333,0.3369138538837433,Neutral,0.33101619873195887,0.6571885347366333
778247980,6.29069E+17,@We3forDemocracy it already happens. ABs and rowers tweeting support for Nats last year and the deluge of celeb endorsements for Obama in 08,@We3forDemocracy it already happens. ABs and rowers tweeting support for Nats last year and the deluge of celeb endorsements for Obama in 08,USER already happens ab rower tweeting support nats last year deluge celeb endorsement obama NUMBER,@user it already happens. ABs and rowers tweeting support for Nats last year and the deluge of celeb endorsements for Obama in 08,deluge,South Wairarapa/Wellington,Not disaster-related,1.0,0.02952948957681656,0.7760810256004333,0.1943894922733307,Neutral,0.16486000269651413,0.7760810256004333
778248018,6.29037E+17,A decade-long billion-dollar deluge of 'messages' from the government of Canada. #HarpersLegacy,A decade-long billion-dollar deluge of 'messages' from the government of Canada. #HarpersLegacy,deluge government canada harperslegacy,A decade-long billion-dollar deluge of 'messages' from the government of Canada. #HarpersLegacy,deluge,Republic of Harper,Not disaster-related,1.0,0.6991767287254333,0.2808758616447449,0.019947467371821404,Negative,-0.679229261353612,0.6991767287254333
778248025,6.2866E+17,Police are still searching for two people after rain and mud deluged the western town of TetovoÛ_ http://t.co/XPhZ3GoUhR #Deutsche #Sprache,Police are still searching for two people after rain and mud deluged the western town of Tetovo Û_ http://t.co/XPhZ3GoUhR #Deutsche #Sprache,police still searching two people rain mud deluged western town tetovo URL deutsche sprache,Police are still searching for two people after rain and mud deluged the western town of Tetovo Û_ http #Deutsche #Sprache,deluged,'schland,Disaster-related,1.0,0.47945436835289,0.5086962580680847,0.011849354021251202,Neutral,-0.4676050143316388,0.5086962580680847
778248042,6.28225E+17,Businesses are deluged with invoicesx Make yours stand ou. with colour or shape and it's likely to rise to the top of the pay' pile.,Businesses are deluged with invoicesx Make yours stand ou. with colour or shape and it's likely to rise to the top of the pay' pile.,business deluged invoicesx make stand ou colour shape likely rise top pay pile,Businesses are deluged with invoicesx Make yours stand ou. with colour or shape and it's likely to rise to the top of the pay' pile.,deluged,Unknown,Not disaster-related,0.806,0.24534188210964203,0.6601221561431885,0.09453599154949188,Neutral,-0.15080589056015015,0.6601221561431885
778248050,6.26262E+17,I can't believe it never occurred to me that I could *not* be deluged with Kickstarter emails.,I can't believe it never occurred to me that I could *not* be deluged with Kickstarter emails.,ca believe never occurred could deluged kickstarter email,I can't believe it never occurred to me that I could *not* be deluged with Kickstarter emails.,deluged,Camberville (Bostonish),Not disaster-related,0.806,0.6538751125335693,0.2860836386680603,0.06004124879837036,Negative,-0.593833863735199,0.6538751125335693
778248064,6.26728E+17,News Alerts - Glimpses: Hyderabad deluged by heavy rainfall,News Alerts - Glimpses: Hyderabad deluged by heavy rainfall,news alert glimpse hyderabad deluged heavy rainfall,News Alerts - Glimpses: Hyderabad deluged by heavy rainfall,deluged,Pakistan,Disaster-related,1.0,0.16791528463363647,0.8009147644042969,0.031170018017292023,Neutral,-0.13674526661634445,0.8009147644042969
778248066,6.27093E+17,"deluged dismay so
soon surrendered summer drought
descending disturbed

#sunrise#haiku #poetry #wimberley #atx#smtx http://t.co/z9FDebg5Fm",deluged dismay so soon surrendered summer drought descending disturbed #sunrise#haiku #poetry #wimberley #atx#smtx http://t.co/z9FDebg5Fm,deluged dismay soon surrendered summer drought descending disturbed sunrise haiku poetry wimberley atx smtx URL,deluged dismay so soon surrendered summer drought descending disturbed #sunrise#haiku #poetry #wimberley #atx#smtx http,deluged,Austin,Not disaster-related,0.5934,0.17721600830554962,0.7957250475883484,0.027058983221650124,Neutral,-0.1501570250838995,0.7957250475883484
778248071,6.29276E+17,Enugu Government to demolish illegal structures at International Conference Centre http://t.co/DaqszZuBUb,Enugu Government to demolish illegal structures at International Conference Centre http://t.co/DaqszZuBUb,enugu government demolish illegal structure international conference centre URL,Enugu Government to demolish illegal structures at International Conference Centre http,demolish,"Nigeria, WORLDWIDE",Not disaster-related,0.5956,0.48562851548194885,0.49755990505218506,0.016811642795801163,Neutral,-0.4688168726861477,0.49755990505218506
778248075,6.29331E+17,Doone Silver Architects has won permission to demolish Birmingham's Natwest Tower and replace it with what will be cityÛªs tallest building.,Doone Silver Architects has won permission to demolish Birmingham's Natwest Tower and replace it with what will be city Ûªs tallest building.,doone silver architect permission demolish birmingham natwest tower replace city ûªs tallest building,Doone Silver Architects has won permission to demolish Birmingham's Natwest Tower and replace it with what will be city Ûªs tallest building.,demolish,Eastbourne England,Not disaster-related,1.0,0.11839717626571655,0.798469066619873,0.0831337720155716,Neutral,-0.03526340425014496,0.798469066619873
778248080,6.29358E+17,Ugh So hungry I'm going to demolish this food!,Ugh So hungry I'm going to demolish this food!,ugh hungry going demolish food,Ugh So hungry I'm going to demolish this food!,demolish,Unknown,Not disaster-related,0.597,0.7831816077232361,0.12584923207759857,0.09096921235322952,Negative,-0.6922123953700066,0.7831816077232361
778248084,6.29284E+17,Enugu Government to demolish illegal structures at International Conference Centre: Enugu State government app... http://t.co/bzINn2wXHu,Enugu Government to demolish illegal structures at International Conference Centre: Enugu State government app... http://t.co/bzINn2wXHu,enugu government demolish illegal structure international conference centre enugu state government app URL,Enugu Government to demolish illegal structures at International Conference Centre: Enugu State government app... http,demolish,Global,Not disaster-related,0.4019,0.3345012366771698,0.6462343335151672,0.019264474511146545,Neutral,-0.31523676216602325,0.6462343335151672
778248088,6.29302E+17,Hope someone buys it! Former post office in Napa now for sale http://t.co/2ZeV1Zyttg #preservation,Hope someone buys it! Former post office in Napa now for sale http://t.co/2ZeV1Zyttg #preservation,hope someone buy former post office napa sale URL preservation,Hope someone buys it! Former post office in Napa now for sale http #preservation,demolish,"St. Louis, MO",Not disaster-related,1.0,0.006313699763268232,0.3565373718738556,0.6371489763259888,Positive,0.6308352765627205,0.6371489763259888
778248091,6.29299E+17,Yea so I'm gonna demolish all those boundaries that I seem to have 'unconsciously' set for myself with negative thoughts!,Yea so I'm gonna demolish all those boundaries that I seem to have 'unconsciously' set for myself with negative thoughts!,yea gon na demolish boundary seem set negative thought,Yea so I'm gonna demolish all those boundaries that I seem to have 'unconsciously' set for myself with negative thoughts!,demolish,South Africa,Not disaster-related,1.0,0.8237771987915039,0.15728677809238434,0.018936017528176308,Negative,-0.8048411812633276,0.8237771987915039
778248093,6.29307E+17,Set some goals. Then demolish them ?? #fitness #inspiration,Set some goals. Then demolish them ?? #fitness #inspiration,set goal demolish fitness inspiration,Set some goals. Then demolish them ?? #fitness #inspiration,demolish,"Otsego, MI",Not disaster-related,0.8023,0.13900646567344666,0.7743433713912964,0.08665022999048233,Neutral,-0.052356235682964325,0.7743433713912964
778248101,6.29311E+17,Absurdly Ridiculous MenÛªs #Fashion To Demolish You #Manhood. http://t.co/vTP8i8QLEn,Absurdly Ridiculous Men Ûªs #Fashion To Demolish You #Manhood. http://t.co/vTP8i8QLEn,absurdly ridiculous men ûªs fashion demolish manhood URL,Absurdly Ridiculous Men Ûªs #Fashion To Demolish You #Manhood. http,demolish,RhodeIsland,Not disaster-related,1.0,0.8606165647506714,0.12991690635681152,0.009466511197388172,Negative,-0.8511500535532832,0.8606165647506714
778248105,6.2927E+17,[News Update] | Enugu Government to demolish illegal structures at International Conference Centre http://t.co/xcGzc45gys |Via Daily Post,[News Update] | Enugu Government to demolish illegal structures at International Conference Centre http://t.co/xcGzc45gys |Via Daily Post,news update enugu government demolish illegal structure international conference centre URL daily post,[News Update] | Enugu Government to demolish illegal structures at International Conference Centre http |Via Daily Post,demolish,"Lagos, Nigeria",Not disaster-related,0.8003,0.24636323750019073,0.7343819737434387,0.019254788756370544,Neutral,-0.2271084487438202,0.7343819737434387
778248111,6.29332E+17,@Jolly_Jinu you said they are terrorist because of #Babri so was it ok? If you demolish my house todayhave i right to take revenge?,@Jolly_Jinu you said they are terrorist because of #Babri so was it ok? If you demolish my house todayhave i right to take revenge?,USER said terrorist babri ok demolish house todayhave right take revenge,@user you said they are terrorist because of #Babri so was it ok? If you demolish my house todayhave i right to take revenge?,demolish,KOLKATA,Not disaster-related,0.5021,0.833014965057373,0.16080278158187866,0.006182343233376741,Negative,-0.8268326218239963,0.833014965057373
778248113,6.29297E+17,Just had my first counter on a league game against another Orianna I happened to demolish her xD. I totally appreciate people that play her,Just had my first counter on a league game against another Orianna I happened to demolish her xD. I totally appreciate people that play her,first counter league game another orianna happened demolish xd totally appreciate people play,Just had my first counter on a league game against another Orianna I happened to demolish her xD. I totally appreciate people that play her,demolish,Earth,Not disaster-related,0.7976,0.009804392233490944,0.05472443252801895,0.93547123670578,Positive,0.9256668444722891,0.93547123670578
778248123,6.29081E+17,"Big Papi just demolished that ball. 

#BOSvsNYY",Big Papi just demolished that ball. #BOSvsNYY,big papi demolished ball bosvsnyy,Big Papi just demolished that ball. #BOSvsNYY,demolished,Unknown,Not disaster-related,0.8317,0.012123830616474152,0.09306962788105011,0.8948065042495728,Positive,0.8826826736330986,0.8948065042495728
778248124,6.29046E+17,I bought a 64oz jar of peanut butter and it's just getting demolished,I bought a 64oz jar of peanut butter and it's just getting demolished,bought jar peanut butter getting demolished,I bought a 64oz jar of peanut butter and it's just getting demolished,demolished,"Terre Haute, IN",Not disaster-related,0.7994,0.8145785331726074,0.16505242884159088,0.020369036123156548,Negative,-0.7942094970494509,0.8145785331726074
778248128,6.29068E+17,@AngusMacNeilSNP Every case for Yes has been utterly demolished utterly. If i was you IÛªd be embarrassed to bring up indy ever again.,@AngusMacNeilSNP Every case for Yes has been utterly demolished utterly. If i was you I Ûªd be embarrassed to bring up indy ever again.,USER every case yes utterly demolished utterly ûªd embarrassed bring indy ever,@user Every case for Yes has been utterly demolished utterly. If i was you I Ûªd be embarrassed to bring up indy ever again.,demolished,"Glasgow, Scotland",Not disaster-related,1.0,0.9353199601173401,0.057872071862220764,0.006807991769164801,Negative,-0.9285119683481753,0.9353199601173401
778248136,6.2909E+17,Man Cam just demolished his plate. His ass was hungry,Man Cam just demolished his plate. His ass was hungry,man cam demolished plate as hungry,Man Cam just demolished his plate. His ass was hungry,demolished,ATL ??,Not disaster-related,0.7982,0.631376326084137,0.28988543152809143,0.07873821258544922,Negative,-0.5526381134986877,0.631376326084137
778248140,6.29103E+17,Lol meerkat is fucked. They will get demolished by periscope and Facebook live streaming.,Lol meerkat is fucked. They will get demolished by periscope and Facebook live streaming.,lol meerkat fucked get demolished periscope facebook live streaming,Lol meerkat is fucked. They will get demolished by periscope and Facebook live streaming.,demolished,Unknown,Not disaster-related,0.6006,0.9367285370826721,0.05550779402256012,0.007763789035379887,Negative,-0.9289647480472922,0.9367285370826721
778248144,6.29083E+17,Just demolished a Snowball ??,Just demolished a Snowball ??,demolished snowball,Just demolished a Snowball ??,demolished,Unknown,Not disaster-related,1.0,0.46724218130111694,0.470638245344162,0.06211954727768898,Neutral,-0.40512263402342796,0.470638245344162
778248145,6.29071E+17,It was finally demolished in the spring of 2013 and the property has sat vacant since. The justÛ_: saddlebrooke... http://t.co/b8n6e4rYvZ,It was finally demolished in the spring of 2013 and the property has sat vacant since. The just Û_: saddlebrooke... http://t.co/b8n6e4rYvZ,finally demolished spring NUMBER property sat vacant since saddlebrooke URL,It was finally demolished in the spring of 2013 and the property has sat vacant since. The just Û_: saddlebrooke... http,demolished,Newcastle,Not disaster-related,0.7982,0.6811718940734863,0.31021514534950256,0.008612974546849728,Negative,-0.6725589195266366,0.6811718940734863
778248151,6.29097E+17,Take this China get demolished and sent back to the fucking stone age,Take this China get demolished and sent back to the fucking stone age,take china get demolished sent back fucking stone age,Take this China get demolished and sent back to the fucking stone age,demolished,Unknown,Not disaster-related,0.7982,0.9313724637031555,0.06006161868572235,0.008565887808799744,Negative,-0.9228065758943558,0.9313724637031555
778248176,6.29091E+17,"#Muslim cemetery demolition infuriates cultural groups in #Israel 

http://t.co/vpLZKUidz2",#Muslim cemetery demolition infuriates cultural groups in #Israel http://t.co/vpLZKUidz2,muslim cemetery demolition infuriates cultural group israel URL,#Muslim cemetery demolition infuriates cultural groups in #Israel http,demolition,Unknown,Disaster-related,0.8,0.8082743287086487,0.18486237525939941,0.006863297428935766,Negative,-0.8014110312797129,0.8082743287086487
778248178,6.29112E+17,This sale and demolition trend near Metrotown is sure resulting in some poorly maintained apartments. #burnaby #changefortheworse,This sale and demolition trend near Metrotown is sure resulting in some poorly maintained apartments. #burnaby #changefortheworse,sale demolition trend near metrotown sure resulting poorly maintained apartment burnaby changefortheworse,This sale and demolition trend near Metrotown is sure resulting in some poorly maintained apartments. #burnaby #changefortheworse,demolition,Unknown,Not disaster-related,1.0,0.8817321062088013,0.11173753440380096,0.006530345883220434,Negative,-0.8752017603255808,0.8817321062088013
778248182,6.29095E+17,WOW!!! What a show at the Carthage Auto Parts Celebrity Demolition Derby!  Thanks to all the celebrities for putting on such a great event!!,WOW!!! What a show at the Carthage Auto Parts Celebrity Demolition Derby! Thanks to all the celebrities for putting on such a great event!!,wow show carthage auto part celebrity demolition derby thanks celebrity putting great event,WOW!!! What a show at the Carthage Auto Parts Celebrity Demolition Derby! Thanks to all the celebrities for putting on such a great event!!,demolition,"Carthage, OH",Not disaster-related,1.0,0.0026993548963218927,0.00909329392015934,0.9882073998451233,Positive,0.9855080449488014,0.9882073998451233
778248185,6.2908E+17,#download &amp; #watch Demolition Frog (2002) http://t.co/81nEizeknm #movie,#download & #watch Demolition Frog (2002) http://t.co/81nEizeknm #movie,download watch demolition frog NUMBER URL movie,#download & #watch Demolition Frog (2002) http #movie,demolition,Unknown,Disaster-related,0.6005,0.008307978510856628,0.9227681756019592,0.06892384588718414,Neutral,0.060615867376327515,0.9227681756019592
778248193,6.2909E+17,@czallstarwes more like demolition derby ??,@czallstarwes more like demolition derby ??,USER like demolition derby,@user more like demolition derby ??,demolition,Unknown,Not disaster-related,1.0,0.1217903420329094,0.8340968489646912,0.044112782925367355,Neutral,-0.07767755910754204,0.8340968489646912
778248194,6.29097E+17,Demolition Means Progress: Flint Michigan and the Fate of the American Metropolis Highsmith https://t.co/fj7p8A1hvM,Demolition Means Progress: Flint Michigan and the Fate of the American Metropolis Highsmith https://t.co/fj7p8A1hvM,demolition mean progress flint michigan fate american metropolis highsmith URL,Demolition Means Progress: Flint Michigan and the Fate of the American Metropolis Highsmith http,demolition,"New York, New York",Disaster-related,0.4022,0.10643018782138824,0.8661667108535767,0.027403036132454872,Neutral,-0.07902715168893337,0.8661667108535767
778248201,6.29081E+17,Problem motel nears demolition http://t.co/fKx4IH7kM1 http://t.co/n8VcxGyhQ8,Problem motel nears demolition http://t.co/fKx4IH7kM1 http://t.co/n8VcxGyhQ8,problem motel nears demolition URL URL,Problem motel nears demolition http http,demolition,Unknown,Not disaster-related,1.0,0.7599705457687378,0.2286233901977539,0.01140610408037901,Negative,-0.7485644416883588,0.7599705457687378
778248211,6.29079E+17,China detains seven Christians trying to protect their church's cross from demolition http://t.co/XuUB2HBlI5 http://t.co/h5EPx2D1ga,China detains seven Christians trying to protect their church's cross from demolition http://t.co/XuUB2HBlI5 http://t.co/h5EPx2D1ga,china detains seven christian trying protect church cross demolition URL URL,China detains seven Christians trying to protect their church's cross from demolition http http,demolition,"Washington, DC",Not disaster-related,0.5988,0.655453085899353,0.33558547496795654,0.008961407467722893,Negative,-0.6464916784316301,0.655453085899353
778248212,6.29109E+17,'Up' House Saved From Demolition - http://t.co/4CPNBBZkzg Will be moved to Orcas Island Washington.,'Up' House Saved From Demolition - http://t.co/4CPNBBZkzg Will be moved to Orcas Island Washington.,house saved demolition URL moved orca island washington,'Up' House Saved From Demolition - http Will be moved to Orcas Island Washington.,demolition,"Buffalo, NY",Not disaster-related,0.7994,0.013855637982487679,0.9391418099403381,0.047002650797367096,Neutral,0.03314701281487942,0.9391418099403381
778248219,6.29269E+17,@shantaeskyy GM! I pray any attack of the enemy 2 derail ur destiny is blocked by the Lord &amp; that He floods ur life w/heavenly Blessings,@shantaeskyy GM! I pray any attack of the enemy 2 derail ur destiny is blocked by the Lord & that He floods ur life w/heavenly Blessings,USER gm pray attack enemy NUMBER derail ur destiny blocked lord flood ur life blessing,@user GM! I pray any attack of the enemy 2 derail ur destiny is blocked by the Lord & that He floods ur life w/heavenly Blessings,derail,Road to the Billionaires Club,Not disaster-related,1.0,0.03327278420329094,0.10870381444692612,0.8580234050750732,Positive,0.8247506208717823,0.8580234050750732
778248247,6.29271E+17,BBC News - India rail crash: Trains derail in Madhya Pradesh flash flood http://t.co/wmUTCDG36b,BBC News - India rail crash: Trains derail in Madhya Pradesh flash flood http://t.co/wmUTCDG36b,bbc news india rail crash train derail madhya pradesh flash flood URL,BBC News - India rail crash: Trains derail in Madhya Pradesh flash flood http,derail,Unknown,Disaster-related,1.0,0.47262969613075256,0.5142766833305359,0.013093587942421436,Neutral,-0.4595361081883311,0.5142766833305359
778248262,6.29266E+17,Dozens Die As two Trains Derail Into A River In Indiahttp://www.informationng.com/?p=309943,Dozens Die As two Trains Derail Into A River In Indiahttp://www.informationng.com/?p=309943,dozen die two train derail river india URL,Dozens Die As two Trains Derail Into A River In Indiahttp,derail,Unknown,Disaster-related,1.0,0.5003520846366882,0.48402321338653564,0.015624706633388996,Negative,-0.48472737800329924,0.5003520846366882
778248270,6.29301E+17,.@janeannmorrison: A former Assembly candidate is still waiting for answers http://t.co/Mm5z32vKPC,.@janeannmorrison: A former Assembly candidate is still waiting for answers http://t.co/Mm5z32vKPC,USER former assembly candidate still waiting answer URL,.@user: A former Assembly candidate is still waiting for answers http,derailed,Las Vegas,Not disaster-related,0.5976,0.19225427508354187,0.7904422879219055,0.017303498461842537,Neutral,-0.17495077662169933,0.7904422879219055
778248278,6.29325E+17,DC Media: tip for getting updates on the derailed #WMATA train today - ask them about movie night and quickly change the subject!,DC Media: tip for getting updates on the derailed #WMATA train today - ask them about movie night and quickly change the subject!,dc medium tip getting update derailed wmata train today ask movie night quickly change subject,DC Media: tip for getting updates on the derailed #WMATA train today - ask them about movie night and quickly change the subject!,derailed,"Washington, DC",Disaster-related,0.5958,0.31466469168663025,0.635080873966217,0.050254400819540024,Neutral,-0.2644102908670902,0.635080873966217
778248279,6.29293E+17,@jozerphine LITERALLY JUST LOOK THAT UP! YEAH DERAILED AT SMITHSONIAN SO EVERYTHIGN IS SHUT DOWN FROM FEDERAL CENTER SW TO MCPHERSON,@jozerphine LITERALLY JUST LOOK THAT UP! YEAH DERAILED AT SMITHSONIAN SO EVERYTHIGN IS SHUT DOWN FROM FEDERAL CENTER SW TO MCPHERSON,USER literally look yeah derailed smithsonian everythign shut federal center sw mcpherson,@user LITERALLY JUST LOOK THAT UP! YEAH DERAILED AT SMITHSONIAN SO EVERYTHIGN IS SHUT DOWN FROM FEDERAL CENTER SW TO MCPHERSON,derailed,Unknown,Disaster-related,1.0,0.6561728119850159,0.3180602192878723,0.025766879320144653,Negative,-0.6304059326648712,0.6561728119850159
778248287,6.29326E+17,New illustration for the L.A. Times: http://t.co/qYn6KxJSTl #illustration #subway,New illustration for the L.A. Times: http://t.co/qYn6KxJSTl #illustration #subway,new illustration time URL illustration subway,New illustration for the L.A. Times: http #illustration #subway,derailed,"Chicago, IL",Not disaster-related,0.7961,0.004475423600524664,0.8127854466438293,0.18273916840553284,Neutral,0.17826374480500817,0.8127854466438293
778248295,6.29325E+17,'We may be derailed right now but we are going to keep holding on to remain on track' -@kristnmalea #DerailingDistractions,'We may be derailed right now but we are going to keep holding on to remain on track' -@kristnmalea #DerailingDistractions,may derailed right going keep holding remain track USER derailingdistractions,'We may be derailed right now but we are going to keep holding on to remain on track' -@user #DerailingDistractions,derailed,"st. louis, missouri",Not disaster-related,0.4036,0.046043701469898224,0.6967232823371887,0.25723305344581604,Neutral,0.21118935197591782,0.6967232823371887
778248299,6.2929E+17,three episodes left the end is nigh,three episodes left the end is nigh,three episode left end nigh,three episodes left the end is nigh,derailed,"Kalamazoo, Michigan",Not disaster-related,1.0,0.5266647934913635,0.4072706997394562,0.06606446951627731,Negative,-0.4606003239750862,0.5266647934913635
778248300,6.29278E+17,So a train derailed and instead of me getting to work early like I would've I'm now late as fuck,So a train derailed and instead of me getting to work early like I would've I'm now late as fuck,train derailed instead getting work early like would late fuck,So a train derailed and instead of me getting to work early like I would've I'm now late as fuck,derailed,DC,Disaster-related,1.0,0.8962464928627014,0.09463818371295929,0.009115369990468025,Negative,-0.8871311228722334,0.8962464928627014
778248304,6.29308E+17,Also there is no estimate of damage yet from #WMATA/#Metro on the six-car train that derailed ~5 a.m. Shuttle service available. @CQnow,Also there is no estimate of damage yet from #WMATA/#Metro on the six-car train that derailed ~5 a.m. Shuttle service available. @CQnow,also estimate damage yet metro train derailed NUMBER shuttle service available USER,Also there is no estimate of damage yet from #WMATA/#Metro on the six-car train that derailed ~5 a.m. Shuttle service available. @user,derailed,"Washington, DC",Disaster-related,1.0,0.5845555067062378,0.40736255049705505,0.008081942796707153,Negative,-0.5764735639095306,0.5845555067062378
778248329,6.29025E+17,Still and Box alarm for the train derailment at 61st and Calumet struck out on the orders of 2-1-21. #ChicagoScanner,Still and Box alarm for the train derailment at 61st and Calumet struck out on the orders of 2-1-21. #ChicagoScanner,still box alarm train derailment calumet struck order NUMBER NUMBER NUMBER chicagoscanner,Still and Box alarm for the train derailment at 61st and Calumet struck out on the orders of 2-1-21. #ChicagoScanner,derailment,"Chicago, IL 60607",Disaster-related,1.0,0.30162134766578674,0.6869450807571411,0.011433486826717854,Neutral,-0.2901878608390689,0.6869450807571411
778248339,6.29023E+17,"CHICAGO FD
STILL &amp; BOX ALARM/EMS PLAN I 
 61ST &amp; CALUMET FOR THE EL TRAIN DERAILMENT
CINS/TG",CHICAGO FD STILL & BOX ALARM/EMS PLAN I 61ST & CALUMET FOR THE EL TRAIN DERAILMENT CINS/TG,chicago fd still box plan calumet el train derailment,CHICAGO FD STILL & BOX ALARM/EMS PLAN I 61ST & CALUMET FOR THE EL TRAIN DERAILMENT CINS/TG,derailment,Chicagoland,Disaster-related,0.8024,0.16297417879104614,0.8149547576904297,0.022071046754717827,Neutral,-0.14090313203632832,0.8149547576904297
778248350,6.2906E+17,Latest : Trains derailment: 'It's the freakiest of freak accidents' - The Indian Express: The Indi... http://t.co/sjXLlzOSW7 #IndianNews,Latest : Trains derailment: 'It's the freakiest of freak accidents' - The Indian Express: The Indi... http://t.co/sjXLlzOSW7 #IndianNews,latest train derailment freakiest freak accident indian express indi URL indiannews,Latest : Trains derailment: 'It's the freakiest of freak accidents' - The Indian Express: The Indi... http #IndianNews,derailment,Mumbai,Disaster-related,1.0,0.6457589268684387,0.3310123682022095,0.023228719830513,Negative,-0.6225302070379257,0.6457589268684387
778248351,6.29035E+17,http://t.co/BAGEF9lFGT 25 killed 50 injured in Madhya Pradesh twin train derailment http://t.co/bVxqA3Kfrx,http://t.co/BAGEF9lFGT 25 killed 50 injured in Madhya Pradesh twin train derailment http://t.co/bVxqA3Kfrx,URL NUMBER killed NUMBER injured madhya pradesh twin train derailment URL,http 25 killed 50 injured in Madhya Pradesh twin train derailment http,derailment,Unknown,Disaster-related,1.0,0.7945306301116943,0.19941498339176178,0.006054395344108343,Negative,-0.788476234767586,0.7945306301116943
778248353,6.2903E+17,PHOTOS: Green Line derailment near Cottage Grove and Garfield: http://t.co/4d9Cd4mnVh http://t.co/UNhqCQ6Bex,PHOTOS: Green Line derailment near Cottage Grove and Garfield: http://t.co/4d9Cd4mnVh http://t.co/UNhqCQ6Bex,photo green line derailment near cottage grove garfield URL URL,PHOTOS: Green Line derailment near Cottage Grove and Garfield: http http,derailment,"Chicago, IL",Disaster-related,0.8012,0.42964503169059753,0.5595006346702576,0.01085434015840292,Neutral,-0.4187906915321946,0.5595006346702576
778248381,6.29079E+17,The once desolate valley was transformed into a thriving hub of hiÛÓtech business.,The once desolate valley was transformed into a thriving hub of hi ÛÓtech business.,desolate valley transformed thriving hub hi ûótech business,The once desolate valley was transformed into a thriving hub of hi ÛÓtech business.,desolate,Unknown,Not disaster-related,0.7988,0.019851867109537125,0.45480650663375854,0.5253416299819946,Positive,0.5054897628724575,0.5253416299819946
778248382,6.29038E+17,#OnThisDay in 1620 the Mayflower set sail for the New World. Read @LaphamsQuart: http://t.co/ssn1mxSFOA http://t.co/FW8ElbnAP7,#OnThisDay in 1620 the Mayflower set sail for the New World. Read @LaphamsQuart: http://t.co/ssn1mxSFOA http://t.co/FW8ElbnAP7,onthisday NUMBER mayflower set sail new world read USER URL URL,#OnThisDay in 1620 the Mayflower set sail for the New World. Read @user: http http,desolate,"Philadelphia, PA",Not disaster-related,1.0,0.006220565643161535,0.8044070601463318,0.18937233090400696,Neutral,0.18315176526084542,0.8044070601463318
778248384,6.29045E+17,I understand why broke ppl be mad or always hav an attitude now this sht ain't no fun i won't be desolate for long,I understand why broke ppl be mad or always hav an attitude now this sht ain't no fun i won't be desolate for long,understand broke ppl mad always hav attitude sht ai fun wo desolate long,I understand why broke ppl be mad or always hav an attitude now this sht ain't no fun i won't be desolate for long,desolate,"Chicago,Illinois",Not disaster-related,0.7958,0.9294657707214355,0.06447543203830719,0.006058843340724707,Negative,-0.9234069273807108,0.9294657707214355
778248393,6.29024E+17,And the 10 horns which u saw on the beast these will hate the harlet make her desolate and naked eat her flesh and burn her with fire,And the 10 horns which u saw on the beast these will hate the harlet make her desolate and naked eat her flesh and burn her with fire,NUMBER horn u saw beast hate harlet make desolate naked eat flesh burn fire,And the 10 horns which u saw on the beast these will hate the harlet make her desolate and naked eat her flesh and burn her with fire,desolate,Outreach Africa,Disaster-related,0.606,0.8949775099754333,0.09695780277252197,0.00806471984833479,Negative,-0.8869127901270986,0.8949775099754333
778248399,6.29037E+17,Psalm34:22 The Lord redeemeth the soul of his servants: and none of them that trust in him shall be desolate.,Psalm34:22 The Lord redeemeth the soul of his servants: and none of them that trust in him shall be desolate.,NUMBER lord redeemeth soul servant none trust shall desolate,Psalm34:22 The Lord redeemeth the soul of his servants: and none of them that trust in him shall be desolate.,desolate,"Michigan, USA",Not disaster-related,1.0,0.016348034143447876,0.19074486196041107,0.7929070591926575,Positive,0.7765590250492096,0.7929070591926575
778248405,6.2902E+17,@booksbyRoger TY for the follow Go To http://t.co/l9MB2j5pXg BRUTALLY ABUSED+DESOLATE&amp;LOST + HER LOVELY MUM DIES..Is it Murder?,@booksbyRoger TY for the follow Go To http://t.co/l9MB2j5pXg BRUTALLY ABUSED+DESOLATE&LOST + HER LOVELY MUM DIES..Is it Murder?,USER ty follow go URL brutally lost lovely mum dy murder,@user TY for the follow Go To http BRUTALLY ABUSED+DESOLATE&LOST + HER LOVELY MUM DIES..Is it Murder?,desolate,Macclesfield,Not disaster-related,0.5994,0.8169813752174377,0.1670013964176178,0.016017260029911995,Negative,-0.8009641151875257,0.8169813752174377
778248407,6.29025E+17,@Bill_Roose That looks so desolate and just...depressing,@Bill_Roose That looks so desolate and just...depressing,USER look desolate depressing,@user That looks so desolate and just...depressing,desolate,"Pueblo, CO",Disaster-related,0.599,0.9265081882476807,0.06565166264772415,0.007840221747756004,Negative,-0.9186679664999247,0.9265081882476807
778248411,6.2906E+17,@CorleoneDaBoss bc its risky and costly I don't see a need to do that when there isn't anything there. It's totally desolate.,@CorleoneDaBoss bc its risky and costly I don't see a need to do that when there isn't anything there. It's totally desolate.,USER bc risky costly see need anything totally desolate,@user bc its risky and costly I don't see a need to do that when there isn't anything there. It's totally desolate.,desolate,the insane asylum.,Disaster-related,0.6038,0.8522080183029175,0.13762028515338898,0.010171704925596714,Negative,-0.8420363133773208,0.8522080183029175
778248416,6.2928E+17,desolation #bored,desolation #bored,desolation bored,desolation #bored,desolation,Unknown,Disaster-related,0.6084,0.68828946352005,0.2924972176551819,0.019213275983929634,Negative,-0.6690761875361204,0.68828946352005
778248422,6.29099E+17,Free Kindle Book - Aug 3-7 - Thriller - Desolation Run by @jamessnyder22 http://t.co/PfYH4Tzvk9,Free Kindle Book - Aug 3-7 - Thriller - Desolation Run by @jamessnyder22 http://t.co/PfYH4Tzvk9,free kindle book aug NUMBER NUMBER thriller desolation run USER URL,Free Kindle Book - Aug 3-7 - Thriller - Desolation Run by @user http,desolation,Unknown,Not disaster-related,1.0,0.004785310942679644,0.86216139793396,0.13305330276489258,Neutral,0.12826799182221293,0.86216139793396
778248426,6.28986E+17,"Isai 60:1; Psm 138:8
 Every conspiracy against my lifting be scattered unto desolation in the name o f Jesus.",Isai 60:1; Psm 138:8 Every conspiracy against my lifting be scattered unto desolation in the name o f Jesus.,isai NUMBER NUMBER psm NUMBER NUMBER every conspiracy lifting scattered unto desolation name f jesus,Isai 60:1; Psm 138:8 Every conspiracy against my lifting be scattered unto desolation in the name o f Jesus.,desolation,Lagos Nigeria,Not disaster-related,1.0,0.26686426997184753,0.674197256565094,0.05893850326538086,Neutral,-0.20792576670646667,0.674197256565094
778248434,6.29026E+17,Watching 'The Desolation of Smaug' in Spanish is a hell of a drug,Watching 'The Desolation of Smaug' in Spanish is a hell of a drug,watching desolation smaug spanish hell drug,Watching 'The Desolation of Smaug' in Spanish is a hell of a drug,desolation,"Birdland, New Meridian, FD",Not disaster-related,0.8012,0.1971455067396164,0.5857661366462708,0.21708837151527405,Neutral,0.019942864775657654,0.5857661366462708
778248437,6.28961E+17,Fear and panic in the air I want to be free from desolation and despair!,Fear and panic in the air I want to be free from desolation and despair!,fear panic air want free desolation despair,Fear and panic in the air I want to be free from desolation and despair!,desolation,"Monterrey, MÌ©xico",Not disaster-related,0.6036,0.8893929123878479,0.09629525989294052,0.014311897568404675,Negative,-0.8750810148194432,0.8893929123878479
778248464,6.29357E+17,Putin's plan to destroy Western food en masse is causing a huge public backlash http://t.co/FAJbxz5kar,Putin's plan to destroy Western food en masse is causing a huge public backlash http://t.co/FAJbxz5kar,putin plan destroy western food en masse causing huge public backlash URL,Putin's plan to destroy Western food en masse is causing a huge public backlash http,destroy,New York City,Not disaster-related,0.834,0.8627081513404846,0.13079595565795898,0.006495934911072254,Negative,-0.8562122164294124,0.8627081513404846
778248466,6.29357E+17,destroy the free fandom honestly,destroy the free fandom honestly,destroy free fandom honestly,destroy the free fandom honestly,destroy,"Virginia, USA",Disaster-related,0.8001,0.8912532925605774,0.1000240296125412,0.008722707629203796,Negative,-0.8825305849313736,0.8912532925605774
778248469,6.29355E+17,Tell him Rebahe's going to destroy himself @Zenande_Mcfen @NDzedze #Ashes2Ashes,Tell him Rebahe's going to destroy himself @Zenande_Mcfen @NDzedze #Ashes2Ashes,tell rebahe going destroy USER USER,Tell him Rebahe's going to destroy himself @user @user #Ashes2Ashes,destroy,Johannesburg,Not disaster-related,1.0,0.7389128804206848,0.23513345420360565,0.025953708216547966,Negative,-0.7129591722041368,0.7389128804206848
778248472,6.29355E+17,Black Ops 3 SEARCH AND DESTROY GAMEPLAY! (Hunted SnD Competitive Multiplayer): http://t.co/ss1zL36y9V via @YouTube,Black Ops 3 SEARCH AND DESTROY GAMEPLAY! (Hunted SnD Competitive Multiplayer): http://t.co/ss1zL36y9V via @YouTube,black ops NUMBER search destroy gameplay hunted snd competitive multiplayer URL via USER,Black Ops 3 SEARCH AND DESTROY GAMEPLAY! (Hunted SnD Competitive Multiplayer): http via @user,destroy,Honduras,Not disaster-related,0.8024,0.037191133946180344,0.8986285924911499,0.06418021768331528,Neutral,0.026989083737134933,0.8986285924911499
778248475,6.29356E+17,"ng2x5 mhtw4fnet

Watch Michael Jordan absolutely destroy this meme-baiting camper - FOXSportscom",ng2x5 mhtw4fnet Watch Michael Jordan absolutely destroy this meme-baiting camper - FOXSportscom,watch michael jordan absolutely destroy camper foxsportscom,ng2x5 mhtw4fnet Watch Michael Jordan absolutely destroy this meme-baiting camper - FOXSportscom,destroy,Unknown,Not disaster-related,0.7982,0.22045548260211945,0.6307001709938049,0.14884436130523682,Neutral,-0.07161112129688263,0.6307001709938049
778248481,6.29356E+17,"JAKE I SWEAR TO GOD IF THEREÛªS ONE MORE GOD DAMN PIECE OF ALGAE IN THE PONDS I AM GOING TO DESTROY ALL THOSE LITTLE FISH.

#momtherbot",JAKE I SWEAR TO GOD IF THERE ÛªS ONE MORE GOD DAMN PIECE OF ALGAE IN THE PONDS I AM GOING TO DESTROY ALL THOSE LITTLE FISH. #momtherbot,jake swear god ûªs one god damn piece algae pond going destroy little fish momtherbot,JAKE I SWEAR TO GOD IF THERE ÛªS ONE MORE GOD DAMN PIECE OF ALGAE IN THE PONDS I AM GOING TO DESTROY ALL THOSE LITTLE FISH. #momtherbot,destroy,Unknown,Not disaster-related,0.7994,0.9239082932472229,0.06487785279750824,0.011213865131139755,Negative,-0.9126944281160831,0.9239082932472229
778248482,6.29357E+17,#YIAYplan Use my awesome collection of Amiibos to destroy all in my path.,#YIAYplan Use my awesome collection of Amiibos to destroy all in my path.,yiayplan use awesome collection amiibos destroy path,#YIAYplan Use my awesome collection of Amiibos to destroy all in my path.,destroy,UK,Not disaster-related,1.0,0.08890873193740845,0.30768802762031555,0.6034032106399536,Positive,0.5144944787025452,0.6034032106399536
778248494,6.29354E+17,@alexhern he created vr only he can destroy it.,@alexhern he created vr only he can destroy it.,USER created vr destroy,@user he created vr only he can destroy it.,destroy,London,Not disaster-related,1.0,0.8549660444259644,0.13730217516422272,0.007731742225587368,Negative,-0.847234302200377,0.8549660444259644
778248495,6.29354E+17,Skate and Destroy em Taguatinga - Campeonatos de Skate http://t.co/xWW9dOPLK9,Skate and Destroy em Taguatinga - Campeonatos de Skate http://t.co/xWW9dOPLK9,skate destroy em taguatinga campeonatos de skate URL,Skate and Destroy em Taguatinga - Campeonatos de Skate http,destroy,Curitiba-PR,Not disaster-related,0.8018,0.08636539429426193,0.8499369025230408,0.06369771808385849,Neutral,-0.022667676210403442,0.8499369025230408
778248500,6.29355E+17,Industry Tryna Destroy @MeekMill cause he Exposed They Cash Cow...,Industry Tryna Destroy @MeekMill cause he Exposed They Cash Cow...,industry tryna destroy USER cause exposed cash cow,Industry Tryna Destroy @user cause he Exposed They Cash Cow...,destroy,Florida,Not disaster-related,1.0,0.8653860092163086,0.12780654430389404,0.0068074921146035194,Negative,-0.8585785171017051,0.8653860092163086
778248504,6.29356E+17,When people fear you they will try to say and do anything to destroy your #Pride.,When people fear you they will try to say and do anything to destroy your #Pride.,people fear try say anything destroy pride,When people fear you they will try to say and do anything to destroy your #Pride.,destroy,"|Elsmere| Wilmington, DE.",Not disaster-related,1.0,0.8016199469566345,0.1816072165966034,0.01677287183701992,Negative,-0.7848470751196146,0.8016199469566345
778248534,6.29351E+17,Flood: Two people dead 60 houses destroyed in Kaduna: Two people have been reportedly killed and 60 houses ut... http://t.co/BDsgF1CfaX,Flood: Two people dead 60 houses destroyed in Kaduna: Two people have been reportedly killed and 60 houses ut... http://t.co/BDsgF1CfaX,flood two people dead NUMBER house destroyed kaduna two people reportedly killed NUMBER house ut URL,Flood: Two people dead 60 houses destroyed in Kaduna: Two people have been reportedly killed and 60 houses ut... http,destroyed,"Surulere Lagos,Home Of Swagg",Disaster-related,1.0,0.86097651720047,0.13351653516292572,0.005506949964910746,Negative,-0.8554695672355592,0.86097651720047
778248548,6.2935E+17,HitchBot travels Europe and greeted with open arms. Gets destroyed after two weeks in america. There's a lesson to be learned here.,HitchBot travels Europe and greeted with open arms. Gets destroyed after two weeks in america. There's a lesson to be learned here.,hitchbot travel europe greeted open arm get destroyed two week america lesson learned,HitchBot travels Europe and greeted with open arms. Gets destroyed after two weeks in america. There's a lesson to be learned here.,destroyed,Virginia,Not disaster-related,0.6024,0.7729972004890442,0.19626693427562714,0.030735880136489868,Negative,-0.7422613203525543,0.7729972004890442
778248554,6.29352E+17,@DavidVitter Hi David in 2003 I saw the USA walk into a war that destroyed the lives of millions. You can prevent a repeat. #IranDeal,@DavidVitter Hi David in 2003 I saw the USA walk into a war that destroyed the lives of millions. You can prevent a repeat. #IranDeal,USER hi david NUMBER saw usa walk war destroyed life million prevent repeat irandeal,@user Hi David in 2003 I saw the USA walk into a war that destroyed the lives of millions. You can prevent a repeat. #IranDeal,destroyed,Unknown,Disaster-related,1.0,0.8686287999153137,0.12373267114162445,0.007638555485755205,Negative,-0.8609902444295585,0.8686287999153137
778248558,6.29354E+17,#hot#teen#nsfw#porn#milf: Oiled Up Ass Hole Is Destroyed With King Size Cock Closeup Sex Clip http://t.co/faoGxkwdpG,#hot#teen#nsfw#porn#milf: Oiled Up Ass Hole Is Destroyed With King Size Cock Closeup Sex Clip http://t.co/faoGxkwdpG,hot teen nsfw porn milf oiled as hole destroyed king size cock closeup sex clip URL,#hot#teen#nsfw#porn#milf: Oiled Up Ass Hole Is Destroyed With King Size Cock Closeup Sex Clip http,destroyed,Unknown,Not disaster-related,0.8,0.4619813859462738,0.5019252896308899,0.03609336540102959,Neutral,-0.4258880205452442,0.5019252896308899
778248560,6.29355E+17,Why does it say Silas sliced in that headlinelike someone chopped him up like a piece of cabbage????????????????????????  #GH,Why does it say Silas sliced in that headlinelike someone chopped him up like a piece of cabbage???????????????????????? #GH,say silas sliced headlinelike someone chopped like piece cabbage gh,Why does it say Silas sliced in that headlinelike someone chopped him up like a piece of cabbage???????????????????????? #GH,destroyed,"Illinois, USA",Not disaster-related,0.6012,0.88555908203125,0.1093035638332367,0.005137373227626085,Negative,-0.8804217088036239,0.88555908203125
778248567,6.29348E+17,"How can we help save a beautiful town in Ontario from destruction by a power plant developer?
http://t.co/hlD5xLYwBn",How can we help save a beautiful town in Ontario from destruction by a power plant developer? http://t.co/hlD5xLYwBn,help save beautiful town ontario destruction power plant developer URL,How can we help save a beautiful town in Ontario from destruction by a power plant developer? http,destruction,All Around the World,Not disaster-related,0.5988,0.37940505146980286,0.5541700720787048,0.0664249137043953,Neutral,-0.31298013776540756,0.5541700720787048
778248574,6.2935E+17,@AirportWatch  Do we need more motorways 2reduce fumes on our present ones. -forget the extra noise &amp; destruction!- https://t.co/USQZ0OTfNe,@AirportWatch Do we need more motorways 2reduce fumes on our present ones. -forget the extra noise & destruction!- https://t.co/USQZ0OTfNe,USER need motorway fume present one extra noise destruction URL,@user Do we need more motorways 2reduce fumes on our present ones. -forget the extra noise & destruction!- http,destruction,"Hounslow, London",Not disaster-related,1.0,0.6906258463859558,0.2856219410896301,0.023752208799123764,Negative,-0.666873637586832,0.6906258463859558
778248576,6.29353E+17,There's a #fly loose in my workspace with two #bored #cats. I forsee terrible things.  #destruction #badkitty #thisiswhywecanthavenicethings,There's a #fly loose in my workspace with two #bored #cats. I forsee terrible things. #destruction #badkitty #thisiswhywecanthavenicethings,fly loose workspace two bored cat forsee terrible thing destruction badkitty thisiswhywecanthavenicethings,There's a #fly loose in my workspace with two #bored #cats. I forsee terrible things. #destruction #badkitty #thisiswhywecanthavenicethings,destruction,"Hickville, USA",Not disaster-related,1.0,0.9309087991714478,0.061897534877061844,0.007193697150796652,Negative,-0.9237151020206511,0.9309087991714478
778248599,6.29347E+17,When life is cheap evil abounds and @PPact @HillaryClinton profit from its destruction.#DefundPP http://t.co/H5rzmAy8lP,When life is cheap evil abounds and @PPact @HillaryClinton profit from its destruction.#DefundPP http://t.co/H5rzmAy8lP,life cheap evil abounds USER USER profit defundpp URL,When life is cheap evil abounds and @user @user profit from its destruction.#DefundPP http,destruction,Unknown,Not disaster-related,1.0,0.926916778087616,0.0674288421869278,0.0056543657556176186,Negative,-0.9212624123319983,0.926916778087616
778248608,6.29352E+17,New RAN report from the frontlines of human rights abuses and forest destruction for fashion.: http://t.co/5xyE2Rkuri,New RAN report from the frontlines of human rights abuses and forest destruction for fashion.: http://t.co/5xyE2Rkuri,new ran report frontlines human right abuse forest destruction fashion URL,New RAN report from the frontlines of human rights abuses and forest destruction for fashion.: http,destruction,Unknown,Disaster-related,1.0,0.7212983965873718,0.27085986733436584,0.007841743528842926,Negative,-0.7134566530585289,0.7212983965873718
778248620,6.29085E+17,Apollo Brown - Detonate (ft. M.O.P.) http://t.co/4BcQZqJRzn,Apollo Brown - Detonate (ft. M.O.P.) http://t.co/4BcQZqJRzn,apollo brown detonate ft URL,Apollo Brown - Detonate (ft. M.O.P.) http,detonate,Paname City,Not disaster-related,1.0,0.011610171757638454,0.9360405206680298,0.0523492656648159,Neutral,0.04073909390717745,0.9360405206680298
778248623,6.29102E+17,@spinningbot Are you another Stand-user? If you are I will have to detonate you with my Killer Queen.,@spinningbot Are you another Stand-user? If you are I will have to detonate you with my Killer Queen.,USER another detonate killer queen,@user Are you another Stand-user? If you are I will have to detonate you with my Killer Queen.,detonate,"Morioh, Japan",Not disaster-related,1.0,0.7631732225418091,0.20767167210578918,0.029155045747756958,Negative,-0.7340181767940521,0.7631732225418091
778248628,6.29097E+17,Best Moments of Jon Stewart on the Daily Show http://t.co/EOPbXWoZbm,Best Moments of Jon Stewart on the Daily Show http://t.co/EOPbXWoZbm,best moment jon stewart daily show URL,Best Moments of Jon Stewart on the Daily Show http,detonate,Texas Hill Country,Not disaster-related,1.0,0.0022728629410266876,0.09711305797100067,0.9006140828132629,Positive,0.8983412198722363,0.9006140828132629
778248632,6.29084E+17,Apollo Brown - 'Detonate' f. M.O.P. | http://t.co/H1xiGcEn7F,Apollo Brown - 'Detonate' f. M.O.P. | http://t.co/H1xiGcEn7F,apollo brown URL,Apollo Brown - 'Detonate' f. M.O.P. | http,detonate,"Brasil,SP",Not disaster-related,1.0,0.010190068744122982,0.9530577063560486,0.036752160638570786,Neutral,0.026562091894447803,0.9530577063560486
778248639,6.29075E+17,.@no_periferico Apollo Brown - 'Detonate' f. M.O.P. http://t.co/m7na4sKfWR #ORapInforma,.@no_periferico Apollo Brown - 'Detonate' f. M.O.P. http://t.co/m7na4sKfWR #ORapInforma,USER apollo brown URL orapinforma,.@user Apollo Brown - 'Detonate' f. M.O.P. http #ORapInforma,detonate,Brasil,Not disaster-related,0.7982,0.006680303253233433,0.9397784471511841,0.05354133993387222,Neutral,0.04686103668063879,0.9397784471511841
778248644,6.2907E+17,Apollo Brown ÛÒ Detonate f. M.O.P. http://t.co/Jn8S0DrWbP #HHBU,Apollo Brown ÛÒ Detonate f. M.O.P. http://t.co/Jn8S0DrWbP #HHBU,apollo brown ûò detonate URL hhbu,Apollo Brown ÛÒ Detonate f. M.O.P. http #HHBU,detonate,Unknown,Not disaster-related,1.0,0.014373314566910267,0.9388529658317566,0.04677366092801094,Neutral,0.032400346361100674,0.9388529658317566
778248650,6.29056E+17,"Detonate (feat. M?.?O?.?P?.?)
from Grandeur by Apollo Brown http://t.co/GFDhFMPCEl",Detonate (feat. M?.?O?.?P?.?) from Grandeur by Apollo Brown http://t.co/GFDhFMPCEl,detonate feat p grandeur apollo brown URL,Detonate (feat. M?.?O?.?P?.?) from Grandeur by Apollo Brown http,detonate,back in japan ??????????,Not disaster-related,0.8296,0.005995369981974363,0.9025360941886902,0.09146852791309357,Neutral,0.0854731579311192,0.9025360941886902
778248660,6.29054E+17,@someone92883220 they had to detonate it to determine it was a hoax device. Didn't feel comfortable just opening it.,@someone92883220 they had to detonate it to determine it was a hoax device. Didn't feel comfortable just opening it.,USER detonate determine hoax device feel comfortable opening,@user they had to detonate it to determine it was a hoax device. Didn't feel comfortable just opening it.,detonate,"Nashville, TN",Not disaster-related,0.8332,0.9128887057304382,0.08131178468465805,0.005799508653581142,Negative,-0.9070891970768571,0.9128887057304382
778248668,6.2905E+17,Ignition Knock (Detonation) Sensor-Senso Standard KS57 http://t.co/bzZdeDcthL http://t.co/OQJNUyIBxM,Ignition Knock (Detonation) Sensor-Senso Standard KS57 http://t.co/bzZdeDcthL http://t.co/OQJNUyIBxM,ignition knock detonation standard URL URL,Ignition Knock (Detonation) Sensor-Senso Standard KS57 http http,detonation,Unknown,Not disaster-related,0.5981,0.02271050587296486,0.9367983937263489,0.04049110412597656,Neutral,0.017780598253011703,0.9367983937263489
778248678,6.28876E+17,Ignition Knock (Detonation) Sensor-Senso Standard KS94 http://t.co/dY1erSDcRh http://t.co/m4cPmxmuRK,Ignition Knock (Detonation) Sensor-Senso Standard KS94 http://t.co/dY1erSDcRh http://t.co/m4cPmxmuRK,ignition knock detonation standard URL URL,Ignition Knock (Detonation) Sensor-Senso Standard KS94 http http,detonation,Unknown,Disaster-related,0.5993,0.02070312760770321,0.9361036419868469,0.043193280696868896,Neutral,0.022490153089165688,0.9361036419868469
778248685,6.29071E+17,Detonation into the realistic assets entering india: koZ http://t.co/9ZRQMd8nGZ,Detonation into the realistic assets entering india: koZ http://t.co/9ZRQMd8nGZ,detonation realistic asset entering india koz URL,Detonation into the realistic assets entering india: koZ http,detonation,Unknown,Not disaster-related,0.8,0.019436679780483246,0.920001208782196,0.06056208536028862,Neutral,0.041125405579805374,0.920001208782196
778248705,6.29049E+17,Ignition Knock (Detonation) Sensor-Senso Standard fits 02-06 Acura RSX 2.0L-L4 http://t.co/VZaIQAMDCp http://t.co/ycecN44c8P,Ignition Knock (Detonation) Sensor-Senso Standard fits 02-06 Acura RSX 2.0L-L4 http://t.co/VZaIQAMDCp http://t.co/ycecN44c8P,ignition knock detonation standard fit NUMBER NUMBER acura rsx NUMBER URL URL,Ignition Knock (Detonation) Sensor-Senso Standard fits 02-06 Acura RSX 2.0L-L4 http http,detonation,Unknown,Not disaster-related,1.0,0.027027258649468422,0.9291219115257263,0.04385089501738548,Neutral,0.01682363636791706,0.9291219115257263
778248717,6.29347E+17,Man Currensy really be talkin that talk... I'd be more devastated if he had a ghostwriter than anybody else....,Man Currensy really be talkin that talk... I'd be more devastated if he had a ghostwriter than anybody else....,man currensy really talkin talk devastated ghostwriter anybody else,Man Currensy really be talkin that talk... I'd be more devastated if he had a ghostwriter than anybody else....,devastated,PG Chillin!,Disaster-related,0.6027,0.899647057056427,0.09276150912046432,0.0075914375483989716,Negative,-0.892055619508028,0.899647057056427
778248723,6.2936E+17,Obama declares disaster for typhoon-devastated Saipan: President Barack Obama has declared the Commonwealth of... http://t.co/4k8OLZv9bV,Obama declares disaster for typhoon-devastated Saipan: President Barack Obama has declared the Commonwealth of... http://t.co/4k8OLZv9bV,obama declares disaster saipan president barack obama declared commonwealth URL,Obama declares disaster for typhoon-devastated Saipan: President Barack Obama has declared the Commonwealth of... http,devastated,Unknown,Disaster-related,1.0,0.492887943983078,0.4845961332321167,0.022515907883644104,Negative,-0.4703720360994339,0.492887943983078
778248729,6.29353E+17,@yeetrpan I asked if they were hiring and they said not you I was devastated.,@yeetrpan I asked if they were hiring and they said not you I was devastated.,USER asked hiring said devastated,@user I asked if they were hiring and they said not you I was devastated.,devastated,astral plane,Not disaster-related,1.0,0.863186240196228,0.12723582983016968,0.00957788247615099,Negative,-0.853608357720077,0.863186240196228
778248737,6.29351E+17,Obama Declares Disaster for Typhoon-Devastated Saipan: Obama signs disaster declaration for Northern Marians a... http://t.co/9i6CrCRq2m,Obama Declares Disaster for Typhoon-Devastated Saipan: Obama signs disaster declaration for Northern Marians a... http://t.co/9i6CrCRq2m,obama declares disaster saipan obama sign disaster declaration northern marians URL,Obama Declares Disaster for Typhoon-Devastated Saipan: Obama signs disaster declaration for Northern Marians a... http,devastated,Unknown,Disaster-related,1.0,0.4805458188056946,0.5003557205200195,0.019098473712801933,Neutral,-0.46144734509289265,0.5003557205200195
778248739,6.29361E+17,DEVASTATED ISNT THE WORD ROSS OUT OF ALL PEOPLE #Emmerdale #SummerFate,DEVASTATED ISNT THE WORD ROSS OUT OF ALL PEOPLE #Emmerdale #SummerFate,devastated isnt word ross people emmerdale summerfate,DEVASTATED ISNT THE WORD ROSS OUT OF ALL PEOPLE #Emmerdale #SummerFate,devastated,Bournemouth,Not disaster-related,1.0,0.7678701281547546,0.21420516073703766,0.017924753949046135,Negative,-0.7499453742057085,0.7678701281547546
778248752,6.29353E+17,'Er indoors will be devastated. RIP Arfur. #GeorgeCole,'Er indoors will be devastated. RIP Arfur. #GeorgeCole,indoors devastated rip arfur georgecole,'Er indoors will be devastated. RIP Arfur. #GeorgeCole,devastated,Banbridge,Disaster-related,0.6036,0.7803791165351868,0.19917309284210205,0.020447785034775734,Negative,-0.759931331500411,0.7803791165351868
778248759,6.29349E+17,Devastated. Already missing my @coleenlisa.  https://t.co/3p6Xakt7rh,Devastated. Already missing my @coleenlisa. https://t.co/3p6Xakt7rh,devastated already missing USER URL,Devastated. Already missing my @user. http,devastated,"Toronto, Ontario",Not disaster-related,0.803,0.9017153382301331,0.08151216804981232,0.01677251048386097,Negative,-0.8849428277462721,0.9017153382301331
778248764,6.29352E+17,Obama Declares Disaster for Typhoon-Devastated Saipan: Obama signs disaster declaration for Northern Marians a... http://t.co/XDt4VHFn7B,Obama Declares Disaster for Typhoon-Devastated Saipan: Obama signs disaster declaration for Northern Marians a... http://t.co/XDt4VHFn7B,obama declares disaster saipan obama sign disaster declaration northern marians URL,Obama Declares Disaster for Typhoon-Devastated Saipan: Obama signs disaster declaration for Northern Marians a... http,devastated,ACCRA GHANA,Disaster-related,1.0,0.4805458188056946,0.5003557205200195,0.019098473712801933,Neutral,-0.46144734509289265,0.5003557205200195
778248774,6.293E+17,@cllrraymogford Indeed Ray devastation would be far more comprehensive #Hiroshima,@cllrraymogford Indeed Ray devastation would be far more comprehensive #Hiroshima,USER indeed ray devastation would far comprehensive hiroshima,@user Indeed Ray devastation would be far more comprehensive #Hiroshima,devastation,"Newport, Wales, UK",Disaster-related,0.6005,0.30006909370422363,0.5492986440658569,0.15063217282295227,Neutral,-0.14943692088127136,0.5492986440658569
778248777,6.29312E+17,70 Years After Atomic Bombs Japan Still Struggles With War Past: The anniversary of the devastation wrought b... http://t.co/aG65u29SGo,70 Years After Atomic Bombs Japan Still Struggles With War Past: The anniversary of the devastation wrought b... http://t.co/aG65u29SGo,NUMBER year atomic bomb japan still struggle war past anniversary devastation wrought b URL,70 Years After Atomic Bombs Japan Still Struggles With War Past: The anniversary of the devastation wrought b... http,devastation,United States,Disaster-related,1.0,0.7827607989311218,0.2093815803527832,0.007857630029320717,Negative,-0.7749031689018011,0.7827607989311218
778248784,6.29307E+17,70 Years After Atomic Bombs Japan Still Struggles With War Past http://t.co/5wfXbAQMBK The anniversary of the devastation wrought by theÛ_,70 Years After Atomic Bombs Japan Still Struggles With War Past http://t.co/5wfXbAQMBK The anniversary of the devastation wrought by the Û_,NUMBER year atomic bomb japan still struggle war past URL anniversary devastation wrought,70 Years After Atomic Bombs Japan Still Struggles With War Past http The anniversary of the devastation wrought by the Û_,devastation,"Washington, DC",Disaster-related,1.0,0.8423632383346558,0.15035250782966614,0.007284236140549183,Negative,-0.8350790021941066,0.8423632383346558
778248788,6.29289E+17,My father walked through the devastation the day after and refuses to speak about it to this day https://t.co/oFu6DANJZC,My father walked through the devastation the day after and refuses to speak about it to this day https://t.co/oFu6DANJZC,father walked devastation day refuse speak day URL,My father walked through the devastation the day after and refuses to speak about it to this day http,devastation,"los angeles, ca",Disaster-related,1.0,0.8737097382545471,0.12013405561447144,0.006156168412417173,Negative,-0.86755356984213,0.8737097382545471
778248791,6.29297E+17,ÛÏEven in the midst of devastation something within us always points the way to freedom.Û,ÛÏEven in the midst of devastation something within us always points the way to freedom. Û,ûïeven midst devastation something within u always point way freedom û,ÛÏEven in the midst of devastation something within us always points the way to freedom. Û,devastation,United States,Disaster-related,0.599,0.028298113495111465,0.5721980929374695,0.3995038866996765,Neutral,0.37120577320456505,0.5721980929374695
778248796,6.29347E+17,#Thorium Radioactive Weapons. Scandals murders and environmental devastation: - VIDEO http://t.co/mly7sDN6eV,#Thorium Radioactive Weapons. Scandals murders and environmental devastation: - VIDEO http://t.co/mly7sDN6eV,thorium radioactive weapon scandal murder environmental devastation video URL,#Thorium Radioactive Weapons. Scandals murders and environmental devastation: - VIDEO http,devastation,ITALY,Disaster-related,0.8291,0.8780157566070557,0.1156499907374382,0.006334253121167421,Negative,-0.8716815034858882,0.8780157566070557
778248798,6.29289E+17,we hid the devastation of what atom caused by not making it mandatory for film of its human suffering be shown &amp; preserved.,we hid the devastation of what atom caused by not making it mandatory for film of its human suffering be shown & preserved.,hid devastation atom caused making mandatory film human suffering shown preserved,we hid the devastation of what atom caused by not making it mandatory for film of its human suffering be shown & preserved.,devastation,"Fort Worth, TX",Disaster-related,0.6078,0.8422837853431702,0.15190190076828003,0.005814338102936745,Negative,-0.8364694472402334,0.8422837853431702
778248799,6.29312E+17,70 Years After Atomic Bombs Japan Still Struggles With War Past: The anniversary of the devastation wrought b... http://t.co/o6AA0nWLha,70 Years After Atomic Bombs Japan Still Struggles With War Past: The anniversary of the devastation wrought b... http://t.co/o6AA0nWLha,NUMBER year atomic bomb japan still struggle war past anniversary devastation wrought b URL,70 Years After Atomic Bombs Japan Still Struggles With War Past: The anniversary of the devastation wrought b... http,devastation,Unknown,Disaster-related,1.0,0.7827607989311218,0.2093815803527832,0.007857630029320717,Negative,-0.7749031689018011,0.7827607989311218
778248807,6.29306E+17,$10M SETTLEMENT attained using our illustrations to help jurors understand the true devastation of internal injuries: http://t.co/2BaXg1WdPP,$10M SETTLEMENT attained using our illustrations to help jurors understand the true devastation of internal injuries: http://t.co/2BaXg1WdPP,settlement attained using illustration help juror understand true devastation internal injury URL,$10M SETTLEMENT attained using our illustrations to help jurors understand the true devastation of internal injuries: http,devastation,"Denver, CO",Disaster-related,0.6013,0.15343938767910004,0.762352705001831,0.08420800417661667,Neutral,-0.06923138350248337,0.762352705001831
778248816,6.29088E+17,IRIN Asia | Red tape tangles Nepal reconstruction | Nepal | Disaster Risk Reduction | Natural Disasters http://t.co/q7LG6ncf7G,IRIN Asia | Red tape tangles Nepal reconstruction | Nepal | Disaster Risk Reduction | Natural Disasters http://t.co/q7LG6ncf7G,irin asia red tape tangle nepal reconstruction nepal disaster risk reduction natural disaster URL,IRIN Asia | Red tape tangles Nepal reconstruction | Nepal | Disaster Risk Reduction | Natural Disasters http,disaster,Ottawa,Disaster-related,1.0,0.2576981484889984,0.7158060073852539,0.026495862752199173,Neutral,-0.23120228573679924,0.7158060073852539
778248817,6.29095E+17,More Natural Disaster Research Urgent http://t.co/5Cm0LfZhxn via #JakartaPost,More Natural Disaster Research Urgent http://t.co/5Cm0LfZhxn via #JakartaPost,natural disaster research urgent URL via jakartapost,More Natural Disaster Research Urgent http via #JakartaPost,disaster,"USA, Haiti, Nepal",Disaster-related,0.5952,0.06549407541751862,0.9099658131599426,0.024540113285183907,Neutral,-0.04095396213233471,0.9099658131599426
778248818,6.29088E+17,@quinhii I'm the one who started it so I feel like I have so much responsibility bUT NO ONE DOES ANYTHING OTL (a 'national' disaster lol),@quinhii I'm the one who started it so I feel like I have so much responsibility bUT NO ONE DOES ANYTHING OTL (a 'national' disaster lol),USER one started feel like much responsibility one anything otl disaster lol,@user I'm the one who started it so I feel like I have so much responsibility bUT NO ONE DOES ANYTHING OTL (a 'national' disaster lol),disaster,crying,Not disaster-related,1.0,0.846958339214325,0.13229939341545105,0.020742282271385193,Negative,-0.8262160569429398,0.846958339214325
778248821,6.2909E+17,Time to End the Disaster of Rail Privatisation http://t.co/ksxznPY5gt,Time to End the Disaster of Rail Privatisation http://t.co/ksxznPY5gt,time end disaster rail privatisation URL,Time to End the Disaster of Rail Privatisation http,disaster,"UiTM, Shah Alam",Not disaster-related,0.8042,0.569203794002533,0.4004983901977539,0.030297793447971344,Negative,-0.5389060005545616,0.569203794002533
778248845,6.29093E+17,@Hollyorange8 my day has been a disaster of emotions,@Hollyorange8 my day has been a disaster of emotions,USER day disaster emotion,@user my day has been a disaster of emotions,disaster,In Your Notifications,Not disaster-related,1.0,0.8666059970855713,0.11879783123731613,0.014596241526305676,Negative,-0.8520097555592656,0.8666059970855713
778248860,6.29093E+17,DISASTER AVERTED: Police kill gunman with Û÷hoax deviceÛª atåÊcinema http://t.co/5NG0FzpVdS,DISASTER AVERTED: Police kill gunman with Û÷hoax device Ûª atåÊcinema http://t.co/5NG0FzpVdS,disaster averted police kill gunman device ûª atåêcinema URL,DISASTER AVERTED: Police kill gunman with Û÷hoax device Ûª atåÊcinema http,disaster,USA,Not disaster-related,0.6004,0.6459049582481384,0.3454122543334961,0.00868271104991436,Negative,-0.6372222471982241,0.6459049582481384
778248863,6.29088E+17,Teen Disaster Preparedness Event in Van Nuys August 11 @ 5:30pm http://t.co/fXUX987vZx via @VanNuysCouncil,Teen Disaster Preparedness Event in Van Nuys August 11 @ 5:30pm http://t.co/fXUX987vZx via @VanNuysCouncil,teen disaster preparedness event van nuys august NUMBER NUMBER URL via USER,Teen Disaster Preparedness Event in Van Nuys August 11 @ 5:30pm http via @user,disaster,"Los Angeles, California",Not disaster-related,0.5916,0.007779429201036692,0.938988447189331,0.05323217809200287,Neutral,0.04545274889096618,0.938988447189331
778248866,6.29073E+17,#Myanmar  Displaced #Rohingya at #Sittwe point of no return http://t.co/cgf61fPmR0  #Prison like conditions #genocide IHHen MSF Refugees,#Myanmar Displaced #Rohingya at #Sittwe point of no return http://t.co/cgf61fPmR0 #Prison like conditions #genocide IHHen MSF Refugees,myanmar displaced rohingya sittwe point return URL prison like condition genocide ihhen msf refugee,#Myanmar Displaced #Rohingya at #Sittwe point of no return http #Prison like conditions #genocide IHHen MSF Refugees,displaced,Pedophile hunting ground,Disaster-related,0.5995,0.8992786407470703,0.09645066410303116,0.004270772449672222,Negative,-0.8950078682973981,0.8992786407470703
778248886,6.29053E+17,Oof. Vikings took an island off the mainland. The noble house who ruled there got displaced... into my county. Welcome new vassals!,Oof. Vikings took an island off the mainland. The noble house who ruled there got displaced... into my county. Welcome new vassals!,oof viking took island mainland noble house ruled got displaced county welcome new vassal,Oof. Vikings took an island off the mainland. The noble house who ruled there got displaced... into my county. Welcome new vassals!,displaced,"Nottingham, England",Not disaster-related,0.6,0.4843257963657379,0.4258468449115753,0.08982732892036438,Negative,-0.39449846744537354,0.4843257963657379
778248911,6.2908E+17,Real people. True stories. Real pain &amp; suffering. #displaced #RefugeesMatter #Syria  https://t.co/OEZ7O9AB2C,Real people. True stories. Real pain & suffering. #displaced #RefugeesMatter #Syria https://t.co/OEZ7O9AB2C,real people true story real pain suffering displaced refugeesmatter syria URL,Real people. True stories. Real pain & suffering. #displaced #RefugeesMatter #Syria http,displaced,Canada,Disaster-related,0.6032,0.6020886301994324,0.37292972207069397,0.02498161979019642,Negative,-0.577107010409236,0.6020886301994324
778248916,6.29353E+17,U.S. in record hurricane drought http://t.co/NratKzyU5E #JustBitching http://t.co/JATvPAT0MO,U.S. in record hurricane drought http://t.co/NratKzyU5E #JustBitching http://t.co/JATvPAT0MO,record hurricane drought URL justbitching URL,U.S. in record hurricane drought http #JustBitching http,drought,Unknown,Disaster-related,0.8012,0.407126247882843,0.5643954277038574,0.028478344902396202,Neutral,-0.3786479029804468,0.5643954277038574
778248922,6.29352E+17,http://t.co/vYmnRnSThG: U.S. in record hurricane drought http://t.co/1mvSQG0XKE,http://t.co/vYmnRnSThG: U.S. in record hurricane drought http://t.co/1mvSQG0XKE,URL record hurricane drought URL,http U.S. in record hurricane drought http,drought,Unknown,Disaster-related,1.0,0.46694549918174744,0.5040569305419922,0.028997551649808884,Neutral,-0.43794794753193855,0.5040569305419922
778248923,6.29354E+17,The Best Drought-Tolerant Perennials http://t.co/AdZONC7Olv http://t.co/ih9iTMhFjZ,The Best Drought-Tolerant Perennials http://t.co/AdZONC7Olv http://t.co/ih9iTMhFjZ,best perennial URL URL,The Best Drought-Tolerant Perennials http http,drought,"Cary, North Carolina",Not disaster-related,0.7994,0.002834700746461749,0.05440091714262962,0.9427643418312073,Positive,0.9399296410847455,0.9427643418312073
778248927,6.29357E+17,@MarcVegan @NonDairyKerry true. Also takes 16000 gal water to produce 1 lb hamburger. Drought in Midwest will be chaos,@MarcVegan @NonDairyKerry true. Also takes 16000 gal water to produce 1 lb hamburger. Drought in Midwest will be chaos,USER USER true also take NUMBER gal water produce NUMBER lb hamburger drought midwest chaos,@user @user true. Also takes 16000 gal water to produce 1 lb hamburger. Drought in Midwest will be chaos,drought,arizona,Disaster-related,0.5013,0.7928569316864014,0.18684399127960205,0.02029908075928688,Negative,-0.7725578509271145,0.7928569316864014
778248944,6.29355E+17,Pizza drought is over I just couldn't anymore...,Pizza drought is over I just couldn't anymore...,pizza drought could anymore,Pizza drought is over I just couldn't anymore...,drought,Meereen,Not disaster-related,1.0,0.7666116952896118,0.18877947330474854,0.04460883513092995,Negative,-0.7220028601586819,0.7666116952896118
778248955,6.29356E+17,California meets drought-fueled fire season with extra crews.. Related Articles: http://t.co/rKDzB0TGC3,California meets drought-fueled fire season with extra crews.. Related Articles: http://t.co/rKDzB0TGC3,california meet fire season extra crew related article URL,California meets drought-fueled fire season with extra crews.. Related Articles: http,drought,Philadelphia,Disaster-related,0.8021,0.07077009230852127,0.9085911512374878,0.02063871920108795,Neutral,-0.05013137310743332,0.9085911512374878
778248972,6.29123E+17,i cant breathe and i feel my throat closing up i want to die let me drown in my own tears please,i cant breathe and i feel my throat closing up i want to die let me drown in my own tears please,cant breathe feel throat closing want die let drown tear please,i cant breathe and i feel my throat closing up i want to die let me drown in my own tears please,drown,land-where-everything-sucks,Not disaster-related,1.0,0.924405574798584,0.06665324419736862,0.008941169828176498,Negative,-0.9154644049704075,0.924405574798584
778248974,6.29125E+17,When you lowkey already know you're gonna drown in school this year :) http://t.co/aCMrm833zq,When you lowkey already know you're gonna drown in school this year :) http://t.co/aCMrm833zq,lowkey already know gon na drown school year URL,When you lowkey already know you're gonna drown in school this year :) http,drown,Unknown,Not disaster-related,0.8332,0.5842463970184326,0.28613361716270447,0.12961995601654053,Negative,-0.4546264410018921,0.5842463970184326
778248976,6.29126E+17,Throw that water at me until I drown and my last words are choke me http://t.co/tUBE4NBqNz,Throw that water at me until I drown and my last words are choke me http://t.co/tUBE4NBqNz,throw water drown last word choke URL,Throw that water at me until I drown and my last words are choke me http,drown,@notoriousD12,Not disaster-related,1.0,0.8277485966682434,0.14433065056800842,0.027920734137296677,Negative,-0.7998278625309467,0.8277485966682434
778248977,6.29126E+17,Just down drown me k I can't swim https://t.co/sJoEing76t,Just down drown me k I can't swim https://t.co/sJoEing76t,drown k ca swim URL,Just down drown me k I can't swim http,drown,new york,Not disaster-related,1.0,0.8948158621788025,0.09711777418851852,0.00806628167629242,Negative,-0.8867495805025101,0.8948158621788025
778248992,6.29127E+17,My parents don't believe in the dream. Sad.,My parents don't believe in the dream. Sad.,parent believe dream sad,My parents don't believe in the dream. Sad.,drown,Where the money at,Not disaster-related,1.0,0.9012476205825806,0.09009435772895813,0.008658005855977535,Negative,-0.892589614726603,0.9012476205825806
778249003,6.29124E+17,I'll let Louis drown me at the water wall by the mall If that makes him smile,I'll let Louis drown me at the water wall by the mall If that makes him smile,let louis drown water wall mall make smile,I'll let Louis drown me at the water wall by the mall If that makes him smile,drown,3-Jan,Not disaster-related,1.0,0.03275364637374878,0.4124646782875061,0.5547816157341003,Positive,0.5220279693603516,0.5547816157341003
778249006,6.29125E+17,Drown by Bring Me the Horizon (at Information Resources Centre (UTP)) ÛÓ https://t.co/7vSqQSvGNI,Drown by Bring Me the Horizon (at Information Resources Centre (UTP)) ÛÓ https://t.co/7vSqQSvGNI,drown bring horizon information resource centre utp ûó URL,Drown by Bring Me the Horizon (at Information Resources Centre (UTP)) ÛÓ http,drown,"Layang-Layang, Perak",Not disaster-related,0.7994,0.005562487989664078,0.9386359453201294,0.05580165237188339,Neutral,0.050239164382219315,0.9386359453201294
778249016,6.29098E+17,Clev: Me? | You. Clev: Indeed. | Do you know what happened to ben? Clev: He drowned. | How. Clev: By his father. @cleverbot,Clev: Me? | You. Clev: Indeed. | Do you know what happened to ben? Clev: He drowned. | How. Clev: By his father. @cleverbot,clev clev indeed know happened ben clev drowned clev father USER,Clev: Me? | You. Clev: Indeed. | Do you know what happened to ben? Clev: He drowned. | How. Clev: By his father. @user,drowned,Unknown,Not disaster-related,1.0,0.1133103296160698,0.8689569234848022,0.01773279346525669,Neutral,-0.0955775361508131,0.8689569234848022
778249036,6.29104E+17,pussy so deep I could've drowned twice,pussy so deep I could've drowned twice,pussy deep could drowned twice,pussy so deep I could've drowned twice,drowned,United States,Not disaster-related,0.7994,0.5706742405891418,0.28782936930656433,0.14149639010429382,Negative,-0.429177850484848,0.5706742405891418
778249042,6.29107E+17,Toddler drowned in bath after mum left room to fetch his pyjamas http://t.co/k9aSKtwXfL,Toddler drowned in bath after mum left room to fetch his pyjamas http://t.co/k9aSKtwXfL,toddler drowned bath mum left room fetch pyjama URL,Toddler drowned in bath after mum left room to fetch his pyjamas http,drowned,Unknown,Disaster-related,1.0,0.5710558891296387,0.4093545377254486,0.019589589908719063,Negative,-0.5514662992209196,0.5710558891296387
778249053,6.29089E+17,@BenWunsch I ALMOST DROWNED AT SEA,@BenWunsch I ALMOST DROWNED AT SEA,USER almost drowned sea,@user I ALMOST DROWNED AT SEA,drowned,Ex Astris Scientia. TSSADID.,Disaster-related,0.4024,0.07391687482595444,0.7399770021438599,0.18610616028308868,Neutral,0.11218928545713425,0.7399770021438599
778249056,6.29093E+17,Niggas favorite question is why you single ?? bitch I don't know pussy too wet almost drowned a nigga ??????????,Niggas favorite question is why you single ?? bitch I don't know pussy too wet almost drowned a nigga ??????????,nigga favorite question single bitch know pussy wet almost drowned nigga,Niggas favorite question is why you single ?? bitch I don't know pussy too wet almost drowned a nigga ??????????,drowned,"Richmond Heights, OH",Not disaster-related,1.0,0.9059783220291138,0.08641543984413147,0.0076062544248998165,Negative,-0.898372067604214,0.9059783220291138
778249066,6.29097E+17,Having such a hard time with everything im drowning literally,Having such a hard time with everything im drowning literally,hard time everything im drowning literally,Having such a hard time with everything im drowning literally,drowning,"Johnstown, NY",Disaster-related,0.8023,0.8925893902778625,0.0888030081987381,0.018607541918754578,Negative,-0.873981848359108,0.8925893902778625
778249070,6.29101E+17,LONDON IS DROWNING AND IIII LIVE BY THE RIVEEEEEER,LONDON IS DROWNING AND IIII LIVE BY THE RIVEEEEEER,london drowning iiii live riveeeeeer,LONDON IS DROWNING AND IIII LIVE BY THE RIVEEEEEER,drowning,Numa casa de old yellow bricks,Disaster-related,0.5952,0.022243430837988853,0.7786024212837219,0.19915413856506348,Neutral,0.17691070772707462,0.7786024212837219
778249083,6.29101E+17,@HeyImBeeYT its like theres fire in my skin and im drowning from within ????,@HeyImBeeYT its like theres fire in my skin and im drowning from within ????,USER like there fire skin im drowning within,@user its like theres fire in my skin and im drowning from within ????,drowning,Unknown,Disaster-related,0.5991,0.785885214805603,0.1940585821866989,0.020056232810020447,Negative,-0.7658289819955826,0.785885214805603
778249085,6.291E+17,don't you dare play the victim when I've been drowning for years.,don't you dare play the victim when I've been drowning for years.,dare play victim drowning year,don't you dare play the victim when I've been drowning for years.,drowning,scandinavia,Not disaster-related,1.0,0.908839225769043,0.08465893566608429,0.006501867435872555,Negative,-0.9023373583331704,0.908839225769043
778249090,6.29097E+17,@NigelTanner1 Believe it or not we've had too MUCH rain here. Our newly planted maple trees are actually drowning.,@NigelTanner1 Believe it or not we've had too MUCH rain here. Our newly planted maple trees are actually drowning.,USER believe much rain newly planted maple tree actually drowning,@user Believe it or not we've had too MUCH rain here. Our newly planted maple trees are actually drowning.,drowning,"Madison, WI",Disaster-related,0.8,0.8387654423713684,0.14432066679000854,0.016913902014493942,Negative,-0.8218515403568745,0.8387654423713684
778249092,6.291E+17,Louis in red jacket round 2 aka drowning in my tears,Louis in red jacket round 2 aka drowning in my tears,louis red jacket round NUMBER aka drowning tear,Louis in red jacket round 2 aka drowning in my tears,drowning,Unknown,Not disaster-related,1.0,0.12669730186462402,0.5308042168617249,0.3424984812736511,Neutral,0.2158011794090271,0.5308042168617249
778249100,6.291E+17,AND I'M DROWNING IN THE DÌäJÌÛ VUUUUU WE'VE SEEN IT ALL BEFOOOOOOOORE,AND I'M DROWNING IN THE DÌäJÌÛ VUUUUU WE'VE SEEN IT ALL BEFOOOOOOOORE,drowning dìäjìû vuuuuu seen befoooooooore,AND I'M DROWNING IN THE DÌäJÌÛ VUUUUU WE'VE SEEN IT ALL BEFOOOOOOOORE,drowning,130515 Û¢ Gallavich.,Not disaster-related,0.5988,0.0621509850025177,0.6501169800758362,0.28773200511932373,Neutral,0.22558102011680603,0.6501169800758362
778249107,6.29097E+17,Migrants drowning - we will be erecting monuments 100 years from now and shed tears for the most powerful nations' greed of letting them die,Migrants drowning - we will be erecting monuments 100 years from now and shed tears for the most powerful nations' greed of letting them die,migrant drowning erecting monument NUMBER year shed tear powerful nation greed letting die,Migrants drowning - we will be erecting monuments 100 years from now and shed tears for the most powerful nations' greed of letting them die,drowning,"Bangalore,India",Disaster-related,0.6004,0.8561156988143921,0.13203878700733185,0.011845443397760391,Negative,-0.8442702554166317,0.8561156988143921
778249109,6.29099E+17,Drowning in Actavis suicide,Drowning in Actavis suicide,drowning actavis suicide,Drowning in Actavis suicide,drowning,Pittsburgh,Not disaster-related,0.5974,0.5964668393135071,0.3772715926170349,0.02626154012978077,Negative,-0.5702052991837263,0.5964668393135071
778249112,6.29103E+17,@Homukami Only URs and SRs matter Rs you'll be drowning in. Tho you're already drowning in Ns lol.,@Homukami Only URs and SRs matter Rs you'll be drowning in. Tho you're already drowning in Ns lol.,USER ur sr matter r drowning tho already drowning n lol,@user Only URs and SRs matter Rs you'll be drowning in. Tho you're already drowning in Ns lol.,drowning,Unknown,Not disaster-related,1.0,0.47808071970939636,0.4607316851615906,0.061187587678432465,Negative,-0.4168931320309639,0.47808071970939636
778249116,6.28505E+17,Some poor sods arriving in Amman during yesterday's dust storm were diverted to Ben Gurion airport: http://t.co/jkpjpcH9i6,Some poor sods arriving in Amman during yesterday's dust storm were diverted to Ben Gurion airport: http://t.co/jkpjpcH9i6,poor sod arriving amman yesterday dust storm diverted ben gurion airport URL,Some poor sods arriving in Amman during yesterday's dust storm were diverted to Ben Gurion airport: http,dust storm,"Beirut, Lebanon",Disaster-related,1.0,0.7103115320205688,0.2823564410209656,0.007331975270062685,Negative,-0.7029795567505062,0.7103115320205688
778249124,6.28716E+17,How to Survive a Dust Storm http://t.co/0yL3yT4YLH,How to Survive a Dust Storm http://t.co/0yL3yT4YLH,survive dust storm URL,How to Survive a Dust Storm http,dust storm,Unknown,Disaster-related,0.8012,0.04855464771389961,0.7521028518676758,0.19934245944023132,Neutral,0.1507878117263317,0.7521028518676758
778249149,6.28896E+17,6 Things Getting Caught in a Dust Storm &amp; the Challenging Real Estate Market Have in Common (+ video): http://t.co/jf5Ft5cq9j,6 Things Getting Caught in a Dust Storm & the Challenging Real Estate Market Have in Common (+ video): http://t.co/jf5Ft5cq9j,NUMBER thing getting caught dust storm challenging real estate market common video URL,6 Things Getting Caught in a Dust Storm & the Challenging Real Estate Market Have in Common (+ video): http,dust storm,Near Yosemite,Not disaster-related,0.6018,0.1448039710521698,0.827686607837677,0.02750941924750805,Neutral,-0.11729455180466175,0.827686607837677
778249152,6.28988E+17,DUST IN THE WIND: @82ndABNDIV paratroopers move to a loading zone during a dust storm in support of Operation Fury: http://t.co/uGesKLCn8M,DUST IN THE WIND: @82ndABNDIV paratroopers move to a loading zone during a dust storm in support of Operation Fury: http://t.co/uGesKLCn8M,dust wind USER paratrooper move loading zone dust storm support operation fury URL,DUST IN THE WIND: @user paratroopers move to a loading zone during a dust storm in support of Operation Fury: http,dust storm,"Atlanta, GA",Disaster-related,1.0,0.025967052206397057,0.9187700748443604,0.05526285246014595,Neutral,0.029295800253748894,0.9187700748443604
778249154,6.28564E+17,New Mad Max Screenshots Show Off a Lovely Dust Storm Combat Magnum Opus http://t.co/VRpmplcZCY,New Mad Max Screenshots Show Off a Lovely Dust Storm Combat Magnum Opus http://t.co/VRpmplcZCY,new mad max screenshots show lovely dust storm combat magnum opus URL,New Mad Max Screenshots Show Off a Lovely Dust Storm Combat Magnum Opus http,dust storm,Worldwide,Not disaster-related,0.5956,0.005269108805805445,0.2953000068664551,0.6994309425354004,Positive,0.694161833729595,0.6994309425354004
778249155,6.28609E+17,@whatupdave Headline in 2075 'Dust Storm on Mars Destroys 1% of Money Supply',@whatupdave Headline in 2075 'Dust Storm on Mars Destroys 1% of Money Supply',USER headline NUMBER storm mar destroys NUMBER money supply,@user Headline in 2075 'Dust Storm on Mars Destroys 1% of Money Supply',dust storm,San Francisco,Not disaster-related,0.6224,0.36134612560272217,0.6066994667053223,0.03195443004369736,Neutral,-0.3293916955590248,0.6066994667053223
778249162,6.2866E+17,New Mad Max Screenshots Show Off a Lovely Dust Storm Combat Magnum Opus http://t.co/MUdgU1pUNS http://t.co/AQxwOLbCfq,New Mad Max Screenshots Show Off a Lovely Dust Storm Combat Magnum Opus http://t.co/MUdgU1pUNS http://t.co/AQxwOLbCfq,new mad max screenshots show lovely dust storm combat magnum opus URL URL,New Mad Max Screenshots Show Off a Lovely Dust Storm Combat Magnum Opus http http,dust storm,Dutch/English/German,Not disaster-related,0.8015,0.004097905475646257,0.2722720503807068,0.7236300110816956,Positive,0.7195321056060493,0.7236300110816956
778249186,6.2911E+17,#Children traumatised after the Nepal earthquake are educated on coping mechanisms.   http://t.co/UbwDBydK1a,#Children traumatised after the Nepal earthquake are educated on coping mechanisms. http://t.co/UbwDBydK1a,child traumatised nepal earthquake educated coping mechanism URL,#Children traumatised after the Nepal earthquake are educated on coping mechanisms. http,earthquake,"Sydney, New South Wales",Disaster-related,1.0,0.1805199384689331,0.7913064360618591,0.028173597529530525,Neutral,-0.15234634093940258,0.7913064360618591
778249189,6.29087E+17,ML 2.0 SICILY ITALY http://t.co/z6hxx6d2pm #euroquake,ML 2.0 SICILY ITALY http://t.co/z6hxx6d2pm #euroquake,ml NUMBER sicily italy URL euroquake,ML 2.0 SICILY ITALY http #euroquake,earthquake,"Barcelona, Spain",Not disaster-related,0.6024,0.06684692949056625,0.8625392913818359,0.07061382383108139,Neutral,0.0037668943405151367,0.8625392913818359
778249214,6.29095E+17,Scared to be living in Seattle when this predicted earthquake is going to destroy ????,Scared to be living in Seattle when this predicted earthquake is going to destroy ????,scared living seattle predicted earthquake going destroy,Scared to be living in Seattle when this predicted earthquake is going to destroy ????,earthquake,"Saline, MI",Disaster-related,0.8,0.8890061974525452,0.10184819996356964,0.009145673364400864,Negative,-0.8798605240881443,0.8890061974525452
778249219,6.28742E+17,Kids got Disney version of the game Operation only 2 AA batteries? I swear my old version had like 8 Ds and would nearly electrocute you.,Kids got Disney version of the game Operation only 2 AA batteries? I swear my old version had like 8 Ds and would nearly electrocute you.,kid got disney version game operation NUMBER aa battery swear old version like NUMBER d would nearly electrocute,Kids got Disney version of the game Operation only 2 AA batteries? I swear my old version had like 8 Ds and would nearly electrocute you.,electrocute,Unknown,Not disaster-related,0.6633,0.7582453489303589,0.21043944358825684,0.031315214931964874,Negative,-0.726930133998394,0.7582453489303589
778249221,6.2905E+17,Wish I didn't just electrocute myself 4 times in 30 seconds ??,Wish I didn't just electrocute myself 4 times in 30 seconds ??,wish electrocute NUMBER time NUMBER second,Wish I didn't just electrocute myself 4 times in 30 seconds ??,electrocute,Manchester,Not disaster-related,0.8291,0.8698899745941162,0.12108326703310013,0.009026797488331795,Negative,-0.8608631771057844,0.8698899745941162
778249224,6.28973E+17,Wtf Thomas Edison after making the lightbulb used to electrocute animals to make everyone think Teslas power was unsafe???? wank,Wtf Thomas Edison after making the lightbulb used to electrocute animals to make everyone think Teslas power was unsafe???? wank,wtf thomas edison making lightbulb used electrocute animal make everyone think tesla power unsafe wank,Wtf Thomas Edison after making the lightbulb used to electrocute animals to make everyone think Teslas power was unsafe???? wank,electrocute,"Dalkeith, Scotland",Not disaster-related,1.0,0.9197134375572205,0.07567714154720306,0.004609425086528063,Negative,-0.9151040124706924,0.9197134375572205
778249228,6.28683E+17,@i_electroCute your turn ??,@i_electroCute your turn ??,USER turn,@user your turn ??,electrocute,Unknown,Not disaster-related,0.7964,0.013467559590935707,0.9431071281433105,0.043425291776657104,Neutral,0.029957732185721397,0.9431071281433105
778249231,6.28504E+17,Photo: weallheartonedirection: I wouldnÛªt let David electrocute himself so IÛªm the asshole http://t.co/nC2d6IRm2u,Photo: weallheartonedirection: I wouldn Ûªt let David electrocute himself so I Ûªm the asshole http://t.co/nC2d6IRm2u,photo weallheartonedirection ûªt let david electrocute ûªm asshole URL,Photo: weallheartonedirection: I wouldn Ûªt let David electrocute himself so I Ûªm the asshole http,electrocute,Unknown,Not disaster-related,1.0,0.7054569125175476,0.267697811126709,0.026845261454582214,Negative,-0.6786116510629654,0.7054569125175476
778249232,6.289E+17,Electric vs Gas brewing (not wanting to electrocute myself) question http://t.co/26oo0fcL53,Electric vs Gas brewing (not wanting to electrocute myself) question http://t.co/26oo0fcL53,electric v gas brewing wanting electrocute question URL,Electric vs Gas brewing (not wanting to electrocute myself) question http,electrocute,Unknown,Not disaster-related,1.0,0.21669898927211761,0.7434249520301819,0.03987610340118408,Neutral,-0.17682288587093353,0.7434249520301819
778249241,6.28959E+17,Why does my phone electrocute me when it's charging,Why does my phone electrocute me when it's charging,phone electrocute charging,Why does my phone electrocute me when it's charging,electrocute,Unknown,Not disaster-related,1.0,0.9088025093078613,0.08518940955400467,0.00600805226713419,Negative,-0.9027944570407271,0.9088025093078613
778249243,6.28695E+17,It is freezing in my room &amp; I erally want to unplug the ac but I don't want to electrocute myelf and die,It is freezing in my room & I erally want to unplug the ac but I don't want to electrocute myelf and die,freezing room erally want unplug ac want electrocute myelf die,It is freezing in my room & I erally want to unplug the ac but I don't want to electrocute myelf and die,electrocute,Michigan,Not disaster-related,0.7987,0.8817120790481567,0.10753589868545532,0.010752007365226746,Negative,-0.87096007168293,0.8817120790481567
778249245,6.28752E+17,@lightseraphs pissed at you and could have their pikachu electrocute you and :\\\,@lightseraphs pissed at you and could have their pikachu electrocute you and :\\\,USER pissed could pikachu electrocute,@user pissed at you and could have their pikachu electrocute you and :\\\,electrocute,Unknown,Not disaster-related,0.7988,0.9137007594108582,0.07865597307682037,0.0076432297937572,Negative,-0.906057529617101,0.9137007594108582
778249249,6.28788E+17,@Omar_molina036 @Milioooo_ he's trying to electrocute ya ass lol hell no I ain't fucking with Emilio no more ????????,@Omar_molina036 @Milioooo_ he's trying to electrocute ya ass lol hell no I ain't fucking with Emilio no more ????????,USER USER trying electrocute ya as lol hell ai fucking emilio,@user @user he's trying to electrocute ya ass lol hell no I ain't fucking with Emilio no more ????????,electrocute,where I'm supposed to be,Not disaster-related,1.0,0.9310212135314941,0.06137371063232422,0.007605116814374924,Negative,-0.9234160967171192,0.9310212135314941
778249257,6.29065E+17,Photo: weallheartonedirection: I wouldnÛªt let David electrocute himself so IÛªm the asshole http://t.co/OEr5Hh41Ew,Photo: weallheartonedirection: I wouldn Ûªt let David electrocute himself so I Ûªm the asshole http://t.co/OEr5Hh41Ew,photo weallheartonedirection ûªt let david electrocute ûªm asshole URL,Photo: weallheartonedirection: I wouldn Ûªt let David electrocute himself so I Ûªm the asshole http,electrocute,CA,Not disaster-related,1.0,0.7054567933082581,0.26769790053367615,0.02684527449309826,Negative,-0.6786115188151598,0.7054567933082581
778249260,6.2888E+17,"Why can't robots have a shower? 
Answer: Because they will electrocute themselves!",Why can't robots have a shower? Answer: Because they will electrocute themselves!,ca robot shower answer electrocute,Why can't robots have a shower? Answer: Because they will electrocute themselves!,electrocute,Bieber Fever UK,Not disaster-related,1.0,0.8870854377746582,0.10391870141029358,0.008995888754725456,Negative,-0.8780895490199327,0.8870854377746582
778249264,6.29044E+17,Photo: weallheartonedirection: I wouldnÛªt let David electrocute himself so IÛªm the asshole http://t.co/wIabcyParM,Photo: weallheartonedirection: I wouldn Ûªt let David electrocute himself so I Ûªm the asshole http://t.co/wIabcyParM,photo weallheartonedirection ûªt let david electrocute ûªm asshole URL,Photo: weallheartonedirection: I wouldn Ûªt let David electrocute himself so I Ûªm the asshole http,electrocute,301|804,Not disaster-related,1.0,0.7054567933082581,0.26769790053367615,0.02684527449309826,Negative,-0.6786115188151598,0.7054567933082581
778249271,6.28936E+17,I got electrocuted this morning how is your day going? ??,I got electrocuted this morning how is your day going? ??,got electrocuted morning day going,I got electrocuted this morning how is your day going? ??,electrocuted,Unknown,Not disaster-related,0.5958,0.5540775060653687,0.39829573035240173,0.047626759856939316,Negative,-0.5064507462084293,0.5540775060653687
778249272,6.29079E+17,'Why am I being constantly electrocuted?' 'I don't know. Are you by chance standing next to a cactus?'#Borderlands #Borderlands2 #OOCVG #FTW,'Why am I being constantly electrocuted?' 'I don't know. Are you by chance standing next to a cactus?'#Borderlands #Borderlands2 #OOCVG #FTW,constantly electrocuted know chance standing next cactus borderland oocvg ftw,'Why am I being constantly electrocuted?' 'I don't know. Are you by chance standing next to a cactus?'#Borderlands #Borderlands2 #OOCVG #FTW,electrocuted,Unknown,Not disaster-related,0.8,0.7023667097091675,0.28529736399650574,0.012335891835391521,Negative,-0.690030817873776,0.7023667097091675
778249273,6.2908E+17,Woman electrocuted #Red #Redblood #videoclip http://t.co/9PYmM2RUWf #,Woman electrocuted #Red #Redblood #videoclip http://t.co/9PYmM2RUWf #,woman electrocuted red redblood videoclip URL,Woman electrocuted #Red #Redblood #videoclip http #,electrocuted,New York,Not disaster-related,0.597,0.6185184121131897,0.36799708008766174,0.013484451919794083,Negative,-0.6050339601933956,0.6185184121131897
778249281,6.2895E+17,Michael talking about when he was electrocuted omg #ROWYSOLouisville http://t.co/HxVfmoUhDM,Michael talking about when he was electrocuted omg #ROWYSOLouisville http://t.co/HxVfmoUhDM,michael talking electrocuted omg rowysolouisville URL,Michael talking about when he was electrocuted omg #ROWYSOLouisville http,electrocuted,not so cool KY,Disaster-related,0.8018,0.3972700238227844,0.5144636631011963,0.08826637268066406,Neutral,-0.30900365114212036,0.5144636631011963
778249282,6.2884E+17,@steveycheese99 @MapMyRun where you being electrocuted all the way round? The map sure looks like it.,@steveycheese99 @MapMyRun where you being electrocuted all the way round? The map sure looks like it.,USER USER electrocuted way round map sure look like,@user @user where you being electrocuted all the way round? The map sure looks like it.,electrocuted,Unknown,Not disaster-related,0.797,0.525464653968811,0.42112162709236145,0.05341373011469841,Negative,-0.4720509238541126,0.525464653968811
778249284,6.29023E+17,"Fish stand-up
'So what's up with whale sharks? They whales or sharks?'
*Silence*
'Is this thing on?'
*Flicks mic. All fish get electrocuted*",Fish stand-up 'So what's up with whale sharks? They whales or sharks?' *Silence* 'Is this thing on?' *Flicks mic. All fish get electrocuted*,fish whale shark whale shark silence thing flick mic fish get electrocuted,Fish stand-up 'So what's up with whale sharks? They whales or sharks?' *Silence* 'Is this thing on?' *Flicks mic. All fish get electrocuted*,electrocuted,Staffordshire,Not disaster-related,0.8011,0.6657701134681702,0.319164514541626,0.015065374784171581,Negative,-0.6507047386839986,0.6657701134681702
778249306,6.29057E+17,God damn it!!! I electrocuted myself ??,God damn it!!! I electrocuted myself ??,god damn electrocuted,God damn it!!! I electrocuted myself ??,electrocuted,Unknown,Not disaster-related,0.6018,0.9397130608558655,0.051553741097450256,0.00873317290097475,Negative,-0.9309798879548907,0.9397130608558655
778249308,6.29069E+17,"Worked in factory pressing designs onto T-shirts was electrocuted 
d/t faulty ground. Boss docked my pay while I was at ER #WorstSummerJob",Worked in factory pressing designs onto T-shirts was electrocuted d/t faulty ground. Boss docked my pay while I was at ER #WorstSummerJob,worked factory pressing design onto electrocuted faulty ground bos docked pay er worstsummerjob,Worked in factory pressing designs onto T-shirts was electrocuted d/t faulty ground. Boss docked my pay while I was at ER #WorstSummerJob,electrocuted,Atlanta,Disaster-related,0.8001,0.9018228054046631,0.08986806869506836,0.008309153839945793,Negative,-0.8935136515647173,0.9018228054046631
778249316,6.29084E+17,Survival Kit Whistle Fire Starter Wire Saw Cree Torch Emergency Blanket S knife  - Full reÛ_ http://t.co/cm7HqwWUlZ http://t.co/KdwAzHQTov,Survival Kit Whistle Fire Starter Wire Saw Cree Torch Emergency Blanket S knife - Full re Û_ http://t.co/cm7HqwWUlZ http://t.co/KdwAzHQTov,survival kit whistle fire starter wire saw cree torch emergency blanket knife full URL URL,Survival Kit Whistle Fire Starter Wire Saw Cree Torch Emergency Blanket S knife - Full re Û_ http http,emergency,New York,Disaster-related,1.0,0.046951401978731155,0.9262469410896301,0.02680164948105812,Neutral,-0.020149752497673035,0.9262469410896301
778249327,6.29085E+17,11000 SEEDS 30 VEGETABLE FRUIT VARIETY GARDEN KIT EMERGENCY SURVIVAL GEAR MRE  - Full reaÛ_ http://t.co/OH4YSttyCo http://t.co/X8Kv8tZZE8,11000 SEEDS 30 VEGETABLE FRUIT VARIETY GARDEN KIT EMERGENCY SURVIVAL GEAR MRE - Full rea Û_ http://t.co/OH4YSttyCo http://t.co/X8Kv8tZZE8,NUMBER seed NUMBER vegetable fruit variety garden kit emergency survival gear mre full rea URL URL,11000 SEEDS 30 VEGETABLE FRUIT VARIETY GARDEN KIT EMERGENCY SURVIVAL GEAR MRE - Full rea Û_ http http,emergency,New York,Not disaster-related,0.7982,0.024436306208372116,0.9317702054977417,0.04379350319504738,Neutral,0.019357196986675262,0.9317702054977417
778249330,6.29085E+17,RN / Registered Nurse / ER / Emergency Room - Supplemental Health Care: (#Modesto California ) http://t.co/YiYspjLKZO #Nursing #Job #Jobs,RN / Registered Nurse / ER / Emergency Room - Supplemental Health Care: (#Modesto California ) http://t.co/YiYspjLKZO #Nursing #Job #Jobs,rn registered nurse er emergency room supplemental health care modesto california URL nursing job job,RN / Registered Nurse / ER / Emergency Room - Supplemental Health Care: (#Modesto California ) http #Nursing #Job #Jobs,emergency,"Modesto, CA",Not disaster-related,1.0,0.008029218763113022,0.9400671124458313,0.05190371721982956,Neutral,0.04387449845671654,0.9400671124458313
778249336,6.29088E+17,STL Ace Grille - Surface Mounts SpeedTech Lights - Amber Emergency Lights - 544 http://t.co/t6Seku4yvm http://t.co/TJOZ4u4txl,STL Ace Grille - Surface Mounts SpeedTech Lights - Amber Emergency Lights - 544 http://t.co/t6Seku4yvm http://t.co/TJOZ4u4txl,stl ace grille surface mount speedtech light amber emergency light NUMBER URL URL,STL Ace Grille - Surface Mounts SpeedTech Lights - Amber Emergency Lights - 544 http http,emergency,Unknown,Not disaster-related,1.0,0.00946297962218523,0.9405206441879272,0.050016455352306366,Neutral,0.040553475730121136,0.9405206441879272
778249338,6.29085E+17,11000 SEEDS 30 VEGETABLE FRUIT VARIETY GARDEN KIT EMERGENCY SURVIVAL GEAR MRE  - Full reaÛ_ http://t.co/DchfPXgY2m http://t.co/UgHpTzjuLK,11000 SEEDS 30 VEGETABLE FRUIT VARIETY GARDEN KIT EMERGENCY SURVIVAL GEAR MRE - Full rea Û_ http://t.co/DchfPXgY2m http://t.co/UgHpTzjuLK,NUMBER seed NUMBER vegetable fruit variety garden kit emergency survival gear mre full rea URL URL,11000 SEEDS 30 VEGETABLE FRUIT VARIETY GARDEN KIT EMERGENCY SURVIVAL GEAR MRE - Full rea Û_ http http,emergency,New York,Not disaster-related,1.0,0.024436306208372116,0.9317702054977417,0.04379350319504738,Neutral,0.019357196986675262,0.9317702054977417
778249348,6.29085E+17,Loans until settlement day ??ÛÏ emergency money advances treasure-house self outbreed yours below take-home: AKx,Loans until settlement day ?? ÛÏ emergency money advances treasure-house self outbreed yours below take-home: AKx,loan settlement day ûï emergency money advance self outbreed akx,Loans until settlement day ?? ÛÏ emergency money advances treasure-house self outbreed yours below take-home: AKx,emergency,Unknown,Not disaster-related,0.7982,0.029326187446713448,0.9406148195266724,0.03005906753242016,Neutral,0.0007328800857067108,0.9406148195266724
778249351,6.29081E+17,From @LeanDOTorg: Lean Thinking for Quicker Police Emergency Response Time http://t.co/suZBkyW5TT,From @LeanDOTorg: Lean Thinking for Quicker Police Emergency Response Time http://t.co/suZBkyW5TT,USER lean thinking quicker police emergency response time URL,From @user: Lean Thinking for Quicker Police Emergency Response Time http,emergency,"Melbourne, Australia",Not disaster-related,1.0,0.009239728562533855,0.7754579186439514,0.21530239284038544,Neutral,0.20606266427785158,0.7754579186439514
778249355,6.29088E+17,Busty blonde teen Natalia Starr fucks the security guard on set http://t.co/qew4c5M1xd View and download video,Busty blonde teen Natalia Starr fucks the security guard on set http://t.co/qew4c5M1xd View and download video,busty blonde teen natalia starr fuck security guard set URL view download video,Busty blonde teen Natalia Starr fucks the security guard on set http View and download video,emergency,Unknown,Not disaster-related,1.0,0.5261209011077881,0.45515745878219604,0.018721679225564003,Negative,-0.5073992218822241,0.5261209011077881
778249359,6.29082E+17,Denali wolf population declined from 143 in 2007 2 just 48 in 2015. Reinstate emergency buffer zone #ProtectDenaliWolves @Alaska @adndotcom,Denali wolf population declined from 143 in 2007 2 just 48 in 2015. Reinstate emergency buffer zone #ProtectDenaliWolves @Alaska @adndotcom,denali wolf population declined NUMBER NUMBER NUMBER NUMBER NUMBER reinstate emergency buffer zone protectdenaliwolves USER USER,Denali wolf population declined from 143 in 2007 2 just 48 in 2015. Reinstate emergency buffer zone #ProtectDenaliWolves @user @user,emergency,Unknown,Disaster-related,0.597,0.2982785403728485,0.6581515669822693,0.04356987774372101,Neutral,-0.2547086626291275,0.6581515669822693
778249365,6.29045E+17,"4 Printable Emergency Plan Templates
http://t.co/nAex0Q1Ax0",4 Printable Emergency Plan Templates http://t.co/nAex0Q1Ax0,NUMBER printable emergency plan template URL,4 Printable Emergency Plan Templates http,emergency plan,"Antioch, CA",Not disaster-related,0.8012,0.01827048696577549,0.9372830986976624,0.0444464273750782,Neutral,0.02617594040930271,0.9372830986976624
778249367,6.29309E+17,See Aug 4 2015 PoconoRecord @EmergencyMgtMag - How Many Households Have an #Emergency Plan? | http://t.co/7zlsUmIess http://t.co/TdccH01N7q,See Aug 4 2015 PoconoRecord @EmergencyMgtMag - How Many Households Have an #Emergency Plan? | http://t.co/7zlsUmIess http://t.co/TdccH01N7q,see aug NUMBER NUMBER poconorecord USER many household emergency plan URL URL,See Aug 4 2015 PoconoRecord @user - How Many Households Have an #Emergency Plan? | http http,emergency plan,"Alexandria, VA, USA",Disaster-related,0.7999,0.010314537212252617,0.9539597630500793,0.035725757479667664,Neutral,0.025411220267415047,0.9539597630500793
778249379,6.29055E+17,.@CityofCalgary activates emergency plan amid severe thunderstorm warning http://t.co/pc7S8NxJ6Q #yyc #abstorm http://t.co/9xoHmMlMDY,.@CityofCalgary activates emergency plan amid severe thunderstorm warning http://t.co/pc7S8NxJ6Q #yyc #abstorm http://t.co/9xoHmMlMDY,USER activates emergency plan amid severe thunderstorm warning URL yyc abstorm URL,.@user activates emergency plan amid severe thunderstorm warning http #yyc #abstorm http,emergency plan,"Calgary, Alberta, Canada",Disaster-related,1.0,0.17677821218967438,0.7956637144088745,0.02755807712674141,Neutral,-0.14922013506293297,0.7956637144088745
778249383,6.29343E+17,Emergency-response plan helps employees get back to productive work http://t.co/tXQZN6GTHa @BusInsMagazine,Emergency-response plan helps employees get back to productive work http://t.co/tXQZN6GTHa @BusInsMagazine,plan help employee get back productive work URL USER,Emergency-response plan helps employees get back to productive work http @user,emergency plan,"Houston, Texas",Not disaster-related,0.8021,0.010480871424078941,0.43543383479118347,0.5540852546691895,Positive,0.5436043832451105,0.5540852546691895
778249397,6.29308E+17,#Biztip We recommend all businesses to get an alternative source of electricity. #Solar Wind and Batteries. Have an emergency plan! Now!,#Biztip We recommend all businesses to get an alternative source of electricity. #Solar Wind and Batteries. Have an emergency plan! Now!,biztip recommend business get alternative source electricity solar wind battery emergency plan,#Biztip We recommend all businesses to get an alternative source of electricity. #Solar Wind and Batteries. Have an emergency plan! Now!,emergency plan,U.S. Northern Virginia,Disaster-related,0.6006,0.02545972540974617,0.5349658131599426,0.4395744502544403,Neutral,0.41411472484469414,0.5349658131599426
778249400,6.29048E+17,Calgary takes another beating from summer storms; City activates emergency plan #yyc #abstorm http://t.co/iQIXjtUEwH,Calgary takes another beating from summer storms; City activates emergency plan #yyc #abstorm http://t.co/iQIXjtUEwH,calgary take another beating summer storm city activates emergency plan yyc abstorm URL,Calgary takes another beating from summer storms; City activates emergency plan #yyc #abstorm http,emergency plan,Calgary,Disaster-related,1.0,0.4572674632072449,0.5244470238685608,0.018285533413290977,Neutral,-0.4389819297939539,0.5244470238685608
778249415,6.29031E+17,@chillimik @HushLegs haha ??????..Are you really comparing yourselves to the emergency services! Thats brilliant! talk about up your own arse!,@chillimik @HushLegs haha ??????..Are you really comparing yourselves to the emergency services! Thats brilliant! talk about up your own arse!,USER USER haha really comparing emergency service thats brilliant talk arse,@user @user haha ??????..Are you really comparing yourselves to the emergency services! Thats brilliant! talk about up your own arse!,emergency services,Unknown,Not disaster-related,0.797,0.351558119058609,0.20256181061267853,0.44588008522987366,Positive,0.09432196617126465,0.44588008522987366
778249423,6.29028E+17,I am not an American but I have family who have served in the military work in the emergency services and work in... http://t.co/Pl2VzLrKVK,I am not an American but I have family who have served in the military work in the emergency services and work in... http://t.co/Pl2VzLrKVK,american family served military work emergency service work URL,I am not an American but I have family who have served in the military work in the emergency services and work in... http,emergency services,"London, UK",Disaster-related,0.6006,0.03033546544611454,0.9062843918800354,0.06338023394346237,Neutral,0.03304476849734783,0.9062843918800354
778249432,6.29027E+17,@GeneFMyburgh @crimeairnetwork and in a week they will protest service delivery and lack of emergency services #ThisIsAfrica,@GeneFMyburgh @crimeairnetwork and in a week they will protest service delivery and lack of emergency services #ThisIsAfrica,USER USER week protest service delivery lack emergency service thisisafrica,@user @user and in a week they will protest service delivery and lack of emergency services #ThisIsAfrica,emergency services,Sunny South Africa,Not disaster-related,0.8021,0.8868473768234253,0.10600051283836365,0.007152128964662552,Negative,-0.8796952478587627,0.8868473768234253
778249435,6.29043E+17,Human Resources Processes Streamlined Insofar as Emergency Services Organization...AbboG,Human Resources Processes Streamlined Insofar as Emergency Services Organization...AbboG,human resource process streamlined insofar emergency service organization abbog,Human Resources Processes Streamlined Insofar as Emergency Services Organization...AbboG,emergency services,Unknown,Disaster-related,0.5988,0.01408696174621582,0.8982400298118591,0.08767299354076385,Neutral,0.07358603179454803,0.8982400298118591
778249446,6.29105E+17,Emergency Plumber Emergency Plumbing Services. #plumber #localplumber #Australia https://t.co/V3LZWkqSO7,Emergency Plumber Emergency Plumbing Services. #plumber #localplumber #Australia https://t.co/V3LZWkqSO7,emergency plumber emergency plumbing service plumber localplumber australia URL,Emergency Plumber Emergency Plumbing Services. #plumber #localplumber #Australia http,emergency services,Australia,Not disaster-related,0.5934,0.014375877566635609,0.9154672622680664,0.07015687972307205,Neutral,0.05578100215643644,0.9154672622680664
778249449,6.29101E+17,Goulburn man Henry Van Bilsen missing: Emergency services are searching for a Goulburn man who disappeared from hisÛ_ http://t.co/z99pKJzTRp,Goulburn man Henry Van Bilsen missing: Emergency services are searching for a Goulburn man who disappeared from his Û_ http://t.co/z99pKJzTRp,goulburn man henry van bilsen missing emergency service searching goulburn man disappeared URL,Goulburn man Henry Van Bilsen missing: Emergency services are searching for a Goulburn man who disappeared from his Û_ http,emergency services,"Sydney, New South Wales",Disaster-related,0.6006,0.1960800290107727,0.7870362997055054,0.016883764415979385,Neutral,-0.17919626459479332,0.7870362997055054
778249458,6.29104E+17,Services are returning to normal #SouthLine after a medical emergency at Yennora and urgent track equipment repairs at Cabramatta earlier.,Services are returning to normal #SouthLine after a medical emergency at Yennora and urgent track equipment repairs at Cabramatta earlier.,service returning normal southline medical emergency yennora urgent track equipment repair cabramatta earlier,Services are returning to normal #SouthLine after a medical emergency at Yennora and urgent track equipment repairs at Cabramatta earlier.,emergency services,Sydney,Disaster-related,1.0,0.07889344543218613,0.8684224486351013,0.05268409848213196,Neutral,-0.02620934695005417,0.8684224486351013
778249461,6.29056E+17,Our doctors and nurses in the new Pediatric Emergency Department are all specialized in child services! http://t.co/k1TMLWvjmJ,Our doctors and nurses in the new Pediatric Emergency Department are all specialized in child services! http://t.co/k1TMLWvjmJ,doctor nurse new pediatric emergency department specialized child service URL,Our doctors and nurses in the new Pediatric Emergency Department are all specialized in child services! http,emergency services,"Park Ridge, Illinois",Not disaster-related,1.0,0.004207751713693142,0.3707294762134552,0.6250627636909485,Positive,0.6208550119772553,0.6250627636909485
778249468,6.29082E+17,Why are you engulfed by low self-image? Take the quiz: http://t.co/JAJFxaOemp http://t.co/FUjvF6foaR,Why are you engulfed by low self-image? Take the quiz: http://t.co/JAJFxaOemp http://t.co/FUjvF6foaR,engulfed low take quiz URL URL,Why are you engulfed by low self-image? Take the quiz: http http,engulfed,"Hagerstown, MD 21742",Not disaster-related,1.0,0.39778003096580505,0.5738742351531982,0.02834574319422245,Neutral,-0.3694342877715826,0.5738742351531982
778249477,6.29068E+17,Do you feel engulfed with low self-image? Take the quiz: http://t.co/kcpgAy4FlJ http://t.co/BZqC6JuAix,Do you feel engulfed with low self-image? Take the quiz: http://t.co/kcpgAy4FlJ http://t.co/BZqC6JuAix,feel engulfed low take quiz URL URL,Do you feel engulfed with low self-image? Take the quiz: http http,engulfed,"Berkeley, CA 94703, USA ?",Not disaster-related,1.0,0.32303476333618164,0.6495689153671265,0.027396397665143013,Neutral,-0.2956383656710386,0.6495689153671265
778249482,6.29036E+17,@FlameCored colliding with her projectile as a cloud of smoke engulfed the area. Not a moment later Shadow propelled himself through it --,@FlameCored colliding with her projectile as a cloud of smoke engulfed the area. Not a moment later Shadow propelled himself through it --,USER colliding projectile cloud smoke engulfed area moment later shadow propelled,@user colliding with her projectile as a cloud of smoke engulfed the area. Not a moment later Shadow propelled himself through it --,engulfed,Unknown,Not disaster-related,0.5976,0.08183717727661133,0.8675844669342041,0.050578419119119644,Neutral,-0.031258758157491684,0.8675844669342041
778249485,6.29067E+17,Society has become so engulfed in capturing every moments and sharing it  it takes the fun out of moments that should be intimate.,Society has become so engulfed in capturing every moments and sharing it it takes the fun out of moments that should be intimate.,society become engulfed capturing every moment sharing take fun moment intimate,Society has become so engulfed in capturing every moments and sharing it it takes the fun out of moments that should be intimate.,engulfed,West Baltimore,Not disaster-related,0.597,0.5653644800186157,0.3824363946914673,0.05219912901520729,Negative,-0.5131653510034084,0.5653644800186157
778249490,6.29062E+17,michael is engulfed by that jumper,michael is engulfed by that jumper,michael engulfed jumper,michael is engulfed by that jumper,engulfed,Unknown,Not disaster-related,0.7982,0.10000674426555634,0.6850581169128418,0.21493516862392426,Neutral,0.11492842435836792,0.6850581169128418
778249515,6.2906E+17,@carneross indeed and a remarkably puny idea to place at the epicentre of a new post-capitalism epoch,@carneross indeed and a remarkably puny idea to place at the epicentre of a new post-capitalism epoch,USER indeed remarkably puny idea place epicentre new epoch,@user indeed and a remarkably puny idea to place at the epicentre of a new post-capitalism epoch,epicentre,London/Surrey,Not disaster-related,0.8317,0.7427182197570801,0.2378365844488144,0.019445182755589485,Negative,-0.7232730370014906,0.7427182197570801
778249516,6.29066E+17,[Question] Is anybody else having this problem with the '7' circle in Epicentre? http://t.co/dsPWS6hJ8w,[Question] Is anybody else having this problem with the '7' circle in Epicentre? http://t.co/dsPWS6hJ8w,question anybody else problem NUMBER circle epicentre URL,[Question] Is anybody else having this problem with the '7' circle in Epicentre? http,epicentre,Unknown,Not disaster-related,1.0,0.2654837369918823,0.7187937498092651,0.01572255790233612,Neutral,-0.2497611790895462,0.7187937498092651
778249523,6.29066E+17,RT @calestous: Tanzania elephant population declined by 60% in five years census reveals http://t.co/8zy9N6fX9T http://t.co/ITZ9masBvZ,RT @calestous: Tanzania elephant population declined by 60% in five years census reveals http://t.co/8zy9N6fX9T http://t.co/ITZ9masBvZ,rt USER tanzania elephant population declined NUMBER five year census reveals URL URL,RT @user: Tanzania elephant population declined by 60% in five years census reveals http http,epicentre,Africa,Disaster-related,0.6053,0.3218744099140167,0.658456027507782,0.01966959983110428,Neutral,-0.30220481008291245,0.658456027507782
778249527,6.29064E+17,[Question] Is anybody else having this problem with the '7' circle in Epicentre? via /r/jailbreak http://t.co/48TPnmbJVG,[Question] Is anybody else having this problem with the '7' circle in Epicentre? via /r/jailbreak http://t.co/48TPnmbJVG,question anybody else problem NUMBER circle epicentre via URL,[Question] Is anybody else having this problem with the '7' circle in Epicentre? via /r/jailbreak http,epicentre,Cydia,Not disaster-related,0.5994,0.28131103515625,0.7070114612579346,0.011677604168653488,Neutral,-0.2696334309875965,0.7070114612579346
778249533,6.2906E+17,When there's a fire alarm going off in zehrs and we keep working for 20 minutes then decide to evacuate everyone..,When there's a fire alarm going off in zehrs and we keep working for 20 minutes then decide to evacuate everyone..,fire alarm going zehrs keep working NUMBER minute decide evacuate everyone,When there's a fire alarm going off in zehrs and we keep working for 20 minutes then decide to evacuate everyone..,evacuate,"Waterloo, Ont",Disaster-related,0.8018,0.46741101145744324,0.5095329284667969,0.02305605076253414,Neutral,-0.4443549606949091,0.5095329284667969
778249535,6.2911E+17,guy next to me walks into our tiny office room with the fishiest smelling lunch ever. EVACUATE,guy next to me walks into our tiny office room with the fishiest smelling lunch ever. EVACUATE,guy next walk tiny office room fishiest smelling lunch ever evacuate,guy next to me walks into our tiny office room with the fishiest smelling lunch ever. EVACUATE,evacuate,Sydney - Australia,Not disaster-related,0.7969,0.7335747480392456,0.22440074384212494,0.042024437338113785,Negative,-0.6915503107011318,0.7335747480392456
778249537,6.29093E+17,Firefigthers Evacuate from Northampton Township House Fire http://t.co/hPplD1jHtZ,Firefigthers Evacuate from Northampton Township House Fire http://t.co/hPplD1jHtZ,firefigthers evacuate northampton township house fire URL,Firefigthers Evacuate from Northampton Township House Fire http,evacuate,Worldwide,Disaster-related,1.0,0.1493016481399536,0.8342300653457642,0.016468271613121033,Neutral,-0.13283337652683258,0.8342300653457642
778249558,6.29101E+17,MY DOG JUST FARTED EVACUATE THIS FUCKIN ROOM DISGUSTING ASS BROOM LOOKIN ASS,MY DOG JUST FARTED EVACUATE THIS FUCKIN ROOM DISGUSTING ASS BROOM LOOKIN ASS,dog farted evacuate fuckin room disgusting as broom lookin as,MY DOG JUST FARTED EVACUATE THIS FUCKIN ROOM DISGUSTING ASS BROOM LOOKIN ASS,evacuate,she/her? Û¢ tr Û¢ jordan,Not disaster-related,1.0,0.9541335105895996,0.03991735354065895,0.005949136335402727,Negative,-0.9481843742541969,0.9541335105895996
778249562,6.2906E+17,US govt refuses to evacuate 1000s of Americans from Yemen https://t.co/wQy3JOKuMH #yemen #usa #evacuation #abandoned,US govt refuses to evacuate 1000s of Americans from Yemen https://t.co/wQy3JOKuMH #yemen #usa #evacuation #abandoned,u govt refuse evacuate american yemen URL yemen usa evacuation abandoned,US govt refuses to evacuate 1000s of Americans from Yemen http #yemen #usa #evacuation #abandoned,evacuate,London UK,Disaster-related,1.0,0.8313321471214294,0.1622370332479477,0.006430763751268387,Negative,-0.8249013833701611,0.8313321471214294
778249563,6.29068E+17,@yourgirlhaileyy leaveevacuateexitbe banished.,@yourgirlhaileyy leaveevacuateexitbe banished.,USER leaveevacuateexitbe banished,@user leaveevacuateexitbe banished.,evacuate,Unknown,Not disaster-related,0.6018,0.5093740224838257,0.47409942746162415,0.016526473686099052,Negative,-0.49284754879772663,0.5093740224838257
778249565,6.29065E+17,30 seconds for my bitches to evacuate ??????,30 seconds for my bitches to evacuate ??????,NUMBER second bitch evacuate,30 seconds for my bitches to evacuate ??????,evacuate,FLYEST HIPPIE YOU KNOW,Not disaster-related,0.5976,0.6169525980949402,0.35775017738342285,0.025297189131379128,Negative,-0.5916554089635611,0.6169525980949402
778249568,6.29081E+17,Just had to evacuate the 100 Oaks Regal theater. I've never been more terrified.,Just had to evacuate the 100 Oaks Regal theater. I've never been more terrified.,evacuate NUMBER oak regal theater never terrified,Just had to evacuate the 100 Oaks Regal theater. I've never been more terrified.,evacuate,Unknown,Disaster-related,0.8024,0.8408361673355103,0.14301101863384247,0.01615283079445362,Negative,-0.8246833365410566,0.8408361673355103
778249594,6.29058E+17,Rocky fire in Northern California swells to 60000 acres; 12000 evacuated http://t.co/42gW2i2Q41 Portland #Phoenix #Miami #Atlanta #Casper,Rocky fire in Northern California swells to 60000 acres; 12000 evacuated http://t.co/42gW2i2Q41 Portland #Phoenix #Miami #Atlanta #Casper,rocky fire northern california swell NUMBER acre NUMBER evacuated URL portland phoenix miami atlanta casper,Rocky fire in Northern California swells to 60000 acres; 12000 evacuated http Portland #Phoenix #Miami #Atlanta #Casper,evacuated,Midwest,Disaster-related,1.0,0.3802028000354767,0.606174886226654,0.013622337952256203,Neutral,-0.3665804620832205,0.606174886226654
778249595,6.29051E+17,Trafford Centre film fans angry after Odeon cinema evacuated following false fire alarm: Twitter users tell ofÛ_ http://t.co/PZeiXi4Xk7,Trafford Centre film fans angry after Odeon cinema evacuated following false fire alarm: Twitter users tell of Û_ http://t.co/PZeiXi4Xk7,trafford centre film fan angry odeon cinema evacuated following false fire alarm twitter user tell URL,Trafford Centre film fans angry after Odeon cinema evacuated following false fire alarm: Twitter users tell of Û_ http,evacuated,Manchester UK,Disaster-related,0.8047,0.7283867597579956,0.26422083377838135,0.007392403203994036,Negative,-0.7209943565540016,0.7283867597579956
778249614,6.29102E+17,Rocky Fire http://t.co/wxhMp5ppjq,Rocky Fire http://t.co/wxhMp5ppjq,rocky fire URL,Rocky Fire http,evacuated,seoul,Disaster-related,1.0,0.019443893805146217,0.8651534914970398,0.11540263146162033,Neutral,0.09595873765647411,0.8651534914970398
778249616,6.29077E+17,Entire town of Roosevelt Wash. evacuated because of wildfire http://t.co/CmwEIojJ55,Entire town of Roosevelt Wash. evacuated because of wildfire http://t.co/CmwEIojJ55,entire town roosevelt evacuated wildfire URL,Entire town of Roosevelt Wash. evacuated because of wildfire http,evacuated,WA State,Disaster-related,1.0,0.4174257218837738,0.5616759657859802,0.020898327231407166,Neutral,-0.39652739465236664,0.5616759657859802
778249623,6.2905E+17,13000 evacuated as California firefighters fight flames to save homes: CLEARLAKE OAKS Calif. ÛÓ Wildfires lik... http://t.co/xwBYeaOWMw,13000 evacuated as California firefighters fight flames to save homes: CLEARLAKE OAKS Calif. ÛÓ Wildfires lik... http://t.co/xwBYeaOWMw,NUMBER evacuated california firefighter fight flame save home clearlake oak ûó wildfire lik URL,13000 evacuated as California firefighters fight flames to save homes: CLEARLAKE OAKS Calif. ÛÓ Wildfires lik... http,evacuated,Unknown,Disaster-related,1.0,0.10311713069677353,0.8659264445304871,0.030956417322158813,Neutral,-0.07216071337461472,0.8659264445304871
778249629,6.29082E+17,FAAN orders evacuation of abandoned aircraft at MMA: FAAN noted that the action had become necessary due to re... http://t.co/ZUqgvJnEQA,FAAN orders evacuation of abandoned aircraft at MMA: FAAN noted that the action had become necessary due to re... http://t.co/ZUqgvJnEQA,faan order evacuation abandoned aircraft mma faan noted action become necessary due URL,FAAN orders evacuation of abandoned aircraft at MMA: FAAN noted that the action had become necessary due to re... http,evacuation,Unknown,Disaster-related,0.8011,0.0383644625544548,0.9341596364974976,0.027475833892822266,Neutral,-0.010888628661632538,0.9341596364974976
778249635,6.29089E+17,Even tho Im getting 40%money back due 2 veld evacuation nothin could make up for missing @DVBBS @HARDWELL @aboveandbeyond #stillnotoverit ????,Even tho Im getting 40%money back due 2 veld evacuation nothin could make up for missing @DVBBS @HARDWELL @aboveandbeyond #stillnotoverit ????,even tho im getting NUMBER money back due NUMBER veld evacuation nothin could make missing USER USER USER stillnotoverit,Even tho Im getting 40%money back due 2 veld evacuation nothin could make up for missing @user @user @user #stillnotoverit ????,evacuation,"ON, Canada",Not disaster-related,0.7994,0.8981108069419861,0.09075260907411575,0.011136587709188461,Negative,-0.8869742192327976,0.8981108069419861
778249645,6.29092E+17,Update: Bend FD says roofing co. workers accidentally cut through natural gas line in Post Office leading to evacuation for about a half-hr,Update: Bend FD says roofing co. workers accidentally cut through natural gas line in Post Office leading to evacuation for about a half-hr,update bend fd say roofing worker accidentally cut natural gas line post office leading evacuation,Update: Bend FD says roofing co. workers accidentally cut through natural gas line in Post Office leading to evacuation for about a half-hr,evacuation,"Bend, Oregon",Disaster-related,1.0,0.6860244870185852,0.3047989308834076,0.009176555089652538,Negative,-0.6768479319289327,0.6860244870185852
778249654,6.29098E+17,Evacuation drill at work. The fire doors wouldn't open so i got to smash the emergency release glass #feelingmanly,Evacuation drill at work. The fire doors wouldn't open so i got to smash the emergency release glass #feelingmanly,evacuation drill work fire door would open got smash emergency release glass feelingmanly,Evacuation drill at work. The fire doors wouldn't open so i got to smash the emergency release glass #feelingmanly,evacuation,Brisbane,Disaster-related,0.7988,0.8048413395881653,0.17962658405303955,0.015532108955085278,Negative,-0.78930923063308,0.8048413395881653
778249665,6.29084E+17,ÛÏA voluntary evacuation is being recommended at this timeÛ for Pickerel Lake cabins across highway from #Reidlake fire says MACA #NWT #YZF,ÛÏA voluntary evacuation is being recommended at this time Û for Pickerel Lake cabins across highway from #Reidlake fire says MACA #NWT #YZF,ûïa voluntary evacuation recommended time û pickerel lake cabin across highway reidlake fire say maca nwt yzf,ÛÏA voluntary evacuation is being recommended at this time Û for Pickerel Lake cabins across highway from #Reidlake fire says MACA #NWT #YZF,evacuation,Yellowknife,Disaster-related,1.0,0.07658063620328903,0.9035746455192566,0.01984473131597042,Neutral,-0.05673590488731861,0.9035746455192566
778249687,6.29089E+17,@Annealiz1 You are going to make the internet explode with this Dr. Simon. O_o ... Was he alone or was there a red-head nearby? LOL,@Annealiz1 You are going to make the internet explode with this Dr. Simon. O_o ... Was he alone or was there a red-head nearby? LOL,USER going make internet explode simon alone nearby lol,@user You are going to make the internet explode with this Dr. Simon. O_o ... Was he alone or was there a red-head nearby? LOL,explode,Unknown,Not disaster-related,1.0,0.09822317212820053,0.417924165725708,0.48385268449783325,Positive,0.3856295123696327,0.48385268449783325
778249691,6.2909E+17,See these guys reaching the front foot out loading the shoulders and spinning? Neither do I!  #hitting #load&amp;explode http://t.co/6VeI1mheA4,See these guys reaching the front foot out loading the shoulders and spinning? Neither do I! #hitting #load&explode http://t.co/6VeI1mheA4,see guy reaching front foot loading shoulder spinning neither hitting load explode URL,See these guys reaching the front foot out loading the shoulders and spinning? Neither do I! #hitting #load&explode http,explode,"New Orleans, Louisiana",Not disaster-related,0.5958,0.20120127499103546,0.6596720218658447,0.13912668824195862,Neutral,-0.06207458674907684,0.6596720218658447
778249698,6.29084E+17,i swea it feels like im about to explode ??,i swea it feels like im about to explode ??,swea feel like im explode,i swea it feels like im about to explode ??,explode,Unknown,Not disaster-related,0.5988,0.8166452646255493,0.1652003824710846,0.018154293298721313,Negative,-0.798490971326828,0.8166452646255493
778249724,6.29091E+17,Twitter will explode...light the match @realmandyrain,Twitter will explode...light the match @realmandyrain,twitter explode light match USER,Twitter will explode...light the match @user,explode,U.S.A,Not disaster-related,0.8,0.2922140955924988,0.5334148406982422,0.17437104880809784,Neutral,-0.11784304678440094,0.5334148406982422
778249736,6.29054E+17,Final #Medinah update: shot a 105. 49 on front (exploded with a) 56 on back. #ImKeepingMyDayJob (pic is famous #17) http://t.co/kcmbBwwp8G,Final #Medinah update: shot a 105. 49 on front (exploded with a) 56 on back. #ImKeepingMyDayJob (pic is famous #17) http://t.co/kcmbBwwp8G,final medinah update shot NUMBER NUMBER front exploded NUMBER back imkeepingmydayjob pic famous NUMBER URL,Final #Medinah update: shot a 105. 49 on front (exploded with a) 56 on back. #ImKeepingMyDayJob (pic is famous #17) http,exploded,"Chicago, IL",Disaster-related,0.6024,0.006681262049823999,0.6079930663108826,0.3853256106376648,Neutral,0.3786443485878408,0.6079930663108826
778249742,6.29043E+17,@Alltheway80s I had a similar thing with John carpenters 'the thing' one girl threw up when the dogs 'exploded',@Alltheway80s I had a similar thing with John carpenters 'the thing' one girl threw up when the dogs 'exploded',USER similar thing john carpenter thing one girl threw dog,@user I had a similar thing with John carpenters 'the thing' one girl threw up when the dogs 'exploded',exploded,Unknown,Not disaster-related,0.7988,0.6553061008453369,0.3188806176185608,0.0258132666349411,Negative,-0.6294928342103958,0.6553061008453369
778249756,6.29068E+17,At this moment 70 years ago (local time) the 'Little Boy' atomic bomb exploded over Hiroshima instantly killing at least 70-80000 people.,At this moment 70 years ago (local time) the 'Little Boy' atomic bomb exploded over Hiroshima instantly killing at least 70-80000 people.,moment NUMBER year ago local time boy atomic bomb exploded hiroshima instantly killing least NUMBER NUMBER people,At this moment 70 years ago (local time) the 'Little Boy' atomic bomb exploded over Hiroshima instantly killing at least 70-80000 people.,exploded,Unknown,Disaster-related,1.0,0.5058807134628296,0.46367618441581726,0.030443109571933746,Negative,-0.47543760389089584,0.5058807134628296
778249761,6.29036E+17,@ItsNasB now I have to go replace my sarcasm meter which just exploded. -__-,@ItsNasB now I have to go replace my sarcasm meter which just exploded. -__-,USER go replace sarcasm meter exploded,@user now I have to go replace my sarcasm meter which just exploded. -__-,exploded,Jamaica,Not disaster-related,1.0,0.7863768935203552,0.1800965666770935,0.03352653980255127,Negative,-0.752850353717804,0.7863768935203552
778249767,6.2904E+17,@rickoshea @AnthonySHead @NicholasBrendon @DublinComicCon @RTE2fm WHATTT? Oh wow my fangirl head has exploded in a mess of crap everywhere,@rickoshea @AnthonySHead @NicholasBrendon @DublinComicCon @RTE2fm WHATTT? Oh wow my fangirl head has exploded in a mess of crap everywhere,USER USER USER USER USER whattt oh wow fangirl head exploded mess crap everywhere,@user @user @user @user @user WHATTT? Oh wow my fangirl head has exploded in a mess of crap everywhere,exploded,"Ì th Cliath, Ìäire",Not disaster-related,0.597,0.848461389541626,0.12300720065832138,0.028531482443213463,Negative,-0.8199299070984125,0.848461389541626
778249776,6.29055E+17,Worked at a fast food joint. Poured burnt hot oil down the sink. It hit the water in the trap and exploded.  @FallonTonight #WORSTSUMMERJOB,Worked at a fast food joint. Poured burnt hot oil down the sink. It hit the water in the trap and exploded. @FallonTonight #WORSTSUMMERJOB,worked fast food joint poured burnt hot oil sink hit water trap exploded USER worstsummerjob,Worked at a fast food joint. Poured burnt hot oil down the sink. It hit the water in the trap and exploded. @user #WORSTSUMMERJOB,exploded,Unknown,Not disaster-related,0.8018,0.8673073649406433,0.12058128416538239,0.012111345306038857,Negative,-0.8551960196346045,0.8673073649406433
778249782,6.29083E+17,GAElite 0    Explosion Greg 1 [Top 2nd] [0 Out] [0 balls] [0 strikes] ... No one on [P: #16 Morgan Orchard] [B: ],GAElite 0 Explosion Greg 1 [Top 2nd] [0 Out] [0 balls] [0 strikes] ... No one on [P: #16 Morgan Orchard] [B: ],gaelite NUMBER explosion greg NUMBER top NUMBER NUMBER ball NUMBER strike one p NUMBER morgan orchard b,GAElite 0 Explosion Greg 1 [Top 2nd] [0 Out] [0 balls] [0 strikes] ... No one on [P: #16 Morgan Orchard] [B: ],explosion,Unknown,Disaster-related,0.6006,0.02163335494697094,0.9578409194946289,0.020525723695755005,Neutral,-0.0011076312512159348,0.9578409194946289
778249783,6.29076E+17,Report: Corey Brewer was drug tested after 51-point explosion http://t.co/HhlLQCkcEP,Report: Corey Brewer was drug tested after 51-point explosion http://t.co/HhlLQCkcEP,report corey brewer drug tested NUMBER explosion URL,Report: Corey Brewer was drug tested after 51-point explosion http,explosion,Unknown,Disaster-related,0.8028,0.23545010387897491,0.7491242289543152,0.01542559266090393,Neutral,-0.22002451121807098,0.7491242289543152
778249787,6.29079E+17,Large explosion rocks aluminum plant in southeast Missouri Re:Naomi-No Logo http://t.co/0WdsEIHYQu,Large explosion rocks aluminum plant in southeast Missouri Re:Naomi-No Logo http://t.co/0WdsEIHYQu,large explosion rock aluminum plant southeast missouri logo URL,Large explosion rocks aluminum plant in southeast Missouri Re:Naomi-No Logo http,explosion,Unknown,Disaster-related,1.0,0.33220651745796204,0.6539730429649353,0.013820372521877289,Neutral,-0.31838614493608475,0.6539730429649353
778249789,6.29088E+17,GAElite 0    Explosion Greg 2 [Top 3rd] [0 Out] [0 balls] [0 strikes] ... No one on [P: #16 Morgan Orchard] [B: ],GAElite 0 Explosion Greg 2 [Top 3rd] [0 Out] [0 balls] [0 strikes] ... No one on [P: #16 Morgan Orchard] [B: ],gaelite NUMBER explosion greg NUMBER top NUMBER NUMBER ball NUMBER strike one p NUMBER morgan orchard b,GAElite 0 Explosion Greg 2 [Top 3rd] [0 Out] [0 balls] [0 strikes] ... No one on [P: #16 Morgan Orchard] [B: ],explosion,Unknown,Disaster-related,0.606,0.019317997619509697,0.9580796360969543,0.02260233461856842,Neutral,0.0032843369990587234,0.9580796360969543
778249792,6.29068E+17,MORE--&gt;OSHA officers on siteinvestigating Noranda explosion -KFVS12 News Cape Girardeau Carbondale Poplar Bluff http://t.co/Pxyh7zo7vT,MORE-->OSHA officers on siteinvestigating Noranda explosion -KFVS12 News Cape Girardeau Carbondale Poplar Bluff http://t.co/Pxyh7zo7vT,osha officer siteinvestigating noranda explosion news cape girardeau carbondale poplar bluff URL,MORE-->OSHA officers on siteinvestigating Noranda explosion -KFVS12 News Cape Girardeau Carbondale Poplar Bluff http,explosion,S.F. Bay area,Disaster-related,1.0,0.02875334769487381,0.9363254308700562,0.03492121770977974,Neutral,0.0061678700149059296,0.9363254308700562
778249795,6.29094E+17,"A Time-Lapse Map of Every Nuclear Explosion Since 1945 - by Isao Hashimoto #War #atomicbomb 
https://t.co/V0t8H4Iecc",A Time-Lapse Map of Every Nuclear Explosion Since 1945 - by Isao Hashimoto #War #atomicbomb https://t.co/V0t8H4Iecc,map every nuclear explosion since NUMBER isao hashimoto war atomicbomb URL,A Time-Lapse Map of Every Nuclear Explosion Since 1945 - by Isao Hashimoto #War #atomicbomb http,explosion,Unknown,Disaster-related,1.0,0.02542692795395851,0.9331282377243042,0.04144485294818878,Neutral,0.01601792499423027,0.9331282377243042
778249832,6.29256E+17,@Squibby_ I am an eyewitness HA,@Squibby_ I am an eyewitness HA,USER eyewitness ha,@user I am an eyewitness HA,eyewitness,East London.,Not disaster-related,0.7964,0.017780449241399765,0.6942546367645264,0.28796496987342834,Neutral,0.2701845206320286,0.6942546367645264
778249842,6.2932E+17,Interesting approach but doesn't replace Eyewitness video. The Ferguson Case - Video - http://t.co/vEcsoSRleR http://t.co/fiUOgj6hEF,Interesting approach but doesn't replace Eyewitness video. The Ferguson Case - Video - http://t.co/vEcsoSRleR http://t.co/fiUOgj6hEF,interesting approach replace eyewitness video ferguson case video URL URL,Interesting approach but doesn't replace Eyewitness video. The Ferguson Case - Video - http http,eyewitness,Unknown,Disaster-related,1.0,0.034312158823013306,0.6548172235488892,0.31087058782577515,Neutral,0.27655842900276184,0.6548172235488892
778249853,6.29317E+17,Cape Town: Thousands living on Cape Town's streets - Eyewitness News: Eyewitness NewsThousands living on Cape ... http://t.co/nAo6EWCPK2,Cape Town: Thousands living on Cape Town's streets - Eyewitness News: Eyewitness NewsThousands living on Cape ... http://t.co/nAo6EWCPK2,cape town thousand living cape town street eyewitness news eyewitness newsthousands living cape URL,Cape Town: Thousands living on Cape Town's streets - Eyewitness News: Eyewitness NewsThousands living on Cape ... http,eyewitness,"Cape Town, South Africa",Disaster-related,0.7963,0.1405985951423645,0.8351243138313293,0.0242770928889513,Neutral,-0.1163215022534132,0.8351243138313293
778249856,6.29264E+17,Wake Up Kern County Eyewitness News Mornings airing RIGHT NOW on KBAK CBS29. http://t.co/rorKtMpqNs #liveonKBAK http://t.co/eDznX6GOud,Wake Up Kern County Eyewitness News Mornings airing RIGHT NOW on KBAK CBS29. http://t.co/rorKtMpqNs #liveonKBAK http://t.co/eDznX6GOud,wake kern county eyewitness news morning airing right kbak URL liveonkbak URL,Wake Up Kern County Eyewitness News Mornings airing RIGHT NOW on KBAK CBS29. http #liveonKBAK http,eyewitness,"Bakersfield, California",Disaster-related,0.5994,0.0041121612302958965,0.9136089086532593,0.08227895945310593,Neutral,0.07816679822281003,0.9136089086532593
778249861,6.29322E+17,DK Eyewitness Travel Guide: Denmark: travel guide eBay auctions you should keep an eye on: http://t.co/l9EKHNkBar,DK Eyewitness Travel Guide: Denmark: travel guide eBay auctions you should keep an eye on: http://t.co/l9EKHNkBar,dk eyewitness travel guide denmark travel guide ebay auction keep eye URL,DK Eyewitness Travel Guide: Denmark: travel guide eBay auctions you should keep an eye on: http,eyewitness,Unknown,Not disaster-related,1.0,0.008171962574124336,0.9260749220848083,0.0657530203461647,Neutral,0.05758105777204037,0.9260749220848083
778249862,6.29313E+17,Dutch crane collapses demolishes houses: Dramatic eyewitness video captures the moment a Dutch crane hoisting...  http://t.co/8PpZNGYAqE,Dutch crane collapses demolishes houses: Dramatic eyewitness video captures the moment a Dutch crane hoisting... http://t.co/8PpZNGYAqE,dutch crane collapse demolishes house dramatic eyewitness video capture moment dutch crane hoisting URL,Dutch crane collapses demolishes houses: Dramatic eyewitness video captures the moment a Dutch crane hoisting... http,eyewitness,Unknown,Disaster-related,1.0,0.7137388586997986,0.2736274302005768,0.012633701786398888,Negative,-0.7011051569133997,0.7137388586997986
778249869,6.29264E+17,It's lights out again with stage-two load shedding: Stage-two load shedding will be in force between 5pm and 10pm. http://t.co/vxVfAEEY0q,It's lights out again with stage-two load shedding: Stage-two load shedding will be in force between 5pm and 10pm. http://t.co/vxVfAEEY0q,light load shedding load shedding force URL,It's lights out again with stage-two load shedding: Stage-two load shedding will be in force between 5pm and 10pm. http,eyewitness,South Africa,Not disaster-related,1.0,0.8130561113357544,0.1794959455728531,0.007447880692780018,Negative,-0.8056082306429744,0.8130561113357544
778249874,6.29322E+17,DK Eyewitness Travel Guide: Denmark: travel guide eBay auctions you should keep an eye on: http://t.co/7Tcs1ePOrQ,DK Eyewitness Travel Guide: Denmark: travel guide eBay auctions you should keep an eye on: http://t.co/7Tcs1ePOrQ,dk eyewitness travel guide denmark travel guide ebay auction keep eye URL,DK Eyewitness Travel Guide: Denmark: travel guide eBay auctions you should keep an eye on: http,eyewitness,Unknown,Not disaster-related,1.0,0.008171962574124336,0.9260749220848083,0.0657530203461647,Neutral,0.05758105777204037,0.9260749220848083
778249876,6.29334E+17,Freed #BokoHaram captives speak up: ÛÏI will make sure she goes to school.' @guardian http://t.co/PK8dgVripw http://t.co/RZ0adzursW,Freed #BokoHaram captives speak up: ÛÏI will make sure she goes to school.' @guardian http://t.co/PK8dgVripw http://t.co/RZ0adzursW,freed bokoharam captive speak ûïi make sure go school USER URL URL,Freed #BokoHaram captives speak up: ÛÏI will make sure she goes to school.' @user http http,eyewitness,"New York, NY",Not disaster-related,1.0,0.15214598178863525,0.7880926132202148,0.059761401265859604,Neutral,-0.09238458052277565,0.7880926132202148
778249891,6.293E+17,exporting food wont solve the problem. africans will end famine n poverty by SOLVING OUT OF CONTROL TRIBAL WARS. https://t.co/UttaNbigRx,exporting food wont solve the problem. africans will end famine n poverty by SOLVING OUT OF CONTROL TRIBAL WARS. https://t.co/UttaNbigRx,exporting food wont solve problem african end famine n poverty solving control tribal war URL,exporting food wont solve the problem. africans will end famine n poverty by SOLVING OUT OF CONTROL TRIBAL WARS. http,famine,"Earth, Milky Way, Universe",Disaster-related,1.0,0.7654667496681213,0.22384771704673767,0.010685456916689873,Negative,-0.7547812927514315,0.7654667496681213
778249894,6.29342E+17,Ukraine famine memorial in progress since 2006 goes up in Washington: http://t.co/Td7VIEoODi,Ukraine famine memorial in progress since 2006 goes up in Washington: http://t.co/Td7VIEoODi,ukraine famine memorial progress since NUMBER go washington URL,Ukraine famine memorial in progress since 2006 goes up in Washington: http,famine,"Washington, DC",Disaster-related,0.6036,0.03520764037966728,0.9172863960266113,0.04750595614314079,Neutral,0.01229831576347351,0.9172863960266113
778249899,6.29312E+17,Russian 'food crematoria' provoke outrage amid crisis famine memories http://t.co/GyH00mRKjm,Russian 'food crematoria' provoke outrage amid crisis famine memories http://t.co/GyH00mRKjm,russian crematorium provoke outrage amid crisis famine memory URL,Russian 'food crematoria' provoke outrage amid crisis famine memories http,famine,Unknown,Disaster-related,1.0,0.5970108509063721,0.39470046758651733,0.008288638666272163,Negative,-0.5887222122400999,0.5970108509063721
778249910,6.29311E+17,I would rather dwell in the land of famine and be in God's perfect will than to rest in the confines of Egypt... http://t.co/P14oePCrW0,I would rather dwell in the land of famine and be in God's perfect will than to rest in the confines of Egypt... http://t.co/P14oePCrW0,would rather dwell land famine god perfect rest confines egypt URL,I would rather dwell in the land of famine and be in God's perfect will than to rest in the confines of Egypt... http,famine,somewhere in time,Not disaster-related,0.7976,0.18330155313014984,0.5277079939842224,0.28899043798446655,Neutral,0.10568888485431671,0.5277079939842224
778249911,6.29283E+17,Russian 'food crematoria' provoke outrage amid crisis famine memories http://t.co/h6Z7hXUqtu via @YahooNews,Russian 'food crematoria' provoke outrage amid crisis famine memories http://t.co/h6Z7hXUqtu via @YahooNews,russian crematorium provoke outrage amid crisis famine memory URL via USER,Russian 'food crematoria' provoke outrage amid crisis famine memories http via @user,famine,United States,Disaster-related,1.0,0.4533960521221161,0.536374568939209,0.010229397565126419,Neutral,-0.44316665455698967,0.536374568939209
778249912,6.29356E+17,I've experienced the smell of rotting potatoes for the first time. The Famine must have been awful if the whole country smelled like that.,I've experienced the smell of rotting potatoes for the first time. The Famine must have been awful if the whole country smelled like that.,experienced smell rotting potato first time famine must awful whole country smelled like,I've experienced the smell of rotting potatoes for the first time. The Famine must have been awful if the whole country smelled like that.,famine,Ireland,Disaster-related,0.5997,0.9255452156066895,0.06527148187160492,0.009183241054415703,Negative,-0.9163619745522738,0.9255452156066895
778249916,6.29358E+17,UPDATE 1-Russian 'food crematoria' provoke outrage amid crisis famine memories: * Russian society still recal... http://t.co/J2erZbMjQD,UPDATE 1-Russian 'food crematoria' provoke outrage amid crisis famine memories: * Russian society still recal... http://t.co/J2erZbMjQD,update NUMBER crematorium provoke outrage amid crisis famine memory russian society still recal URL,UPDATE 1-Russian 'food crematoria' provoke outrage amid crisis famine memories: * Russian society still recal... http,famine,"Tampa, FL",Disaster-related,1.0,0.6910602450370789,0.30219292640686035,0.00674683041870594,Negative,-0.6843134146183729,0.6910602450370789
778249917,6.29356E+17,Miners strike; Botha Apartheid SA Tutu Nobel prize; IRA bomb Brighton  Famine in Ethiopia. '84 feels like yesterday http://t.co/UZKssvj9CW,Miners strike; Botha Apartheid SA Tutu Nobel prize; IRA bomb Brighton Famine in Ethiopia. '84 feels like yesterday http://t.co/UZKssvj9CW,miner strike botha apartheid sa tutu nobel prize ira bomb brighton famine ethiopia NUMBER feel like yesterday URL,Miners strike; Botha Apartheid SA Tutu Nobel prize; IRA bomb Brighton Famine in Ethiopia. '84 feels like yesterday http,famine,"Dublin, Ireland.",Disaster-related,0.6018,0.7489374279975891,0.23962703347206116,0.011435462161898613,Negative,-0.7375019658356905,0.7489374279975891
778249923,6.29321E+17,Maratha raiders scorched their lands &amp; Punjab refused them food aid during the 1943 famine wonder if Bengalis harbor some 'hard feelings',Maratha raiders scorched their lands & Punjab refused them food aid during the 1943 famine wonder if Bengalis harbor some 'hard feelings',maratha raider scorched land punjab refused food aid NUMBER famine wonder bengali harbor feeling,Maratha raiders scorched their lands & Punjab refused them food aid during the 1943 famine wonder if Bengalis harbor some 'hard feelings',famine,Telangana,Disaster-related,1.0,0.8347214460372925,0.15988317131996155,0.005395434331148863,Negative,-0.8293260117061436,0.8347214460372925
778249926,6.29336E+17,@Surf_Photo I squeezed a tear. Famine plague tsunami no chance. Lego - blubber!,@Surf_Photo I squeezed a tear. Famine plague tsunami no chance. Lego - blubber!,USER squeezed tear famine plague tsunami chance lego blubber,@user I squeezed a tear. Famine plague tsunami no chance. Lego - blubber!,famine,Unknown,Not disaster-related,0.5988,0.798187792301178,0.15718460083007812,0.044627659022808075,Negative,-0.7535601332783699,0.798187792301178
778249935,6.29079E+17,Success is not final failure is not fatal.It is the courage to continue that counts - http://t.co/gRTHlAACfV,Success is not final failure is not fatal.It is the courage to continue that counts - http://t.co/gRTHlAACfV,success final failure courage continue count URL,Success is not final failure is not fatal.It is the courage to continue that counts - http,fatal,Unknown,Not disaster-related,0.7994,0.018604187294840813,0.2444876879453659,0.7369081377983093,Positive,0.7183039505034685,0.7369081377983093
778249939,6.2908E+17,Police: man in his early 30s dies after shooting on Vermont St.: http://t.co/HteZ4z48Od http://t.co/Eq4rXC9bb3,Police: man in his early 30s dies after shooting on Vermont St.: http://t.co/HteZ4z48Od http://t.co/Eq4rXC9bb3,police man early dy shooting vermont URL URL,Police: man in his early 30s dies after shooting on Vermont St.: http http,fatal,"Buffalo, NY",Disaster-related,0.8028,0.5380248427391052,0.45062872767448425,0.011346433311700821,Negative,-0.5266784094274044,0.5380248427391052
778249950,6.29078E+17,Photo: No need to put your all your feelings on social mediaÛ_the results could be fatal. #message http://t.co/EzxtovAl4l,Photo: No need to put your all your feelings on social media Û_the results could be fatal. #message http://t.co/EzxtovAl4l,photo need put feeling social medium result could fatal message URL,Photo: No need to put your all your feelings on social media Û_the results could be fatal. #message http,fatal,"NJ, Amerikkka",Not disaster-related,0.7961,0.532070517539978,0.4275016188621521,0.04042789340019226,Negative,-0.49164262413978577,0.532070517539978
778249958,6.29086E+17,Success is not permanent &amp; failure is not fatal.,Success is not permanent & failure is not fatal.,success permanent failure fatal,Success is not permanent & failure is not fatal.,fatal,"Jaipur, Rajasthan, India",Not disaster-related,1.0,0.09022695571184158,0.4687388837337494,0.44103413820266724,Neutral,0.35080718249082565,0.4687388837337494
778249963,6.29082E+17,"Tell me why or why not
to adopt in this way
maybe I overlooked something
fatal for me
?whyor why not?",Tell me why or why not to adopt in this way maybe I overlooked something fatal for me ?whyor why not?,tell adopt way maybe overlooked something fatal whyor,Tell me why or why not to adopt in this way maybe I overlooked something fatal for me ?whyor why not?,fatal,Unknown,Not disaster-related,1.0,0.6368948817253113,0.35019758343696594,0.012907595373690128,Negative,-0.6239872863516212,0.6368948817253113
778249977,6.29084E+17,Investigators shift focus to cause of fatal Waimate fire http://t.co/GoeTJGIhOp,Investigators shift focus to cause of fatal Waimate fire http://t.co/GoeTJGIhOp,investigator shift focus cause fatal waimate fire URL,Investigators shift focus to cause of fatal Waimate fire http,fatal,Unknown,Disaster-related,0.7988,0.29188305139541626,0.6897119879722595,0.018404925242066383,Neutral,-0.2734781261533499,0.6897119879722595
778249978,6.29339E+17,@noobde @comingsoonnet YEEESSSS!!!! I will buy him twice!! No KP2 jus release kombatants stages alternate kostumes and fatalities at will,@noobde @comingsoonnet YEEESSSS!!!! I will buy him twice!! No KP2 jus release kombatants stages alternate kostumes and fatalities at will,USER USER yeeessss buy twice jus release kombatants stage alternate kostumes fatality,@user @user YEEESSSS!!!! I will buy him twice!! No KP2 jus release kombatants stages alternate kostumes and fatalities at will,fatalities,Unknown,Not disaster-related,1.0,0.01288994587957859,0.11763836443424225,0.8694716691970825,Positive,0.8565817233175039,0.8694716691970825
778249983,6.29253E+17,Las Vegas in top 5 cities for red-light running fatalities - News3LV http://t.co/eXdbcx4gCR,Las Vegas in top 5 cities for red-light running fatalities - News3LV http://t.co/eXdbcx4gCR,la vega top NUMBER city running fatality URL,Las Vegas in top 5 cities for red-light running fatalities - News3LV http,fatalities,Unknown,Not disaster-related,0.5961,0.14264777302742004,0.8326571583747864,0.024695049971342087,Neutral,-0.11795272305607796,0.8326571583747864
778249992,6.29329E+17,"#Seattle's deadliest red light runner intersections revealed
 http://t.co/gHk9Xup6E0",#Seattle's deadliest red light runner intersections revealed http://t.co/gHk9Xup6E0,seattle deadliest red light runner intersection revealed URL,#Seattle's deadliest red light runner intersections revealed http,fatalities,#WashingtonState #Seattle,Disaster-related,0.5995,0.6210567951202393,0.3681800067424774,0.010763142257928848,Negative,-0.6102936528623104,0.6210567951202393
778249998,6.29284E+17,#Saudi Arabia: #Abha: Fatalities reported following suicide bombing at mosque; avoid area http://t.co/1xW0Z8ZeqW,#Saudi Arabia: #Abha: Fatalities reported following suicide bombing at mosque; avoid area http://t.co/1xW0Z8ZeqW,saudi arabia abha fatality reported following suicide bombing mosque avoid area URL,#Saudi Arabia: #Abha: Fatalities reported following suicide bombing at mosque; avoid area http,fatalities,"Washington, DC",Disaster-related,1.0,0.8384761810302734,0.15636011958122253,0.005163716617971659,Negative,-0.8333124644123018,0.8384761810302734
778249999,6.29326E+17,"'Use our roads wisely and prevent the carnage from continuing...let us have no fatalities over this holiday period..'
#GGIndependencMessage",'Use our roads wisely and prevent the carnage from continuing...let us have no fatalities over this holiday period..' #GGIndependencMessage,road wisely prevent carnage continuing let u fatality holiday period ggindependencmessage,'Use our roads wisely and prevent the carnage from continuing...let us have no fatalities over this holiday period..' #GGIndependencMessage,fatalities,"Hope Road, Jamaica",Not disaster-related,1.0,0.24412210285663605,0.5914710760116577,0.1644069105386734,Neutral,-0.07971519231796265,0.5914710760116577
778250001,6.29165E+17,The X-rays in MKX be looking like fatalities.,The X-rays in MKX be looking like fatalities.,mkx looking like fatality,The X-rays in MKX be looking like fatalities.,fatalities,Unknown,Not disaster-related,1.0,0.8128020167350769,0.17514590919017792,0.012051988393068314,Negative,-0.8007500283420086,0.8128020167350769
778250014,6.29297E+17,Mortal Kombat X is an excellent fatalities and the most fun IÛªve ever had with a mortal kombat SEGA's version http://t.co/fLO8fgy35A,Mortal Kombat X is an excellent fatalities and the most fun I Ûªve ever had with a mortal kombat SEGA's version http://t.co/fLO8fgy35A,mortal kombat x excellent fatality fun ûªve ever mortal kombat sega version URL,Mortal Kombat X is an excellent fatalities and the most fun I Ûªve ever had with a mortal kombat SEGA's version http,fatalities,"Jogja, Indonesia Slowly Asia",Not disaster-related,0.8,0.0029955049976706505,0.03349865600466728,0.9635058045387268,Positive,0.9605102995410562,0.9635058045387268
778250018,6.29302E+17,RCMP confirm fatalities in two-vehicle crash: TCH remains closed at Whitbourne due to accident http://t.co/0RokDuTyUN,RCMP confirm fatalities in two-vehicle crash: TCH remains closed at Whitbourne due to accident http://t.co/0RokDuTyUN,rcmp confirm fatality crash tch remains closed whitbourne due accident URL,RCMP confirm fatalities in two-vehicle crash: TCH remains closed at Whitbourne due to accident http,fatalities,Unknown,Disaster-related,1.0,0.5652807354927063,0.42526954412460327,0.009449703618884087,Negative,-0.5558310318738222,0.5652807354927063
778250034,6.29221E+17,Flourishing sleigh bell an toothsome transit fatality: oNrhPz http://t.co/gB4W3T7b3T,Flourishing sleigh bell an toothsome transit fatality: oNrhPz http://t.co/gB4W3T7b3T,flourishing sleigh bell toothsome transit fatality onrhpz URL,Flourishing sleigh bell an toothsome transit fatality: oNrhPz http,fatality,Unknown,Disaster-related,0.606,0.7374250888824463,0.2515580654144287,0.011016854085028172,Negative,-0.7264082347974181,0.7374250888824463
778250057,6.29248E+17,Don't let your #writing suffer a fatality! Learn how to seek and destroy bad writing--weekly on Live Write Thrive: http://t.co/VVuL9eGPe8,Don't let your #writing suffer a fatality! Learn how to seek and destroy bad writing--weekly on Live Write Thrive: http://t.co/VVuL9eGPe8,let writing suffer fatality learn seek destroy bad writing weekly live write thrive URL,Don't let your #writing suffer a fatality! Learn how to seek and destroy bad writing--weekly on Live Write Thrive: http,fatality,"Santa Cruz, CA",Not disaster-related,0.8,0.5740677118301392,0.3617982566356659,0.06413409113883972,Negative,-0.5099336206912994,0.5740677118301392
778250061,6.29347E+17,'Seeing that there's a video of every fatality on Mileena makes me sad.','Seeing that there's a video of every fatality on Mileena makes me sad.',video every fatality mileena make sad,'Seeing that there's a video of every fatality on Mileena makes me sad.',fatality,Nunya,Not disaster-related,0.6012,0.9279149174690247,0.06689748913049698,0.005187563132494688,Negative,-0.92272735433653,0.9279149174690247
778250066,6.29173E+17,Fatality scary af. Probably not the best falcon but still scary.,Fatality scary af. Probably not the best falcon but still scary.,fatality scary af probably best falcon still scary,Fatality scary af. Probably not the best falcon but still scary.,fatality,TX,Not disaster-related,1.0,0.9020082354545593,0.08689713478088379,0.01109463069587946,Negative,-0.8909136047586799,0.9020082354545593
778250068,6.29306E+17,I liked a @YouTube video from @vgbootcamp http://t.co/7LvGCMyIyJ S@X 109 - sN | vaBengal (ZSS) Vs. SWS | Fatality (Captain Falcon),I liked a @YouTube video from @vgbootcamp http://t.co/7LvGCMyIyJ S@X 109 - sN | vaBengal (ZSS) Vs. SWS | Fatality (Captain Falcon),liked USER video USER URL USER NUMBER sn vabengal zss sw fatality captain falcon,I liked a @user video from @user http S@user 109 - sN | vaBengal (ZSS) Vs. SWS | Fatality (Captain Falcon),fatality,"Christiana,Tennessee",Not disaster-related,1.0,0.0033098889980465174,0.1178935170173645,0.8787965774536133,Positive,0.8754866884555668,0.8787965774536133
778250070,6.29338E+17,@GodHunt_sltv FATALITY,@GodHunt_sltv FATALITY,USER fatality,@user FATALITY,fatality,Unknown,Not disaster-related,0.5724,0.20186017453670502,0.6817481517791748,0.11639165133237839,Neutral,-0.08546852320432663,0.6817481517791748
778250071,6.29169E+17,@LindaSOCVAT @TfLBusAlerts Yes apparently. Report of cow fatality as well sadly.,@LindaSOCVAT @TfLBusAlerts Yes apparently. Report of cow fatality as well sadly.,USER USER yes apparently report cow fatality well sadly,@user @user Yes apparently. Report of cow fatality as well sadly.,fatality,"Bishops Stortford, England",Disaster-related,0.6008,0.8841437101364136,0.11032919585704803,0.005527128465473652,Negative,-0.8786165816709399,0.8841437101364136
778250075,6.2933E+17,FAVORITE FATALITY!!after she tore her enemy's face she took a selfie &amp; posted on kinda-Mortal Kombat's Facebook. LOL http://t.co/GLyNizSnAK,FAVORITE FATALITY!!after she tore her enemy's face she took a selfie & posted on kinda-Mortal Kombat's Facebook. LOL http://t.co/GLyNizSnAK,favorite fatality tore enemy face took selfie posted kombat facebook lol URL,FAVORITE FATALITY!!after she tore her enemy's face she took a selfie & posted on kinda-Mortal Kombat's Facebook. LOL http,fatality,Unknown,Not disaster-related,0.597,0.02552214078605175,0.1262340247631073,0.8482438325881958,Positive,0.822721691802144,0.8482438325881958
778250080,6.29081E+17,I made a friend more interesting than all of y'all combined https://t.co/isBtzUJFBm,I made a friend more interesting than all of y'all combined https://t.co/isBtzUJFBm,made friend interesting combined URL,I made a friend more interesting than all of y'all combined http,fear,Unknown,Not disaster-related,1.0,0.012794822454452515,0.10898477584123611,0.8782204389572144,Positive,0.8654256165027618,0.8782204389572144
778250084,6.29083E+17,My biggest fear is disappointing the people who believe in me,My biggest fear is disappointing the people who believe in me,biggest fear disappointing people believe,My biggest fear is disappointing the people who believe in me,fear,Unknown,Not disaster-related,1.0,0.7416951656341553,0.2101556658744812,0.04814916104078293,Negative,-0.6935460045933723,0.7416951656341553
778250102,6.29082E+17,my worst fear. https://t.co/iH8UDz8mq3,my worst fear. https://t.co/iH8UDz8mq3,worst fear URL,my worst fear. http,fear,"Thibodaux, LA",Not disaster-related,1.0,0.8210881948471069,0.1539371758699417,0.024974647909402847,Negative,-0.7961135469377041,0.8210881948471069
778250114,6.29082E+17,my biggest fear is that eventually you will see me the way i see myself.,my biggest fear is that eventually you will see me the way i see myself.,biggest fear eventually see way see,my biggest fear is that eventually you will see me the way i see myself.,fear,New York. NY,Not disaster-related,1.0,0.8332102298736572,0.15357257425785065,0.013217246159911156,Negative,-0.8199929837137461,0.8332102298736572
778250118,6.29083E+17,The Walking Dead spin off Fear the Walking Dead is on the 23rd ??????,The Walking Dead spin off Fear the Walking Dead is on the 23rd ??????,walking dead spin fear walking dead,The Walking Dead spin off Fear the Walking Dead is on the 23rd ??????,fear,"Bremerton, WA",Disaster-related,0.8001,0.03218340128660202,0.8171510696411133,0.1506655365228653,Neutral,0.11848213523626328,0.8171510696411133
778250119,6.29081E+17,@mcnabbychic I fear not for a while,@mcnabbychic I fear not for a while,USER fear,@user I fear not for a while,fear,"Tulalip, Washington",Not disaster-related,1.0,0.7429251670837402,0.23784023523330688,0.019234616309404373,Negative,-0.7236905507743359,0.7429251670837402
778250128,6.29121E+17,HOLY FUCK SOMEONE SET ME ON FIRE https://t.co/GXnvqCGjQ2,HOLY FUCK SOMEONE SET ME ON FIRE https://t.co/GXnvqCGjQ2,holy fuck someone set fire URL,HOLY FUCK SOMEONE SET ME ON FIRE http,fire,Unknown,Not disaster-related,1.0,0.8521153926849365,0.11981822550296783,0.028066404163837433,Negative,-0.8240489885210991,0.8521153926849365
778250129,6.29121E+17,Why is it that my pinky feels like it's lit on fire ? #freaky,Why is it that my pinky feels like it's lit on fire ? #freaky,pinky feel like lit fire freaky,Why is it that my pinky feels like it's lit on fire ? #freaky,fire,Michigan,Not disaster-related,1.0,0.824130117893219,0.1603567749261856,0.01551315188407898,Negative,-0.80861696600914,0.824130117893219
778250137,6.29121E+17,My avi And header combo is fire,My avi And header combo is fire,avi header combo fire,My avi And header combo is fire,fire,Unknown,Not disaster-related,0.8018,0.009278717450797558,0.04616808146238327,0.9445531964302063,Positive,0.9352744789794087,0.9445531964302063
778250138,6.29121E+17,http://t.co/iNkuv5DNTX #auction #shoes Retro 5 fire red http://t.co/1cvEGTIZOG,http://t.co/iNkuv5DNTX #auction #shoes Retro 5 fire red http://t.co/1cvEGTIZOG,URL auction shoe retro NUMBER fire red URL,http #auction #shoes Retro 5 fire red http,fire,Wrex,Not disaster-related,1.0,0.007048299070447683,0.8876261711120605,0.10532546043395996,Neutral,0.09827716136351228,0.8876261711120605
778250139,6.29121E+17,My asshole is on fire  https://t.co/Y3FO0gHg8t,My asshole is on fire https://t.co/Y3FO0gHg8t,asshole fire URL,My asshole is on fire http,fire,Unknown,Not disaster-related,1.0,0.8577443957328796,0.10695499181747437,0.0353006087243557,Negative,-0.8224437870085239,0.8577443957328796
778250141,6.29121E+17,Setting things on fire is always an option,Setting things on fire is always an option,setting thing fire always option,Setting things on fire is always an option,fire,Unknown,Disaster-related,0.6024,0.49163341522216797,0.47695738077163696,0.031409237533807755,Negative,-0.4602241776883602,0.49163341522216797
778250153,6.29121E+17,This fire is WAY too close wtf is going on ???? http://t.co/drf3mmRbyx,This fire is WAY too close wtf is going on ???? http://t.co/drf3mmRbyx,fire way close wtf going URL,This fire is WAY too close wtf is going on ???? http,fire,Unknown,Disaster-related,1.0,0.9228019118309021,0.06872064620256424,0.00847739726305008,Negative,-0.914324514567852,0.9228019118309021
778250156,6.29121E+17,well it feels like im on fire.,well it feels like im on fire.,well feel like im fire,well it feels like im on fire.,fire,Zac Newsome loves me,Not disaster-related,1.0,0.6222233772277832,0.2918442189693451,0.08593245595693588,Negative,-0.5362909212708473,0.6222233772277832
778250165,6.29121E+17,@traplordthings Y din u fav my fire memez åÀ!,@traplordthings Y din u fav my fire memez åÀ!,USER din u fav fire memez åà,@user Y din u fav my fire memez åÀ!,fire,Lakeland Fl,Not disaster-related,0.606,0.007883324287831783,0.14633120596408844,0.8457854986190796,Positive,0.8379021743312478,0.8457854986190796
778250167,6.29121E+17,This nigga Cyhi diss was what Meek was suppose to do. This shit actually fire,This nigga Cyhi diss was what Meek was suppose to do. This shit actually fire,nigga cyhi dis meek suppose shit actually fire,This nigga Cyhi diss was what Meek was suppose to do. This shit actually fire,fire,"Newark, NJ",Not disaster-related,0.7976,0.03417227044701576,0.2723847031593323,0.6934430003166199,Positive,0.6592707298696041,0.6934430003166199
778250173,6.29121E+17,It may seem like our fire has been a little burnt out....,It may seem like our fire has been a little burnt out....,may seem like fire little burnt,It may seem like our fire has been a little burnt out....,fire,University of South Florida,Not disaster-related,0.5989,0.46684959530830383,0.5129657983779907,0.020184626802802086,Neutral,-0.44666496850550175,0.5129657983779907
778250174,6.29121E+17,Smelling a Bon fire while driving makes me wanna be sitting near one making s'mores ????,Smelling a Bon fire while driving makes me wanna be sitting near one making s'mores ????,smelling bon fire driving make wan na sitting near one making,Smelling a Bon fire while driving makes me wanna be sitting near one making s'mores ????,fire,Unknown,Disaster-related,0.6034,0.3488895893096924,0.5587838292121887,0.09232654422521591,Neutral,-0.25656304508447647,0.5587838292121887
778250192,6.29097E+17,Former Township fire truck being used in Philippines - Langley Times http://t.co/L90dCPV9Zu #Philippines,Former Township fire truck being used in Philippines - Langley Times http://t.co/L90dCPV9Zu #Philippines,former township fire truck used philippine langley time URL philippine,Former Township fire truck being used in Philippines - Langley Times http #Philippines,fire truck,SouthEast Asia,Disaster-related,0.8049,0.027547089383006096,0.9448768496513367,0.02757609635591507,Neutral,2.9006972908973694e-05,0.9448768496513367
778250202,6.29082E+17,"Came across this fire video not mine..enjoy..Babes way of saying hi to me while he's in the fire truck??
#fireman #Û_ http://t.co/V5gTUnwohy",Came across this fire video not mine..enjoy..Babes way of saying hi to me while he's in the fire truck?? #fireman # Û_ http://t.co/V5gTUnwohy,came across fire video mine enjoy babe way saying hi fire truck fireman URL,Came across this fire video not mine..enjoy..Babes way of saying hi to me while he's in the fire truck?? #fireman # Û_ http,fire truck,Five down from the Coffeeshop,Not disaster-related,0.665,0.3056296706199646,0.6443601846694946,0.050010181963443756,Neutral,-0.25561948865652084,0.6443601846694946
778250245,6.29246E+17,I just added 'Sandy First Responders Lost Their Homes' to VIP Home Page Group on @Vimeo: https://t.co/lKXi6UXjaQ,I just added 'Sandy First Responders Lost Their Homes' to VIP Home Page Group on @Vimeo: https://t.co/lKXi6UXjaQ,added first responder lost home vip home page group USER URL,I just added 'Sandy First Responders Lost Their Homes' to VIP Home Page Group on @user: http,first responders,New York City,Disaster-related,0.6026,0.01606287807226181,0.9034749865531921,0.08046212792396545,Neutral,0.06439924985170364,0.9034749865531921
778250255,6.29149E+17,"SPD OFFICER SHOT - PLEASE PRAY

Please pray for the Shreveport Police Department and other first responders... http://t.co/Kx1YnSME5T",SPD OFFICER SHOT - PLEASE PRAY Please pray for the Shreveport Police Department and other first responders... http://t.co/Kx1YnSME5T,spd officer shot please pray please pray shreveport police department first responder URL,SPD OFFICER SHOT - PLEASE PRAY Please pray for the Shreveport Police Department and other first responders... http,first responders,Unknown,Disaster-related,1.0,0.05937359854578972,0.7110119462013245,0.22961445152759552,Neutral,0.1702408529818058,0.7110119462013245
778250258,6.29284E+17,Red Cross arrived on the scene around 9:30pm to canteen for first Responders fighting this massive blaze. Go... http://t.co/IDY9KsCaVV,Red Cross arrived on the scene around 9:30pm to canteen for first Responders fighting this massive blaze. Go... http://t.co/IDY9KsCaVV,red cross arrived scene around NUMBER canteen first responder fighting massive blaze go URL,Red Cross arrived on the scene around 9:30pm to canteen for first Responders fighting this massive blaze. Go... http,first responders,"Goldsboro, NC",Disaster-related,1.0,0.027504144236445427,0.8246634006500244,0.14783242344856262,Neutral,0.1203282792121172,0.8246634006500244
778250269,6.29326E+17,First Responders get int @bridgeportspeed free on Saturday! Details @ http://t.co/dIh1TgQhej,First Responders get int @bridgeportspeed free on Saturday! Details @ http://t.co/dIh1TgQhej,first responder get int USER free saturday detail URL,First Responders get int @user free on Saturday! Details @ http,first responders,"Basking Ridge, NJ",Not disaster-related,0.6006,0.005281252786517143,0.8597819805145264,0.1349368393421173,Neutral,0.12965558655560017,0.8597819805145264
778250274,6.29326E+17,First Responders needed for a Cedar City community event Aug 7/8. Contact Terri Linford at 435-327-1148. Meeting tonight.,First Responders needed for a Cedar City community event Aug 7/8. Contact Terri Linford at 435-327-1148. Meeting tonight.,first responder needed cedar city community event aug NUMBER NUMBER contact terri linford NUMBER NUMBER NUMBER meeting tonight,First Responders needed for a Cedar City community event Aug 7/8. Contact Terri Linford at 435-327-1148. Meeting tonight.,first responders,"Cedar City, Utah",Not disaster-related,1.0,0.00871360581368208,0.9327412247657776,0.05854514241218567,Neutral,0.04983153659850359,0.9327412247657776
778250291,6.29094E+17,@ClockworkHeart When I read it this morning I had  a Mrs White moment ('Flames on the side of my face...') GAH.,@ClockworkHeart When I read it this morning I had a Mrs White moment ('Flames on the side of my face...') GAH.,USER read morning mr white moment side face gah,@user When I read it this morning I had a Mrs White moment ('Flames on the side of my face...') GAH.,flames,Unknown,Not disaster-related,1.0,0.21347711980342865,0.4837172031402588,0.30280566215515137,Neutral,0.08932854235172272,0.4837172031402588
778250294,6.29095E+17,that new lil b x chance is nothing but flames,that new lil b x chance is nothing but flames,new lil b x chance nothing flame,that new lil b x chance is nothing but flames,flames,houstn,Not disaster-related,0.8,0.012588199228048325,0.07762379944324493,0.9097879528999329,Positive,0.8971997536718845,0.9097879528999329
778250305,6.29101E+17,RP said they can see smoke coming from the silo on 260th Street in Hartford but no flames.,RP said they can see smoke coming from the silo on 260th Street in Hartford but no flames.,rp said see smoke coming silo street hartford flame,RP said they can see smoke coming from the silo on 260th Street in Hartford but no flames.,flames,"Sioux Falls, S.D.",Disaster-related,1.0,0.06396007537841797,0.9164556264877319,0.019584305584430695,Neutral,-0.044375769793987274,0.9164556264877319
778250316,6.29099E+17,If you have an opinion and you don't put it on thh internet you will furst into flames.,If you have an opinion and you don't put it on thh internet you will furst into flames.,opinion put thh internet furst flame,If you have an opinion and you don't put it on thh internet you will furst into flames.,flames,Unknown,Not disaster-related,1.0,0.7224220037460327,0.2659056484699249,0.011672377586364746,Negative,-0.710749626159668,0.7224220037460327
778250337,6.29032E+17,Zouma has just absolutely flattened that guy ??,Zouma has just absolutely flattened that guy ??,zouma absolutely flattened guy,Zouma has just absolutely flattened that guy ??,flattened,"Frome, Somerset, England",Not disaster-related,0.5964,0.5058828592300415,0.4303276538848877,0.06378950923681259,Negative,-0.4420933499932289,0.5058828592300415
778250341,6.29078E+17,Today (August 6th) is the 70th anniversary of A-Bomb 'Little Boy' been dropped on Hiroshima.70000 killed outright as the city was flattened,Today (August 6th) is the 70th anniversary of A-Bomb 'Little Boy' been dropped on Hiroshima.70000 killed outright as the city was flattened,today august anniversary boy dropped hiroshima NUMBER killed outright city flattened,Today (August 6th) is the 70th anniversary of A-Bomb 'Little Boy' been dropped on Hiroshima.70000 killed outright as the city was flattened,flattened,UK,Disaster-related,1.0,0.880499541759491,0.11143995821475983,0.008060491643846035,Negative,-0.8724390501156449,0.880499541759491
778250348,6.2906E+17,Conklin being flattened. Shuffled feet instead of kick slide. Didn't get hands up into chest. http://t.co/67TjN9EgyK,Conklin being flattened. Shuffled feet instead of kick slide. Didn't get hands up into chest. http://t.co/67TjN9EgyK,conklin flattened shuffled foot instead kick slide get hand chest URL,Conklin being flattened. Shuffled feet instead of kick slide. Didn't get hands up into chest. http,flattened,Unknown,Not disaster-related,0.5958,0.3838118612766266,0.5941020846366882,0.02208607643842697,Neutral,-0.3617257848381996,0.5941020846366882
778250351,6.29001E+17,Picking up flattened hay men (@ Masonite in Wahpeton ND) https://t.co/Kw3vq4niJQ,Picking up flattened hay men (@ Masonite in Wahpeton ND) https://t.co/Kw3vq4niJQ,picking flattened hay men masonite wahpeton nd URL,Picking up flattened hay men (@ Masonite in Wahpeton ND) http,flattened,"Wahpeton, ND",Not disaster-related,1.0,0.013613858260214329,0.9488998651504517,0.03748630732297897,Neutral,0.023872449062764645,0.9488998651504517
778250357,6.29059E+17,Would've been great if Mbiwa just flattened that little rat.,Would've been great if Mbiwa just flattened that little rat.,would great mbiwa flattened little rat,Would've been great if Mbiwa just flattened that little rat.,flattened,Unknown,Not disaster-related,0.7994,0.2647952735424042,0.365793913602829,0.36941078305244446,Positive,0.10461550951004028,0.36941078305244446
778250360,6.29051E+17,Flattened via IDEAS IN FOOD - A cheesecake brownie does not always have the aesthetic we are ... http://t.co/oRSmW5Airj,Flattened via IDEAS IN FOOD - A cheesecake brownie does not always have the aesthetic we are ... http://t.co/oRSmW5Airj,flattened via idea food cheesecake brownie always aesthetic URL,Flattened via IDEAS IN FOOD - A cheesecake brownie does not always have the aesthetic we are ... http,flattened,San Diego,Disaster-related,0.8012,0.10134992748498917,0.8193914294242859,0.07925863564014435,Neutral,-0.022091291844844818,0.8193914294242859
778250361,6.2903E+17,I don't doubt it. But it was his implicit statement in doing it that makes me want him flattened by a bus. https://t.co/5hlJUcxI0S,I don't doubt it. But it was his implicit statement in doing it that makes me want him flattened by a bus. https://t.co/5hlJUcxI0S,doubt implicit statement make want flattened bus URL,I don't doubt it. But it was his implicit statement in doing it that makes me want him flattened by a bus. http,flattened,Ventura,Not disaster-related,0.7988,0.7398474812507629,0.2442748248577118,0.015877654775977135,Negative,-0.7239698264747858,0.7398474812507629
778250366,6.2898E+17,@FollowerOfDole 'Give me your lunch money ner-' *flattened by falling quarter*,@FollowerOfDole 'Give me your lunch money ner-' *flattened by falling quarter*,USER lunch money flattened falling quarter,@user 'Give me your lunch money ner-' *flattened by falling quarter*,flattened,Worldwalking,Not disaster-related,0.7952,0.15164704620838165,0.7281737327575684,0.12017922848463058,Neutral,-0.03146781772375107,0.7281737327575684
778250369,6.29102E+17,"@tweetingLew @tersestuff 

Notley flattened Harper IN HIS Heartland
Harper Imported tens of thousands of TFW slaves COST ALBERTANS JOBS",@tweetingLew @tersestuff Notley flattened Harper IN HIS Heartland Harper Imported tens of thousands of TFW slaves COST ALBERTANS JOBS,USER USER notley flattened harper heartland harper imported ten thousand tfw slave cost albertans job,@user @user Notley flattened Harper IN HIS Heartland Harper Imported tens of thousands of TFW slaves COST ALBERTANS JOBS,flattened,"Mississauga, Ontario",Not disaster-related,0.8012,0.5787752270698547,0.40725940465927124,0.013965357095003128,Negative,-0.5648098699748516,0.5787752270698547
778250384,6.29085E+17,A [small] flood with bigåÊconsequences https://t.co/CVPdVHxd1R http://t.co/FDMXP4FcMo,A [small] flood with bigåÊconsequences https://t.co/CVPdVHxd1R http://t.co/FDMXP4FcMo,small flood bigåêconsequences URL URL,A [small] flood with bigåÊconsequences http http,flood,"Warrandyte, Australia",Disaster-related,1.0,0.311588317155838,0.6571400165557861,0.03127162531018257,Neutral,-0.28031669184565544,0.6571400165557861
778250388,6.29085E+17,2 NNW Hana [Maui Co HI] COUNTY OFFICIAL reports COASTAL FLOOD at 5 Aug 10:00 AM HST -- WAIANAPANAPA STATE PARK CLOSED DUE TO LARGE SURF. Û_,2 NNW Hana [Maui Co HI] COUNTY OFFICIAL reports COASTAL FLOOD at 5 Aug 10:00 AM HST -- WAIANAPANAPA STATE PARK CLOSED DUE TO LARGE SURF. Û_,NUMBER nnw hana maui co hi county official report coastal flood NUMBER aug NUMBER NUMBER hst waianapanapa state park closed due large surf,2 NNW Hana [Maui Co HI] COUNTY OFFICIAL reports COASTAL FLOOD at 5 Aug 10:00 AM HST -- WAIANAPANAPA STATE PARK CLOSED DUE TO LARGE SURF. Û_,flood,United States,Disaster-related,0.8048,0.2910509705543518,0.6964519023895264,0.012497100979089737,Neutral,-0.27855386957526207,0.6964519023895264
778250390,6.29084E+17,"It's been raining since you left me
Now I'm drowning in the flood
You see I've always been a fighter
But without you I give up",It's been raining since you left me Now I'm drowning in the flood You see I've always been a fighter But without you I give up,raining since left drowning flood see always fighter without give,It's been raining since you left me Now I'm drowning in the flood You see I've always been a fighter But without you I give up,flood,Unknown,Not disaster-related,0.5974,0.7195768356323242,0.23827452957630157,0.042148657143116,Negative,-0.6774281784892082,0.7195768356323242
778250391,6.29082E+17,2pcs 18W CREE Led Work Light  Offroad Lamp Car Truck Boat Mining 4WD FLOOD BEAM - Full reaÛ_ http://t.co/0AIV5KhZjv http://t.co/q6HHZbFxCv,2pcs 18W CREE Led Work Light Offroad Lamp Car Truck Boat Mining 4WD FLOOD BEAM - Full rea Û_ http://t.co/0AIV5KhZjv http://t.co/q6HHZbFxCv,cree led work light offroad lamp car truck boat mining flood beam full rea URL URL,2pcs 18W CREE Led Work Light Offroad Lamp Car Truck Boat Mining 4WD FLOOD BEAM - Full rea Û_ http http,flood,New York,Disaster-related,0.5958,0.025207094848155975,0.9518907070159912,0.022902315482497215,Neutral,-0.00230477936565876,0.9518907070159912
778250424,6.29084E+17,12' 72W CREE LED Work Light Bar Alloy Spot Flood Combo Diving Offroad 4WD Boat - Full readÛ_ http://t.co/EBJz2MxLr3 http://t.co/jvVD8smJMw,12' 72W CREE LED Work Light Bar Alloy Spot Flood Combo Diving Offroad 4WD Boat - Full read Û_ http://t.co/EBJz2MxLr3 http://t.co/jvVD8smJMw,NUMBER cree led work light bar alloy spot flood combo diving offroad boat full read URL URL,12' 72W CREE LED Work Light Bar Alloy Spot Flood Combo Diving Offroad 4WD Boat - Full read Û_ http http,flood,New York,Disaster-related,0.6078,0.017562231048941612,0.9452557563781738,0.03718196600675583,Neutral,0.019619734957814217,0.9452557563781738
778250427,6.29081E+17,Spot Flood Combo 53inch 300W Curved Cree LED Work Light Bar 4X4 Offroad Fog Lamp - Full reÛ_ http://t.co/arR2CVbqJJ http://t.co/nahMndn8X1,Spot Flood Combo 53inch 300W Curved Cree LED Work Light Bar 4X4 Offroad Fog Lamp - Full re Û_ http://t.co/arR2CVbqJJ http://t.co/nahMndn8X1,spot flood combo curved cree led work light bar offroad fog lamp full URL URL,Spot Flood Combo 53inch 300W Curved Cree LED Work Light Bar 4X4 Offroad Fog Lamp - Full re Û_ http http,flood,New York,Not disaster-related,0.5994,0.025416428223252296,0.9434278011322021,0.031155837699770927,Neutral,0.005739409476518631,0.9434278011322021
778250430,6.29331E+17,Business at the Sponge Docks washed out by rain flooding: http://t.co/5PmikAVyKL,Business at the Sponge Docks washed out by rain flooding: http://t.co/5PmikAVyKL,business sponge dock washed rain flooding URL,Business at the Sponge Docks washed out by rain flooding: http,flooding,"Tampa-St. Petersburg, FL",Disaster-related,1.0,0.5963978171348572,0.39101001620292664,0.012592174112796783,Negative,-0.5838056430220604,0.5963978171348572
778250440,6.29336E+17,Awh damn  I just realized yall gone flooding my TL with school shit and Ima be like .. ??,Awh damn I just realized yall gone flooding my TL with school shit and Ima be like .. ??,awh damn realized yall gone flooding tl school shit ima like,Awh damn I just realized yall gone flooding my TL with school shit and Ima be like .. ??,flooding,Unknown,Disaster-related,0.6006,0.8465539216995239,0.14480236172676086,0.008643603883683681,Negative,-0.8379103178158402,0.8465539216995239
778250444,6.29334E+17,@SlopeOfHope Maybe the plan is to dilute until they can safely say 'We have to start charging or it's over'. Longs would come flooding in.,@SlopeOfHope Maybe the plan is to dilute until they can safely say 'We have to start charging or it's over'. Longs would come flooding in.,USER maybe plan dilute safely say start charging longs would come flooding,@user Maybe the plan is to dilute until they can safely say 'We have to start charging or it's over'. Longs would come flooding in.,flooding,Unknown,Not disaster-related,0.7976,0.2933034300804138,0.681149959564209,0.025546522811055183,Neutral,-0.26775690726935863,0.681149959564209
778250446,6.29348E+17,ILL ONLY DM HOTEL INFO BECAUSE PEOPLE ARE FLOODING MY NOTIFICATIONS ASKING ME FOR INFO,ILL ONLY DM HOTEL INFO BECAUSE PEOPLE ARE FLOODING MY NOTIFICATIONS ASKING ME FOR INFO,ill dm hotel info people flooding notification asking info,ILL ONLY DM HOTEL INFO BECAUSE PEOPLE ARE FLOODING MY NOTIFICATIONS ASKING ME FOR INFO,flooding,Unknown,Not disaster-related,1.0,0.6404393911361694,0.34178420901298523,0.01777644455432892,Negative,-0.6226629465818405,0.6404393911361694
778250457,6.29332E+17,"Flooding updates from Pasco County

http://t.co/gOSzRa5bdD",Flooding updates from Pasco County http://t.co/gOSzRa5bdD,flooding update pasco county URL,Flooding updates from Pasco County http,flooding,"36702 State Road 52, Dade City",Disaster-related,1.0,0.22384148836135864,0.7478128671646118,0.028345618396997452,Neutral,-0.1954958699643612,0.7478128671646118
778250463,6.29346E+17,Heavy Rainfall and Flooding in Northern #VietNam | Situation Report No.2 http://t.co/hVxu1Zcvau http://t.co/iJmCCMHh5G,Heavy Rainfall and Flooding in Northern #VietNam | Situation Report No.2 http://t.co/hVxu1Zcvau http://t.co/iJmCCMHh5G,heavy rainfall flooding northern vietnam situation report NUMBER URL URL,Heavy Rainfall and Flooding in Northern #VietNam | Situation Report No.2 http http,flooding,Jakarta/Kuala Lumpur/S'pore,Disaster-related,1.0,0.31270912289619446,0.6697147488594055,0.01757606863975525,Neutral,-0.2951330542564392,0.6697147488594055
778250467,6.29352E+17,#flood #disaster Burst Water Pipe Floods Apartments at NYCHA Senior Center - NY1: NY1Burst Water Pipe Floods A... http://t.co/w7SIIdujOH,#flood #disaster Burst Water Pipe Floods Apartments at NYCHA Senior Center - NY1: NY1Burst Water Pipe Floods A... http://t.co/w7SIIdujOH,flood disaster burst water pipe flood apartment nycha senior center water pipe flood URL,#flood #disaster Burst Water Pipe Floods Apartments at NYCHA Senior Center - NY1: NY1Burst Water Pipe Floods A... http,flooding,Global-NoLocation,Disaster-related,1.0,0.38096803426742554,0.6057023406028748,0.013329644687473774,Neutral,-0.36763838957995176,0.6057023406028748
778250468,6.29328E+17,LRT LOOK AT ALL MY TOM FEELS FLOODING BACK,LRT LOOK AT ALL MY TOM FEELS FLOODING BACK,lrt look tom feel flooding back,LRT LOOK AT ALL MY TOM FEELS FLOODING BACK,flooding,Unknown,Not disaster-related,0.7985,0.23931536078453064,0.6316075325012207,0.12907713651657104,Neutral,-0.1102382242679596,0.6316075325012207
778250484,6.29075E+17,Pasco officials impressed by drone video showing floods: Drone videos have given an up-close view of flooded areasÛ_ http://t.co/PrUunEDids,Pasco officials impressed by drone video showing floods: Drone videos have given an up-close view of flooded areas Û_ http://t.co/PrUunEDids,pasco official impressed drone video showing flood drone video given view flooded area URL,Pasco officials impressed by drone video showing floods: Drone videos have given an up-close view of flooded areas Û_ http,floods,Tampa FL,Disaster-related,1.0,0.004837325308471918,0.17496028542518616,0.8202024102210999,Positive,0.8153650849126279,0.8202024102210999
778250489,6.29066E+17,Disaster group stunned by floods http://t.co/jrgJ17oAMt,Disaster group stunned by floods http://t.co/jrgJ17oAMt,disaster group stunned flood URL,Disaster group stunned by floods http,floods,Michigan,Disaster-related,1.0,0.6453702449798584,0.34024354815483093,0.014386232011020184,Negative,-0.6309840129688382,0.6453702449798584
778250494,6.29079E+17,69 Dead Due to Floods in Myanmar: Naypyidaw Aug 5 (Prensa Latina) The death toll rose today to 69 in Myanmar... http://t.co/JoDs9a32PI,69 Dead Due to Floods in Myanmar: Naypyidaw Aug 5 (Prensa Latina) The death toll rose today to 69 in Myanmar... http://t.co/JoDs9a32PI,NUMBER dead due flood myanmar naypyidaw aug NUMBER prensa latina death toll rose today NUMBER myanmar URL,69 Dead Due to Floods in Myanmar: Naypyidaw Aug 5 (Prensa Latina) The death toll rose today to 69 in Myanmar... http,floods,Unknown,Disaster-related,1.0,0.6079901456832886,0.38315969705581665,0.008850136771798134,Negative,-0.5991400089114904,0.6079901456832886
778250500,6.29073E+17,@casewrites when it rains in NJ it flash floods. Otherwise its just a desert of grief and taxes.,@casewrites when it rains in NJ it flash floods. Otherwise its just a desert of grief and taxes.,USER rain nj flash flood otherwise desert grief tax,@user when it rains in NJ it flash floods. Otherwise its just a desert of grief and taxes.,floods,New Jersey,Disaster-related,0.6002,0.650989830493927,0.3265179693698883,0.02249223180115223,Negative,-0.6284975986927748,0.650989830493927
778250501,6.29059E+17,Download @ iTunes http://t.co/ocojPPnRh1 'Floods Of Glory' by Luiz Santos #jazz #art #Music,Download @ iTunes http://t.co/ocojPPnRh1 'Floods Of Glory' by Luiz Santos #jazz #art #Music,download itunes URL glory luiz santos jazz art music,Download @ iTunes http 'Floods Of Glory' by Luiz Santos #jazz #art #Music,floods,"New York, NY",Not disaster-related,1.0,0.0032305882778018713,0.5382589101791382,0.45851048827171326,Neutral,0.4552798999939114,0.5382589101791382
778250503,6.29067E+17,Bamenda Floods Kill Animals Birds - http://t.co/WnamtxlfMt http://t.co/6cOIDv11qV,Bamenda Floods Kill Animals Birds - http://t.co/WnamtxlfMt http://t.co/6cOIDv11qV,bamenda flood kill animal bird URL URL,Bamenda Floods Kill Animals Birds - http http,floods,Cameroon,Disaster-related,1.0,0.8482186198234558,0.14472581446170807,0.0070554898120462894,Negative,-0.8411631300114095,0.8482186198234558
778250505,6.29086E+17,APC Chieftain Tasks Dickson On N15b Floods Donation To Bayelsa http://t.co/LqGOe7psXp,APC Chieftain Tasks Dickson On N15b Floods Donation To Bayelsa http://t.co/LqGOe7psXp,apc chieftain task dickson flood donation bayelsa URL,APC Chieftain Tasks Dickson On N15b Floods Donation To Bayelsa http,floods,"Ogba, Lagos, Nigeria",Disaster-related,0.7505,0.049597226083278656,0.9253484010696411,0.025054382160305977,Neutral,-0.02454284392297268,0.9253484010696411
778250509,6.29075E+17,Nearly 50 thousand people affected by floods in #Paraguay ? http://t.co/aw23wXtyjB http://t.co/ABgct9VFUa,Nearly 50 thousand people affected by floods in #Paraguay ? http://t.co/aw23wXtyjB http://t.co/ABgct9VFUa,nearly NUMBER thousand people affected flood paraguay URL URL,Nearly 50 thousand people affected by floods in #Paraguay ? http http,floods,North America,Disaster-related,1.0,0.6121101379394531,0.37620657682418823,0.011683342047035694,Negative,-0.6004267958924174,0.6121101379394531
778250515,6.29074E+17,love when drake floods instagram. makes you feel real in tune with everything he did like you was there or sumn.,love when drake floods instagram. makes you feel real in tune with everything he did like you was there or sumn.,love drake flood instagram make feel real tune everything like sumn,love when drake floods instagram. makes you feel real in tune with everything he did like you was there or sumn.,floods,"New York, USA",Not disaster-related,0.7992,0.004296560306102037,0.05880873650312424,0.9368947744369507,Positive,0.9325982141308486,0.9368947744369507
778250521,6.29059E+17,Typhoon Soudelor approaches after 7 killed 2 missing in floods in PhilippinesÛ_ http://t.co/8rDXcfgQEm #Typhoon,Typhoon Soudelor approaches after 7 killed 2 missing in floods in Philippines Û_ http://t.co/8rDXcfgQEm #Typhoon,typhoon soudelor approach NUMBER killed NUMBER missing flood philippine URL typhoon,Typhoon Soudelor approaches after 7 killed 2 missing in floods in Philippines Û_ http #Typhoon,floods,Unknown,Disaster-related,1.0,0.7512782216072083,0.2387445867061615,0.009977223351597786,Negative,-0.7413009982556105,0.7512782216072083
778250535,6.29082E+17,Grass fire near Forest Grove contained. Sparked by a rock being struck by a tractor. #LiveOnK2 @JackieKATU http://t.co/Yr9mmIS7jT,Grass fire near Forest Grove contained. Sparked by a rock being struck by a tractor. #LiveOnK2 @JackieKATU http://t.co/Yr9mmIS7jT,grass fire near forest grove contained sparked rock struck tractor USER URL,Grass fire near Forest Grove contained. Sparked by a rock being struck by a tractor. #LiveOnK2 @user http,forest fire,"Oregon, USA",Disaster-related,0.7982,0.13443762063980103,0.844527006149292,0.021035438403487206,Neutral,-0.11340218223631382,0.844527006149292
778250536,6.29079E+17,@Sweet2Young -runs at her for setting my forest on fire and bites the shit out of her neck-,@Sweet2Young -runs at her for setting my forest on fire and bites the shit out of her neck-,USER setting forest fire bite shit,@user -runs at her for setting my forest on fire and bites the shit out of her neck-,forest fire,Unknown,Disaster-related,0.6024,0.8801190853118896,0.1043398305773735,0.015541003085672855,Negative,-0.8645780822262168,0.8801190853118896
778250537,6.29079E+17,@hornybigbadwolf -sets the forest on fire-,@hornybigbadwolf -sets the forest on fire-,USER forest,@user -sets the forest on fire-,forest fire,Unknown,Disaster-related,1.0,0.209469273686409,0.7301129102706909,0.06041787192225456,Neutral,-0.14905140176415443,0.7301129102706909
778250541,6.29083E+17,IT STARTS A FOREST FIRE THAT CANNOT BE PUT OUT. http://t.co/3STfmN26r9,IT STARTS A FOREST FIRE THAT CANNOT BE PUT OUT. http://t.co/3STfmN26r9,start forest fire put URL,IT STARTS A FOREST FIRE THAT CANNOT BE PUT OUT. http,forest fire,Unknown,Disaster-related,0.603,0.5481980443000793,0.4194420278072357,0.03235995024442673,Negative,-0.5158380940556526,0.5481980443000793
778250551,6.2908E+17,How is it one careless match can start a forest fire but it takes a whole box to start a campfire,How is it one careless match can start a forest fire but it takes a whole box to start a campfire,one careless match start forest fire take whole box start campfire,How is it one careless match can start a forest fire but it takes a whole box to start a campfire,forest fire,Atlanta,Not disaster-related,0.8001,0.7460182309150696,0.23999649286270142,0.013985293917357922,Negative,-0.7320329369977117,0.7460182309150696
778250554,6.29043E+17,#Reuters #US Forest #Service says spending more than half of budget on fires http://t.co/XlpgKguhkG,#Reuters #US Forest #Service says spending more than half of budget on fires http://t.co/XlpgKguhkG,reuters u forest service say spending half budget fire URL,#Reuters #US Forest #Service says spending more than half of budget on fires http,forest fires,Unknown,Disaster-related,1.0,0.3303849697113037,0.652633547782898,0.01698155701160431,Neutral,-0.3134034126996994,0.652633547782898
778250555,6.29052E+17,+Cossacks+hussars oo hd riggd up rough shelters N th glade+were kindlng glowng fires N a hollow v th forest where th FrNch could not C th,+Cossacks+hussars oo hd riggd up rough shelters N th glade+were kindlng glowng fires N a hollow v th forest where th FrNch could not C th,oo hd riggd rough shelter n th kindlng glowng fire n hollow v th forest th frnch could c th,+Cossacks+hussars oo hd riggd up rough shelters N th glade+were kindlng glowng fires N a hollow v th forest where th FrNch could not C th,forest fires,Babylon Up-On Hudson,Not disaster-related,0.4,0.6357287168502808,0.34783631563186646,0.016434960067272186,Negative,-0.6192937567830086,0.6357287168502808
778250563,6.29057E+17,The forest service now spends &gt;50% of its budget fighting fires http://t.co/SrSLCxHc2T,The forest service now spends >50% of its budget fighting fires http://t.co/SrSLCxHc2T,forest service spends NUMBER budget fighting fire URL,The forest service now spends >50% of its budget fighting fires http,forest fires,Montana,Disaster-related,0.8017,0.19564181566238403,0.7681486010551453,0.03620960935950279,Neutral,-0.15943220630288124,0.7681486010551453
778250568,6.29103E+17,This is the first year the Forest Service spent more than half its annual budget on fighting fires. #climatechange http://t.co/D62zfZy0Mi,This is the first year the Forest Service spent more than half its annual budget on fighting fires. #climatechange http://t.co/D62zfZy0Mi,first year forest service spent half annual budget fighting fire climatechange URL,This is the first year the Forest Service spent more than half its annual budget on fighting fires. #climatechange http,forest fires,Unknown,Disaster-related,1.0,0.2231411635875702,0.7300493717193604,0.046809498220682144,Neutral,-0.17633166536688805,0.7300493717193604
778250571,6.29095E+17,The spread of Conflict #PalmOil has sparked an increase in fires destroying #forest throughout #Indonesia http://t.co/4zn0MDsRVp,The spread of Conflict #PalmOil has sparked an increase in fires destroying #forest throughout #Indonesia http://t.co/4zn0MDsRVp,spread conflict palmoil sparked increase fire destroying forest throughout indonesia URL,The spread of Conflict #PalmOil has sparked an increase in fires destroying #forest throughout #Indonesia http,forest fires,San Francisco,Disaster-related,1.0,0.8340839147567749,0.15972983837127686,0.00618626968935132,Negative,-0.8278976450674236,0.8340839147567749
778250575,6.2908E+17,I'm about to cook your Smokey the Bear saving forest fires face ass  https://t.co/WtGGqS5gEh,I'm about to cook your Smokey the Bear saving forest fires face ass https://t.co/WtGGqS5gEh,cook smokey bear saving forest fire face as URL,I'm about to cook your Smokey the Bear saving forest fires face ass http,forest fires,Unknown,Not disaster-related,0.6042,0.7046105861663818,0.24645410478115082,0.04893530160188675,Negative,-0.6556752845644951,0.7046105861663818
778250579,6.29072E+17,A group of Florida Forest Service firefighters could be deployed to California to help contain fires. Details at 10! http://t.co/tRrig5J1Re,A group of Florida Forest Service firefighters could be deployed to California to help contain fires. Details at 10! http://t.co/tRrig5J1Re,group florida forest service firefighter could deployed california help contain fire detail NUMBER URL,A group of Florida Forest Service firefighters could be deployed to California to help contain fires. Details at 10! http,forest fires,"Panama City Beach, Florida",Disaster-related,1.0,0.007815445773303509,0.9168825745582581,0.07530201971530914,Neutral,0.06748657394200563,0.9168825745582581
778250582,6.29049E+17,PRAY! For EAST COAST FOREST FIRES! PRAY! That they be put out. PRAY! For RAIN!,PRAY! For EAST COAST FOREST FIRES! PRAY! That they be put out. PRAY! For RAIN!,pray east coast forest fire pray put pray rain,PRAY! For EAST COAST FOREST FIRES! PRAY! That they be put out. PRAY! For RAIN!,forest fires,Unknown,Disaster-related,1.0,0.03546387329697609,0.4070459008216858,0.5574902296066284,Positive,0.5220263563096523,0.5574902296066284
778250589,6.29063E+17,CLIMATE CONSEQUENCES: U.S. Forest Service Says Spending More Than Half Of Budget On Fires http://t.co/k0QtL8aODH http://t.co/zQBXe7x9Y7,CLIMATE CONSEQUENCES: U.S. Forest Service Says Spending More Than Half Of Budget On Fires http://t.co/k0QtL8aODH http://t.co/zQBXe7x9Y7,climate consequence forest service say spending half budget fire URL URL,CLIMATE CONSEQUENCES: U.S. Forest Service Says Spending More Than Half Of Budget On Fires http http,forest fires,Unknown,Disaster-related,0.603,0.21221612393856049,0.7639722228050232,0.023811623454093933,Neutral,-0.18840450048446655,0.7639722228050232
778250593,6.29092E+17,Property losses from northern California wildfire nearly double http://t.co/oTfW5SEkD7 via @YahooNews,Property losses from northern California wildfire nearly double http://t.co/oTfW5SEkD7 via @YahooNews,property loss northern california wildfire nearly double URL via USER,Property losses from northern California wildfire nearly double http via @user,forest fires,Based in CA - Serve Nationwide,Disaster-related,1.0,0.6683629751205444,0.3232204020023346,0.008416658267378807,Negative,-0.6599463168531656,0.6683629751205444
778250596,6.29059E+17,Firefighting consumes Forest Service budget sparks political clash http://t.co/ARN8qfgNpm,Firefighting consumes Forest Service budget sparks political clash http://t.co/ARN8qfgNpm,firefighting consumes forest service budget spark political clash URL,Firefighting consumes Forest Service budget sparks political clash http,forest fires,NYC,Disaster-related,0.8012,0.44365060329437256,0.5406036972999573,0.01574571058154106,Neutral,-0.4279048927128315,0.5406036972999573
778250601,6.29035E+17,Firefighting consumes Forest Service budget sparks political clash: Forest Service report cites increasing cost ofÛ_ http://t.co/lSWsitnkuk,Firefighting consumes Forest Service budget sparks political clash: Forest Service report cites increasing cost of Û_ http://t.co/lSWsitnkuk,firefighting consumes forest service budget spark political clash forest service report cite increasing cost URL,Firefighting consumes Forest Service budget sparks political clash: Forest Service report cites increasing cost of Û_ http,forest fires,"Sacramento, CA",Disaster-related,0.6709,0.5579414963722229,0.42850181460380554,0.013556694611907005,Negative,-0.5443848017603159,0.5579414963722229
778250613,6.29096E+17,Seen on Fahlo:#WCW All Hail the QueenåÊ?? http://t.co/zrhXy9iBno http://t.co/Opjz8fGdIy,Seen on Fahlo:#WCW All Hail the QueenåÊ?? http://t.co/zrhXy9iBno http://t.co/Opjz8fGdIy,seen fahlo wcw hail queenåê URL URL,Seen on Fahlo:#WCW All Hail the QueenåÊ?? http http,hail,"Stgo, Chile",Not disaster-related,1.0,0.009783993475139141,0.8809974789619446,0.1092185452580452,Neutral,0.09943455178290606,0.8809974789619446
778250617,6.29097E+17,Cue storm with massive wind and hail!! Now a power outage @WXII in Davidson County.,Cue storm with massive wind and hail!! Now a power outage @WXII in Davidson County.,cue storm massive wind hail power outage USER davidson county,Cue storm with massive wind and hail!! Now a power outage @user in Davidson County.,hail,Inside the Beltway (DC Area),Disaster-related,1.0,0.8558094501495361,0.12978313863277435,0.014407440088689327,Negative,-0.8414020100608468,0.8558094501495361
778250660,6.29058E+17,Calgary news weather and traffic for August 5 * ~ 90 http://t.co/qBdRYXSGlC http://t.co/VZOd7qFFlv,Calgary news weather and traffic for August 5 * ~ 90 http://t.co/qBdRYXSGlC http://t.co/VZOd7qFFlv,calgary news weather traffic august NUMBER NUMBER URL URL,Calgary news weather and traffic for August 5 * ~ 90 http http,hailstorm,far away,Not disaster-related,1.0,0.0164773128926754,0.962832510471344,0.02069026418030262,Neutral,0.00421295128762722,0.962832510471344
778250664,6.29098E+17,~ More wicked weather rolls through Calgary and surrounding areas http://t.co/SxwJyR3K3l http://t.co/aEWGlVqReH,~ More wicked weather rolls through Calgary and surrounding areas http://t.co/SxwJyR3K3l http://t.co/aEWGlVqReH,wicked weather roll calgary surrounding area URL URL,~ More wicked weather rolls through Calgary and surrounding areas http http,hailstorm,Unknown,Disaster-related,1.0,0.790726363658905,0.19348706305027008,0.01578657142817974,Negative,-0.7749397922307253,0.790726363658905
778250670,6.29127E+17,Those that I have sworn to defend have proven themselves to be friends of the House Hailstorm.,Those that I have sworn to defend have proven themselves to be friends of the House Hailstorm.,sworn defend proven friend house hailstorm,Those that I have sworn to defend have proven themselves to be friends of the House Hailstorm.,hailstorm,Somewhere,Not disaster-related,1.0,0.7742564082145691,0.2115095853805542,0.01423403900116682,Negative,-0.7600223692134023,0.7742564082145691
778250683,6.29038E+17,here is goes again #abstorm #hailstorm #yychail stay safe everyone!,here is goes again #abstorm #hailstorm #yychail stay safe everyone!,go abstorm hailstorm yychail stay safe everyone,here is goes again #abstorm #hailstorm #yychail stay safe everyone!,hailstorm,"Calgary, Alberta",Disaster-related,1.0,0.5325485467910767,0.341848224401474,0.12560324370861053,Negative,-0.4069453030824661,0.5325485467910767
778250688,6.29065E+17,Hundreds of commuters abandoned at LRT station during severe hailstorm http://t.co/vMIGkJ0tkZ,Hundreds of commuters abandoned at LRT station during severe hailstorm http://t.co/vMIGkJ0tkZ,hundred commuter abandoned lrt station severe hailstorm URL,Hundreds of commuters abandoned at LRT station during severe hailstorm http,hailstorm,Philippines,Disaster-related,1.0,0.82255619764328,0.17005135118961334,0.007392433471977711,Negative,-0.8151637641713023,0.82255619764328
778250689,6.29037E+17,Good olde fashioned prairie #hailstorm #calgaryweather https://t.co/hI1yOQFlfm,Good olde fashioned prairie #hailstorm #calgaryweather https://t.co/hI1yOQFlfm,good olde fashioned prairie hailstorm calgaryweather URL,Good olde fashioned prairie #hailstorm #calgaryweather http,hailstorm,Golden British Columbia Canada,Disaster-related,0.8009,0.030853450298309326,0.49325859546661377,0.4758879840373993,Neutral,0.44503453373908997,0.49325859546661377
778250694,6.2908E+17,Hundreds of commuters abandoned at LRT station during severe hailstorm http://t.co/25wIeHMLZ5,Hundreds of commuters abandoned at LRT station during severe hailstorm http://t.co/25wIeHMLZ5,hundred commuter abandoned lrt station severe hailstorm URL,Hundreds of commuters abandoned at LRT station during severe hailstorm http,hailstorm,Unknown,Disaster-related,1.0,0.82255619764328,0.17005135118961334,0.007392433471977711,Negative,-0.8151637641713023,0.82255619764328
778250698,6.29059E+17,Grow Calgary avoids worst of city's wicked weather * ~ 16 http://t.co/HLyHDfWsQB http://t.co/GwSNBMmcqF,Grow Calgary avoids worst of city's wicked weather * ~ 16 http://t.co/HLyHDfWsQB http://t.co/GwSNBMmcqF,grow calgary avoids worst city wicked weather NUMBER URL URL,Grow Calgary avoids worst of city's wicked weather * ~ 16 http http,hailstorm,Heaven,Disaster-related,1.0,0.37381669878959656,0.5777547955513,0.04842850938439369,Neutral,-0.32538818940520287,0.5777547955513
778250702,6.29093E+17,Quality Metrics Penalties May Harm Patient Care PCPs Say: Primary care physicians generally hold positive vi... http://t.co/TdwprVB04y,Quality Metrics Penalties May Harm Patient Care PCPs Say: Primary care physicians generally hold positive vi... http://t.co/TdwprVB04y,quality metric penalty may harm patient care pcp say primary care physician generally hold positive vi URL,Quality Metrics Penalties May Harm Patient Care PCPs Say: Primary care physicians generally hold positive vi... http,harm,Global,Not disaster-related,1.0,0.5908281803131104,0.3962099254131317,0.01296194363385439,Negative,-0.577866236679256,0.5908281803131104
778250715,6.29088E+17,@dinallyhot Love what you picked! We're playing WORTH IT by FIFTH HARM/KID INK because of you! Listen &amp; Vote: http://t.co/0wrATkA2jL,@dinallyhot Love what you picked! We're playing WORTH IT by FIFTH HARM/KID INK because of you! Listen & Vote: http://t.co/0wrATkA2jL,USER love picked playing worth fifth ink listen vote URL,@user Love what you picked! We're playing WORTH IT by FIFTH HARM/KID INK because of you! Listen & Vote: http,harm,Kansas City,Not disaster-related,1.0,0.0018287155544385314,0.009591140784323215,0.9885801672935486,Positive,0.98675145173911,0.9885801672935486
778250737,6.29093E+17,Interview with Actor Randy Irwin A.S.K What Could Be The Harm http://t.co/k14q8cHWKp,Interview with Actor Randy Irwin A.S.K What Could Be The Harm http://t.co/k14q8cHWKp,interview actor randy irwin could harm URL,Interview with Actor Randy Irwin A.S.K What Could Be The Harm http,harm,Unknown,Not disaster-related,1.0,0.07158274203538895,0.9096472859382629,0.018769975751638412,Neutral,-0.052812766283750534,0.9096472859382629
778250738,6.29088E+17,@5hvzlaRadio Love what you picked! We're playing WORTH IT by FIFTH HARM/KID INK because of you! Listen &amp; Vote: http://t.co/0wrATkA2jL,@5hvzlaRadio Love what you picked! We're playing WORTH IT by FIFTH HARM/KID INK because of you! Listen & Vote: http://t.co/0wrATkA2jL,USER love picked playing worth fifth ink listen vote URL,@user Love what you picked! We're playing WORTH IT by FIFTH HARM/KID INK because of you! Listen & Vote: http,harm,Kansas City,Not disaster-related,1.0,0.0018287155544385314,0.009591140784323215,0.9885801672935486,Positive,0.98675145173911,0.9885801672935486
778250739,6.29091E+17,All I got in this world is my bros I don't wanna see no harm come they way Ima lil upset right now ??,All I got in this world is my bros I don't wanna see no harm come they way Ima lil upset right now ??,got world bros wan na see harm come way ima lil upset right,All I got in this world is my bros I don't wanna see no harm come they way Ima lil upset right now ??,harm,The South & WestCoast,Not disaster-related,0.5982,0.8617907166481018,0.12319523096084595,0.01501406542956829,Negative,-0.8467766512185335,0.8617907166481018
778250743,6.29091E+17,Politicians are using false allegations to attack #PlannedParenthood &amp; harm women. We aren't fooled we #StandwithPP http://t.co/bIE5pfR2Ac,Politicians are using false allegations to attack #PlannedParenthood & harm women. We aren't fooled we #StandwithPP http://t.co/bIE5pfR2Ac,politician using false allegation attack plannedparenthood harm woman fooled standwithpp URL,Politicians are using false allegations to attack #PlannedParenthood & harm women. We aren't fooled we #StandwithPP http,harm,Los Angeles,Disaster-related,0.8054,0.89054274559021,0.10363596677780151,0.005821312312036753,Negative,-0.8847214332781732,0.89054274559021
778250747,6.29095E+17,self harm// I'm so angry please tag your scars on tumblr jesus christ i dont wanna get triggered,self harm// I'm so angry please tag your scars on tumblr jesus christ i dont wanna get triggered,self angry please tag scar tumblr jesus christ dont wan na get triggered,self harm// I'm so angry please tag your scars on tumblr jesus christ i dont wanna get triggered,harm,?@symbolicjensen?,Not disaster-related,1.0,0.9060299396514893,0.08613733947277069,0.00783272460103035,Negative,-0.8981972150504589,0.9060299396514893
778250756,6.29348E+17,Choking Hazard Prompts Recall Of Kraft Cheese Singles http://t.co/nJLqRqcnL9,Choking Hazard Prompts Recall Of Kraft Cheese Singles http://t.co/nJLqRqcnL9,choking hazard prompt recall kraft cheese single URL,Choking Hazard Prompts Recall Of Kraft Cheese Singles http,hazard,"Alameda, CA",Disaster-related,0.603,0.6231414675712585,0.3642193675041199,0.012639065273106098,Negative,-0.6105024022981524,0.6231414675712585
778250760,6.29351E+17,Get that hazard pay,Get that hazard pay,get hazard pay,Get that hazard pay,hazard,Arizona,Not disaster-related,0.8012,0.12289800494909286,0.6087082028388977,0.2683938145637512,Neutral,0.14549580961465836,0.6087082028388977
778250765,6.2935E+17,"NVIDIA recalls some Shield Tablets because of possible fire hazard

http://t.co/M3nSIx073I

#nvidia",NVIDIA recalls some Shield Tablets because of possible fire hazard http://t.co/M3nSIx073I #nvidia,nvidia recall shield tablet possible fire hazard URL nvidia,NVIDIA recalls some Shield Tablets because of possible fire hazard http #nvidia,hazard,Android Land,Disaster-related,0.6675,0.31216689944267273,0.66637122631073,0.02146189473569393,Neutral,-0.2907050047069788,0.66637122631073
778250779,6.2935E+17,"December 2011 court dismissed the group charge of rape victims saying 'getting raped was an occupational hazard..!'

US military = ISIS!",December 2011 court dismissed the group charge of rape victims saying 'getting raped was an occupational hazard..!' US military = ISIS!,december NUMBER court dismissed group charge rape victim saying raped occupational hazard u military isi,December 2011 court dismissed the group charge of rape victims saying 'getting raped was an occupational hazard..!' US military = ISIS!,hazard,scandinavia,Not disaster-related,0.5952,0.907911479473114,0.08743780851364136,0.004650661256164312,Negative,-0.9032608182169497,0.907911479473114
778250788,6.29339E+17,Choking Hazard Prompts Recall Of Kraft Cheese Singles http://t.co/98nOsYzu58,Choking Hazard Prompts Recall Of Kraft Cheese Singles http://t.co/98nOsYzu58,choking hazard prompt recall kraft cheese single URL,Choking Hazard Prompts Recall Of Kraft Cheese Singles http,hazard,"El Cerrito, CA",Disaster-related,0.5994,0.6231414675712585,0.3642193675041199,0.012639065273106098,Negative,-0.6105024022981524,0.6231414675712585
778250794,6.29351E+17,@SuperBobbyPires Hazard Ronaldo Cantona Pepe and all those who lashed out before him.,@SuperBobbyPires Hazard Ronaldo Cantona Pepe and all those who lashed out before him.,USER hazard ronaldo cantona pepe lashed,@user Hazard Ronaldo Cantona Pepe and all those who lashed out before him.,hazard,"Sydney, Australia",Not disaster-related,0.5988,0.09953282028436661,0.8307852149009705,0.06968200206756592,Neutral,-0.02985081821680069,0.8307852149009705
778250796,6.29341E+17,@LondonFire Hi ..Is there an email that people can use to report s'thing they think is a fire hazard/dangerous?,@LondonFire Hi ..Is there an email that people can use to report s'thing they think is a fire hazard/dangerous?,USER hi email people use report think fire,@user Hi ..Is there an email that people can use to report s'thing they think is a fire hazard/dangerous?,hazard,Unknown,Disaster-related,0.7982,0.27471691370010376,0.7080628275871277,0.017220286652445793,Neutral,-0.25749662704765797,0.7080628275871277
778250797,6.29351E+17,"Our tipster previews Chelsea v Swansea &amp; there's a 48/1 double! http://t.co/PFSrYJS1pc 
#Chelsea #Hazard http://t.co/SKdBot7TGF",Our tipster previews Chelsea v Swansea & there's a 48/1 double! http://t.co/PFSrYJS1pc #Chelsea #Hazard http://t.co/SKdBot7TGF,tipster preview chelsea v swansea NUMBER NUMBER double URL chelsea hazard URL,Our tipster previews Chelsea v Swansea & there's a 48/1 double! http #Chelsea #Hazard http,hazard,UK,Not disaster-related,1.0,0.0030762588139623404,0.6710522174835205,0.3258715569972992,Neutral,0.32279529818333685,0.6710522174835205
778250806,6.29107E+17,DLH issues Hazardous Weather Outlook (HWO) http://t.co/WOzuBXRi2p,DLH issues Hazardous Weather Outlook (HWO) http://t.co/WOzuBXRi2p,dlh issue hazardous weather outlook hwo URL,DLH issues Hazardous Weather Outlook (HWO) http,hazardous,Unknown,Disaster-related,1.0,0.11762527376413345,0.8508383631706238,0.03153631091117859,Neutral,-0.08608896285295486,0.8508383631706238
778250808,6.29096E+17,http://t.co/7AzE4IoGMe Risk Assessment and Optimization for Routing Hazardous Waste Collection #sustainable environmental,http://t.co/7AzE4IoGMe Risk Assessment and Optimization for Routing Hazardous Waste Collection #sustainable environmental,URL risk assessment optimization routing hazardous waste collection sustainable environmental,http Risk Assessment and Optimization for Routing Hazardous Waste Collection #sustainable environmental,hazardous,Unknown,Not disaster-related,0.8346,0.10203040391206741,0.8474811315536499,0.050488412380218506,Neutral,-0.05154199153184891,0.8474811315536499
778250809,6.291E+17,JAX issues Hazardous Weather Outlook (HWO)  http://t.co/u9fCb8dz3h #WX,JAX issues Hazardous Weather Outlook (HWO) http://t.co/u9fCb8dz3h #WX,jax issue hazardous weather outlook hwo URL wx,JAX issues Hazardous Weather Outlook (HWO) http #WX,hazardous,United States,Disaster-related,0.5962,0.1047598347067833,0.8646805286407471,0.030559668317437172,Neutral,-0.07420016638934612,0.8646805286407471
778250811,6.29107E+17,#alfa #forecast Olap #world pres: http://t.co/YiFXKRQx0C How To Recognize A Hazardous Waste And The Multidimen http://t.co/HO4b3L0KI8,#alfa #forecast Olap #world pres: http://t.co/YiFXKRQx0C How To Recognize A Hazardous Waste And The Multidimen http://t.co/HO4b3L0KI8,alfa forecast olap world pres URL recognize hazardous waste multidimen URL,#alfa #forecast Olap #world pres: http How To Recognize A Hazardous Waste And The Multidimen http,hazardous,Unknown,Disaster-related,0.8047,0.16392427682876587,0.8082712292671204,0.02780451625585556,Neutral,-0.1361197605729103,0.8082712292671204
778250815,6.29112E+17,Skinny Jeans are Hazardous for Your Health! #socialnews http://t.co/92Pk0HujD8,Skinny Jeans are Hazardous for Your Health! #socialnews http://t.co/92Pk0HujD8,skinny jean hazardous health socialnews URL,Skinny Jeans are Hazardous for Your Health! #socialnews http,hazardous,"British Columbia, Canada",Disaster-related,0.7982,0.8692747354507446,0.11642863601446152,0.01429662760347128,Negative,-0.8549781078472733,0.8692747354507446
778250820,6.291E+17,JKL issues Hazardous Weather Outlook (HWO)  http://t.co/4e719w6m4V #WX,JKL issues Hazardous Weather Outlook (HWO) http://t.co/4e719w6m4V #WX,jkl issue hazardous weather outlook hwo URL wx,JKL issues Hazardous Weather Outlook (HWO) http #WX,hazardous,United States,Disaster-related,1.0,0.07327965646982193,0.8948696851730347,0.03185059502720833,Neutral,-0.0414290614426136,0.8948696851730347
778250828,6.2911E+17,@megynkelly illegals don't abide by the uniform building codes or OSHA safety codes.structur's they build are hazardous to your health.,@megynkelly illegals don't abide by the uniform building codes or OSHA safety codes.structur's they build are hazardous to your health.,USER illegals abide uniform building code osha safety build hazardous health,@user illegals don't abide by the uniform building codes or OSHA safety codes.structur's they build are hazardous to your health.,hazardous,Minnesota,Not disaster-related,1.0,0.8977931141853333,0.09463745355606079,0.007569438777863979,Negative,-0.8902236754074693,0.8977931141853333
778250830,6.29096E+17,Is it possible to sneak into a hospital so I can stab myself with a hazardous needle and inject some crazy disease into my veins until I die,Is it possible to sneak into a hospital so I can stab myself with a hazardous needle and inject some crazy disease into my veins until I die,possible sneak hospital stab hazardous needle inject crazy disease vein die,Is it possible to sneak into a hospital so I can stab myself with a hazardous needle and inject some crazy disease into my veins until I die,hazardous,"Oregon, USA",Not disaster-related,0.7994,0.8443504571914673,0.14284344017505646,0.012806120328605175,Negative,-0.8315443368628621,0.8443504571914673
778250832,6.29104E+17,@TheBlackshag @dannyoneil too toxic...cancer....disease...hazardous waste...noxious...,@TheBlackshag @dannyoneil too toxic...cancer....disease...hazardous waste...noxious...,USER USER toxic cancer disease hazardous waste noxious,@user @user too toxic...cancer....disease...hazardous waste...noxious...,hazardous,Unknown,Disaster-related,0.5986,0.9179728031158447,0.07479717582464218,0.007229936774820089,Negative,-0.9107428663410246,0.9179728031158447
778250842,6.29109E+17,SH 29 Kaimai Ranges - Eastbound. Hazardous driving conditions. Due To A Truck Breakdown... http://t.co/0cuCMZCmaO via @AA_Traffic,SH 29 Kaimai Ranges - Eastbound. Hazardous driving conditions. Due To A Truck Breakdown... http://t.co/0cuCMZCmaO via @AA_Traffic,sh NUMBER kaimai range eastbound hazardous driving condition due truck breakdown URL via USER,SH 29 Kaimai Ranges - Eastbound. Hazardous driving conditions. Due To A Truck Breakdown... http via @user,hazardous,New Zealand,Disaster-related,1.0,0.7062088847160339,0.2844083607196808,0.00938281137496233,Negative,-0.6968260733410716,0.7062088847160339
778250854,6.29095E+17,@rawfoodbliss I'm in the middle of a humid heat wave and a patch on my forehead flared up. I take olive oli extract and 4 tbs olive oil,@rawfoodbliss I'm in the middle of a humid heat wave and a patch on my forehead flared up. I take olive oli extract and 4 tbs olive oil,USER middle humid heat wave patch forehead flared take olive oli extract NUMBER tb olive oil,@user I'm in the middle of a humid heat wave and a patch on my forehead flared up. I take olive oli extract and 4 tbs olive oil,heat wave,Unknown,Not disaster-related,0.6025,0.3935239911079407,0.5554831624031067,0.050992850214242935,Neutral,-0.34253114089369774,0.5554831624031067
778250858,6.29013E+17,Apocalpytic Iran Heat Wave Nearly Breaks World Record http://t.co/Y8WLOcTeVC,Apocalpytic Iran Heat Wave Nearly Breaks World Record http://t.co/Y8WLOcTeVC,apocalpytic iran heat wave nearly break world record URL,Apocalpytic Iran Heat Wave Nearly Breaks World Record http,heat wave,Unknown,Disaster-related,1.0,0.13878166675567627,0.8119770288467407,0.049241263419389725,Neutral,-0.08954040333628654,0.8119770288467407
778250860,6.29081E+17,Japan Heat Wave Intensifies ÛÒ Death Toll Surges To 55  http://t.co/irpSSresRq,Japan Heat Wave Intensifies ÛÒ Death Toll Surges To 55 http://t.co/irpSSresRq,japan heat wave intensifies ûò death toll surge NUMBER URL,Japan Heat Wave Intensifies ÛÒ Death Toll Surges To 55 http,heat wave,Unknown,Disaster-related,1.0,0.5649397969245911,0.42321792244911194,0.011842291802167892,Negative,-0.5530975051224232,0.5649397969245911
778250868,6.29019E+17,Arnhem Weather - &lt;p&gt;An unrelenting and dangerous heat wave will expand across the South Central United StatesÛ_ http://t.co/yhAqa5WXoK,Arnhem Weather - <p>An unrelenting and dangerous heat wave will expand across the South Central United States Û_ http://t.co/yhAqa5WXoK,arnhem weather p unrelenting dangerous heat wave expand across south central united state URL,Arnhem Weather - <p>An unrelenting and dangerous heat wave will expand across the South Central United States Û_ http,heat wave,"Arnhem, the Netherlands",Disaster-related,1.0,0.5783120393753052,0.4047706723213196,0.016917290166020393,Negative,-0.5613947492092848,0.5783120393753052
778250879,6.29048E+17,Heat Wave: A Social Autopsy of Disaster in Chicago by Klinenberg Eric http://t.co/fPtqxVokJC http://t.co/0gt63uQGcU,Heat Wave: A Social Autopsy of Disaster in Chicago by Klinenberg Eric http://t.co/fPtqxVokJC http://t.co/0gt63uQGcU,heat wave social autopsy disaster chicago klinenberg eric URL URL,Heat Wave: A Social Autopsy of Disaster in Chicago by Klinenberg Eric http http,heat wave,Unknown,Disaster-related,1.0,0.09769774973392487,0.8768869042396545,0.025415344163775444,Neutral,-0.07228240557014942,0.8768869042396545
778250882,6.29042E+17,@rachelcaine The weatherit needs to make it minds up. First snow tornadoes now would you say a heat wave?,@rachelcaine The weatherit needs to make it minds up. First snow tornadoes now would you say a heat wave?,USER weatherit need make mind first snow tornado would say heat wave,@user The weatherit needs to make it minds up. First snow tornadoes now would you say a heat wave?,heat wave,Somewhere out there,Disaster-related,0.7987,0.7320683598518372,0.25522956252098083,0.012702103704214096,Negative,-0.7193662561476231,0.7320683598518372
778250890,6.29035E+17,Heat wave gotta be over 9000 today,Heat wave gotta be over 9000 today,heat wave got ta NUMBER today,Heat wave gotta be over 9000 today,heat wave,Planet of da Bathing Apes,Disaster-related,1.0,0.7125342488288879,0.22604213654994965,0.06142355874180794,Negative,-0.65111069008708,0.7125342488288879
778250910,6.29073E+17,HELLFIRE EP - SILENTMIND &amp; @_bookofdaniel  https://t.co/FKqJY3EzyG,HELLFIRE EP - SILENTMIND & @_bookofdaniel https://t.co/FKqJY3EzyG,hellfire ep silentmind USER URL,HELLFIRE EP - SILENTMIND & @user http,hellfire,United Hoods of the Globe,Not disaster-related,0.6024,0.0056882817298173904,0.9189558029174805,0.0753559097647667,Neutral,0.0696676280349493,0.9189558029174805
778250963,6.29055E+17,REVEALED: Everton hijack United bid for 14-year-old WONDERKID! - http://t.co/nb1E7mNcE5,REVEALED: Everton hijack United bid for 14-year-old WONDERKID! - http://t.co/nb1E7mNcE5,revealed everton hijack united bid NUMBER wonderkid URL,REVEALED: Everton hijack United bid for 14-year-old WONDERKID! - http,hijack,Unknown,Not disaster-related,0.7976,0.06756240129470825,0.894870936870575,0.03756663575768471,Neutral,-0.029995765537023544,0.894870936870575
778250964,6.29022E+17,I've just posted on my Blog about: Criminals Who Hijack Lorries And Buses Arrested In Enugu (PHOTO) http://t.co/5ytIeX55lh,I've just posted on my Blog about: Criminals Who Hijack Lorries And Buses Arrested In Enugu (PHOTO) http://t.co/5ytIeX55lh,posted blog criminal hijack lorry bus arrested enugu photo URL,I've just posted on my Blog about: Criminals Who Hijack Lorries And Buses Arrested In Enugu (PHOTO) http,hijack,Unknown,Disaster-related,1.0,0.09684213995933533,0.8757644891738892,0.027393478900194168,Neutral,-0.06944866105914116,0.8757644891738892
778250965,6.29032E+17,Criminals Who Hijack Lorries And Buses Arrested In Enugu (PHOTO) @DONJAZZY @PoliceNG #HumanRights  https://t.co/XyFl8wy62g,Criminals Who Hijack Lorries And Buses Arrested In Enugu (PHOTO) @DONJAZZY @PoliceNG #HumanRights https://t.co/XyFl8wy62g,criminal hijack lorry bus arrested enugu photo USER USER humanrights URL,Criminals Who Hijack Lorries And Buses Arrested In Enugu (PHOTO) @user @user #HumanRights http,hijack,Nigeria,Disaster-related,0.6006,0.48203396797180176,0.5042366981506348,0.013729369267821312,Neutral,-0.46830459870398045,0.5042366981506348
778250976,6.29055E+17,Patience Jonathan On The Move To Hijack APC In BayelsaåÊState http://t.co/Vh8QtbyPZt,Patience Jonathan On The Move To Hijack APC In BayelsaåÊState http://t.co/Vh8QtbyPZt,patience jonathan move hijack apc bayelsaåêstate URL,Patience Jonathan On The Move To Hijack APC In BayelsaåÊState http,hijack,Nigeria,Not disaster-related,0.6658,0.03589470311999321,0.8571271300315857,0.10697819292545319,Neutral,0.07108348980545998,0.8571271300315857
778250992,6.29026E+17,@RickyBonesSXM fuck u2 specially there new Shit. First they hijack itunes now all sirius chan. fuck off already haha just sayin,@RickyBonesSXM fuck u2 specially there new Shit. First they hijack itunes now all sirius chan. fuck off already haha just sayin,USER fuck specially new shit first hijack itunes sirius chan fuck already haha sayin,@user fuck u2 specially there new Shit. First they hijack itunes now all sirius chan. fuck off already haha just sayin,hijack,Unknown,Not disaster-related,0.8021,0.9456860423088074,0.04883761331439018,0.005476296413689852,Negative,-0.9402097458951175,0.9456860423088074
778250994,6.29047E+17,"Graham Phillips' Fundraiser Canceled By @JustGiving 

#fundraise #Ukraine #donbas 

http://t.co/HIbEf3CXOX http://t.co/9crFKQzD52",Graham Phillips' Fundraiser Canceled By @JustGiving #fundraise #Ukraine #donbas http://t.co/HIbEf3CXOX http://t.co/9crFKQzD52,graham phillips fundraiser canceled USER fundraise ukraine donbas URL URL,Graham Phillips' Fundraiser Canceled By @user #fundraise #Ukraine #donbas http http,hijack,Unknown,Not disaster-related,1.0,0.6682847738265991,0.32325252890586853,0.008462662808597088,Negative,-0.659822111018002,0.6682847738265991
778250996,6.29019E+17,Bayelsa poll: Plans by Patience Jonathan to hijack APC tickens http://t.co/eyn0E8pmJq,Bayelsa poll: Plans by Patience Jonathan to hijack APC tickens http://t.co/eyn0E8pmJq,bayelsa poll plan patience jonathan hijack apc tickens URL,Bayelsa poll: Plans by Patience Jonathan to hijack APC tickens http,hijack,Lagos,Not disaster-related,0.597,0.23746797442436218,0.7436119914054871,0.018920069560408592,Neutral,-0.2185479048639536,0.7436119914054871
778251010,6.2816E+17,Remove the http://t.co/Xxj2B4JxRt and Linkury Browser Hijacker http://t.co/9gtYlgXrOE http://t.co/yG6Rj86BKI,Remove the http://t.co/Xxj2B4JxRt and Linkury Browser Hijacker http://t.co/9gtYlgXrOE http://t.co/yG6Rj86BKI,remove URL linkury browser hijacker URL URL,Remove the http and Linkury Browser Hijacker http http,hijacker,"Sarasota, FL",Not disaster-related,0.5986,0.6415174007415771,0.34236666560173035,0.016115956008434296,Negative,-0.6254014447331429,0.6415174007415771
778251014,6.27153E+17,Governor Allows Parole for School Bus Hijacker http://t.co/liKWQhSHHX via @nbcnews I remember this crime sent chills through parents,Governor Allows Parole for School Bus Hijacker http://t.co/liKWQhSHHX via @nbcnews I remember this crime sent chills through parents,governor allows parole school bus hijacker URL via USER remember crime sent chill parent,Governor Allows Parole for School Bus Hijacker http via @user I remember this crime sent chills through parents,hijacker,Washington state,Disaster-related,1.0,0.6856415271759033,0.2958483099937439,0.01851019263267517,Negative,-0.6671313345432281,0.6856415271759033
778251015,6.27122E+17,School Bus Hijacker Given Parole After 39 Years http://t.co/HmRt98OydJ,School Bus Hijacker Given Parole After 39 Years http://t.co/HmRt98OydJ,school bus hijacker given parole NUMBER year URL,School Bus Hijacker Given Parole After 39 Years http,hijacker,Unknown,Disaster-related,1.0,0.26552554965019226,0.7125449776649475,0.021929454058408737,Neutral,-0.24359609559178352,0.7125449776649475
778251031,6.27144E+17,Governor Allows Parole for School Bus Hijacker http://t.co/7mqh7fhxYL http://t.co/BNCcwcsCKt #SahelNews,Governor Allows Parole for School Bus Hijacker http://t.co/7mqh7fhxYL http://t.co/BNCcwcsCKt #SahelNews,governor allows parole school bus hijacker URL URL sahelnews,Governor Allows Parole for School Bus Hijacker http http #SahelNews,hijacker,Amman,Disaster-related,0.8018,0.1585269570350647,0.8202366828918457,0.02123638242483139,Neutral,-0.1372905746102333,0.8202366828918457
778251039,6.27441E+17,Governor allows parole for California school bus hijacker http://t.co/FZ8YtWQkwV #fresno,Governor allows parole for California school bus hijacker http://t.co/FZ8YtWQkwV #fresno,governor allows parole california school bus hijacker URL fresno,Governor allows parole for California school bus hijacker http #fresno,hijacker,"Fresno, California",Disaster-related,0.6024,0.0695728063583374,0.8999238014221191,0.030503474175930023,Neutral,-0.03906933218240738,0.8999238014221191
778251053,6.29043E+17,#hot  Funtenna: hijacking computers to send data as sound waves [Black Hat 2015] http://t.co/EZ1TpCzJzo #prebreak #best,#hot Funtenna: hijacking computers to send data as sound waves [Black Hat 2015] http://t.co/EZ1TpCzJzo #prebreak #best,hot funtenna hijacking computer send data sound wave black hat NUMBER URL prebreak best,#hot Funtenna: hijacking computers to send data as sound waves [Black Hat 2015] http #prebreak #best,hijacking,Unknown,Disaster-related,0.6066,0.015067935921251774,0.8384658694267273,0.14646616578102112,Neutral,0.13139822985976934,0.8384658694267273
778251054,6.29074E+17,The Murderous Story Of AmericaÛªs First Hijacking http://t.co/VgBOpxb6Wg,The Murderous Story Of America Ûªs First Hijacking http://t.co/VgBOpxb6Wg,murderous story america ûªs first hijacking URL,The Murderous Story Of America Ûªs First Hijacking http,hijacking,Unknown,Disaster-related,0.7189,0.75928795337677,0.22957319021224976,0.011138899251818657,Negative,-0.7481490541249514,0.75928795337677
778251059,6.29043E+17,#hot  Funtenna: hijacking computers to send data as sound waves [Black Hat 2015] http://t.co/a0zgzd1fYa #prebreak #best,#hot Funtenna: hijacking computers to send data as sound waves [Black Hat 2015] http://t.co/a0zgzd1fYa #prebreak #best,hot funtenna hijacking computer send data sound wave black hat NUMBER URL prebreak best,#hot Funtenna: hijacking computers to send data as sound waves [Black Hat 2015] http #prebreak #best,hijacking,Melbourne,Not disaster-related,0.7972,0.015067935921251774,0.8384658694267273,0.14646616578102112,Neutral,0.13139822985976934,0.8384658694267273
778251061,6.29043E+17,#hot  Funtenna: hijacking computers to send data as sound waves [Black Hat 2015] http://t.co/J2aQs5loxu #prebreak #best,#hot Funtenna: hijacking computers to send data as sound waves [Black Hat 2015] http://t.co/J2aQs5loxu #prebreak #best,hot funtenna hijacking computer send data sound wave black hat NUMBER URL prebreak best,#hot Funtenna: hijacking computers to send data as sound waves [Black Hat 2015] http #prebreak #best,hijacking,Mongolia,Disaster-related,0.8043,0.015067935921251774,0.8384658694267273,0.14646616578102112,Neutral,0.13139822985976934,0.8384658694267273
778251066,6.29043E+17,#hot  Funtenna: hijacking computers to send data as sound waves [Black Hat 2015] http://t.co/RaPaDCea1w #prebreak #best,#hot Funtenna: hijacking computers to send data as sound waves [Black Hat 2015] http://t.co/RaPaDCea1w #prebreak #best,hot funtenna hijacking computer send data sound wave black hat NUMBER URL prebreak best,#hot Funtenna: hijacking computers to send data as sound waves [Black Hat 2015] http #prebreak #best,hijacking,china,Not disaster-related,0.6048,0.015067935921251774,0.8384658694267273,0.14646616578102112,Neutral,0.13139822985976934,0.8384658694267273
778251069,6.29065E+17,The Murderous Story Of AmericaÛªs First Hijacking http://t.co/QAOqtptgwH,The Murderous Story Of America Ûªs First Hijacking http://t.co/QAOqtptgwH,murderous story america ûªs first hijacking URL,The Murderous Story Of America Ûªs First Hijacking http,hijacking,Italy,Disaster-related,1.0,0.75928795337677,0.22957319021224976,0.011138899251818657,Negative,-0.7481490541249514,0.75928795337677
778251073,6.29043E+17,#hot  Funtenna: hijacking computers to send data as sound waves [Black Hat 2015] http://t.co/aAtt5aMnmD #prebreak #best,#hot Funtenna: hijacking computers to send data as sound waves [Black Hat 2015] http://t.co/aAtt5aMnmD #prebreak #best,hot funtenna hijacking computer send data sound wave black hat NUMBER URL prebreak best,#hot Funtenna: hijacking computers to send data as sound waves [Black Hat 2015] http #prebreak #best,hijacking,Brazil,Not disaster-related,1.0,0.015067935921251774,0.8384658694267273,0.14646616578102112,Neutral,0.13139822985976934,0.8384658694267273
778251086,6.29057E+17,Vehicle Hijacking in  Vosloorus Gauteng on 2015-08-05 at 23:00 White Toyota Conquest  BKB066GP http://t.co/odmP01eyZU,Vehicle Hijacking in Vosloorus Gauteng on 2015-08-05 at 23:00 White Toyota Conquest BKB066GP http://t.co/odmP01eyZU,vehicle hijacking vosloorus gauteng NUMBER NUMBER NUMBER NUMBER NUMBER white toyota conquest URL,Vehicle Hijacking in Vosloorus Gauteng on 2015-08-05 at 23:00 White Toyota Conquest BKB066GP http,hijacking,Unknown,Disaster-related,0.6048,0.23893126845359802,0.7469536662101746,0.014115024358034134,Neutral,-0.2248162440955639,0.7469536662101746
778251087,6.29073E+17,@ReasonVsFear 'One?'  Oh nonononono.  This hijacking's been going on forever but I've seen it about a dozen diff places today alone.,@ReasonVsFear 'One?' Oh nonononono. This hijacking's been going on forever but I've seen it about a dozen diff places today alone.,USER oh nonononono hijacking going forever seen dozen diff place today alone,@user 'One?' Oh nonononono. This hijacking's been going on forever but I've seen it about a dozen diff places today alone.,hijacking,http://wingssilverwork.com,Disaster-related,0.5951,0.631859302520752,0.32854148745536804,0.039599161595106125,Negative,-0.5922601409256458,0.631859302520752
778251096,6.29037E+17,At #BlackHat? Learn about account hijacking attacks &amp; cloud access security w/ @ElasticaInc: http://t.co/PqXryXVp14 http://t.co/Wt5wZwvpUt,At #BlackHat? Learn about account hijacking attacks & cloud access security w/ @ElasticaInc: http://t.co/PqXryXVp14 http://t.co/Wt5wZwvpUt,blackhat learn account hijacking attack cloud access security USER URL URL,At #BlackHat? Learn about account hijacking attacks & cloud access security w/ @user: http http,hijacking,Unknown,Not disaster-related,0.8006,0.020948996767401695,0.9191692471504211,0.05988173931837082,Neutral,0.038932742550969124,0.9191692471504211
778251097,6.29043E+17,#hot  Funtenna: hijacking computers to send data as sound waves [Black Hat 2015] http://t.co/XU9u3NNxpK #prebreak #best,#hot Funtenna: hijacking computers to send data as sound waves [Black Hat 2015] http://t.co/XU9u3NNxpK #prebreak #best,hot funtenna hijacking computer send data sound wave black hat NUMBER URL prebreak best,#hot Funtenna: hijacking computers to send data as sound waves [Black Hat 2015] http #prebreak #best,hijacking,russia,Not disaster-related,0.5946,0.015067935921251774,0.8384658694267273,0.14646616578102112,Neutral,0.13139822985976934,0.8384658694267273
778251140,6.2908E+17,If you fill your mind with encouragement and positivity then it won't take you hostage. Be careful of your content,If you fill your mind with encouragement and positivity then it won't take you hostage. Be careful of your content,fill mind encouragement positivity wo take hostage careful content,If you fill your mind with encouragement and positivity then it won't take you hostage. Be careful of your content,hostage,Unknown,Not disaster-related,1.0,0.051025304943323135,0.40448832511901855,0.544486403465271,Positive,0.49346109852194786,0.544486403465271
778251144,6.29088E+17,While being held hostage by Tobias Hankel,While being held hostage by Tobias Hankel,held hostage tobias hankel,While being held hostage by Tobias Hankel,hostage,Behavioral Analysis Unit (BAU),Not disaster-related,0.3999,0.1445508748292923,0.8175100684165955,0.03793901577591896,Neutral,-0.10661185905337334,0.8175100684165955
778251158,6.29304E+17,Broadcast journalism: hostages to fortune otherwise quot-television blind else quot-operations since-3g superv...,Broadcast journalism: hostages to fortune otherwise quot-television blind else quot-operations since-3g superv...,broadcast journalism hostage fortune otherwise blind else superv,Broadcast journalism: hostages to fortune otherwise quot-television blind else quot-operations since-3g superv...,hostages,Unknown,Not disaster-related,0.6006,0.16452555358409882,0.7990615963935852,0.03641282767057419,Neutral,-0.12811272591352463,0.7990615963935852
778251160,6.29348E+17,Holmgren describing 96 World Cup: we were Lou's hostages.,Holmgren describing 96 World Cup: we were Lou's hostages.,holmgren describing NUMBER world cup lou hostage,Holmgren describing 96 World Cup: we were Lou's hostages.,hostages,NYC metro,Not disaster-related,0.6,0.09434150159358978,0.8539019227027893,0.05175657942891121,Neutral,-0.042584922164678574,0.8539019227027893
778251170,6.29291E+17,How until put out manorial shaped gnocchi near thine hostages to fortune: RBpK,How until put out manorial shaped gnocchi near thine hostages to fortune: RBpK,put manorial shaped gnocchi near thine hostage fortune rbpk,How until put out manorial shaped gnocchi near thine hostages to fortune: RBpK,hostages,Unknown,Disaster-related,0.6048,0.051414988934993744,0.8940535187721252,0.05453147366642952,Neutral,0.0031164847314357758,0.8940535187721252
778251173,6.29269E+17,Sinjar Massacre Yazidis Blast Lack of Action Over Hostages http://t.co/q4Q8XsYZOB,Sinjar Massacre Yazidis Blast Lack of Action Over Hostages http://t.co/q4Q8XsYZOB,sinjar massacre yazidis blast lack action hostage URL,Sinjar Massacre Yazidis Blast Lack of Action Over Hostages http,hostages,Unknown,Disaster-related,1.0,0.8060198426246643,0.18799728155136108,0.005982805509120226,Negative,-0.8000370371155441,0.8060198426246643
778251175,6.29283E+17,C-130 specially modified to land in a stadium and rescue hostages in Iran in 1980:    submitt... http://t.co/nbugSMqLRG #aviationaddicts,C-130 specially modified to land in a stadium and rescue hostages in Iran in 1980: submitt... http://t.co/nbugSMqLRG #aviationaddicts,NUMBER specially modified land stadium rescue hostage iran NUMBER submitt URL aviationaddicts,C-130 specially modified to land in a stadium and rescue hostages in Iran in 1980: submitt... http #aviationaddicts,hostages,"Tampa, Fl",Disaster-related,0.7982,0.10383431613445282,0.8786290287971497,0.017536628991365433,Neutral,-0.08629768714308739,0.8786290287971497
778251188,6.293E+17,@banditregina I also loved the episode 'Bang' in season 3 when Caroline Bigsby(?) took hostages in the supermarket.,@banditregina I also loved the episode 'Bang' in season 3 when Caroline Bigsby(?) took hostages in the supermarket.,USER also loved episode season NUMBER caroline bigsby took hostage supermarket,@user I also loved the episode 'Bang' in season 3 when Caroline Bigsby(?) took hostages in the supermarket.,hostages,Germany,Not disaster-related,0.5987,0.0038465189281851053,0.06708239018917084,0.9290710687637329,Positive,0.9252245498355478,0.9290710687637329
778251190,6.29274E+17,Cruz: Iran deal Û÷leaves 4 American hostages languishing in IranÛª  http://t.co/EXsQIJF4nY - #NoIranDeal  #TedCruz2016 http://t.co/y7sIPKB1kd,Cruz: Iran deal Û÷leaves 4 American hostages languishing in Iran Ûª http://t.co/EXsQIJF4nY - #NoIranDeal #TedCruz2016 http://t.co/y7sIPKB1kd,cruz iran deal NUMBER american hostage languishing iran ûª URL noirandeal URL,Cruz: Iran deal Û÷leaves 4 American hostages languishing in Iran Ûª http - #NoIranDeal #TedCruz2016 http,hostages,"Brazos Valley, Texas",Disaster-related,0.5974,0.5322842001914978,0.4547622501850128,0.012953553348779678,Negative,-0.5193306468427181,0.5322842001914978
778251197,6.29264E+17,#hot  C-130 specially modified to land in a stadium and rescue hostages in Iran in 1980 http://t.co/FLqxd3q5pY #prebreak #best,#hot C-130 specially modified to land in a stadium and rescue hostages in Iran in 1980 http://t.co/FLqxd3q5pY #prebreak #best,hot NUMBER specially modified land stadium rescue hostage iran NUMBER URL prebreak best,#hot C-130 specially modified to land in a stadium and rescue hostages in Iran in 1980 http #prebreak #best,hostages,EastCarolina,Disaster-related,0.6012,0.017577815800905228,0.8367509245872498,0.1456713080406189,Neutral,0.12809349223971367,0.8367509245872498
778251199,6.29264E+17,#hot  C-130 specially modified to land in a stadium and rescue hostages in Iran in 1980 http://t.co/OnvD9D4NKg #prebreak #best,#hot C-130 specially modified to land in a stadium and rescue hostages in Iran in 1980 http://t.co/OnvD9D4NKg #prebreak #best,hot NUMBER specially modified land stadium rescue hostage iran NUMBER URL prebreak best,#hot C-130 specially modified to land in a stadium and rescue hostages in Iran in 1980 http #prebreak #best,hostages,china,Disaster-related,1.0,0.017577815800905228,0.8367509245872498,0.1456713080406189,Neutral,0.12809349223971367,0.8367509245872498
778251212,6.2909E+17,Bluedio Turbine Hurricane H Bluetooth 4.1 Wireless Stereo Headphones Headset BLK - Full reÛ_ http://t.co/WwFqGCQYII http://t.co/GscswyUuPA,Bluedio Turbine Hurricane H Bluetooth 4.1 Wireless Stereo Headphones Headset BLK - Full re Û_ http://t.co/WwFqGCQYII http://t.co/GscswyUuPA,bluedio turbine hurricane h bluetooth NUMBER wireless stereo headphone headset blk full URL URL,Bluedio Turbine Hurricane H Bluetooth 4.1 Wireless Stereo Headphones Headset BLK - Full re Û_ http http,hurricane,New York,Not disaster-related,0.7958,0.014567668549716473,0.9479115009307861,0.03752083331346512,Neutral,0.022953164763748646,0.9479115009307861
778251219,6.29098E+17,hurricane?? sick!,hurricane?? sick!,hurricane sick,hurricane?? sick!,hurricane,"Anderson, SC",Disaster-related,0.5988,0.9263492822647095,0.06344099342823029,0.010209646075963974,Negative,-0.9161396361887455,0.9263492822647095
778251230,6.29093E+17,The hurricane mixxtail kinda tastes like the watermelon four loko. ???????? @brittsand9,The hurricane mixxtail kinda tastes like the watermelon four loko. ???????? @brittsand9,hurricane mixxtail kinda taste like watermelon four loko USER,The hurricane mixxtail kinda tastes like the watermelon four loko. ???????? @user,hurricane,Unknown,Not disaster-related,0.6018,0.5059791803359985,0.46499842405319214,0.029022306203842163,Negative,-0.47695687413215637,0.5059791803359985
778251239,6.29095E+17,"Entertain this thought for a moment:

diarrhea hurricane",Entertain this thought for a moment: diarrhea hurricane,entertain thought moment diarrhea hurricane,Entertain this thought for a moment: diarrhea hurricane,hurricane,Chicopee MA,Not disaster-related,0.6011,0.16122226417064667,0.7882142663002014,0.05056343600153923,Neutral,-0.11065882816910744,0.7882142663002014
778251240,6.29093E+17,Bluedio Turbine Hurricane H Bluetooth 4.1 Wireless Stereo Headphones Headset BLK - Full reÛ_ http://t.co/jans3Fd4lf http://t.co/2SdMichb2Z,Bluedio Turbine Hurricane H Bluetooth 4.1 Wireless Stereo Headphones Headset BLK - Full re Û_ http://t.co/jans3Fd4lf http://t.co/2SdMichb2Z,bluedio turbine hurricane h bluetooth NUMBER wireless stereo headphone headset blk full URL URL,Bluedio Turbine Hurricane H Bluetooth 4.1 Wireless Stereo Headphones Headset BLK - Full re Û_ http http,hurricane,Unknown,Not disaster-related,0.7964,0.014567668549716473,0.9479115009307861,0.03752083331346512,Neutral,0.022953164763748646,0.9479115009307861
778251242,6.29096E+17,Stream HYPE HURRICANE,Stream HYPE HURRICANE,stream hype hurricane,Stream HYPE HURRICANE,hurricane,Unknown,Not disaster-related,0.803,0.026296932250261307,0.6484699845314026,0.3252330720424652,Neutral,0.2989361397922039,0.6484699845314026
778251250,6.29088E+17,I'm a hurricane.,I'm a hurricane.,hurricane,I'm a hurricane.,hurricane,Dublin,Not disaster-related,1.0,0.4639154374599457,0.39693260192871094,0.139151930809021,Negative,-0.3247635066509247,0.4639154374599457
778251252,6.29365E+17,Udhampur terror attack: Militants attack police post 2 SPOs injured: Suspected militants tonight attacked a p... http://t.co/nZAFokxX0h,Udhampur terror attack: Militants attack police post 2 SPOs injured: Suspected militants tonight attacked a p... http://t.co/nZAFokxX0h,udhampur terror attack militant attack police post NUMBER spos injured suspected militant tonight attacked p URL,Udhampur terror attack: Militants attack police post 2 SPOs injured: Suspected militants tonight attacked a p... http,injured,bangalore,Disaster-related,1.0,0.8085060119628906,0.18613263964653015,0.005361305084079504,Negative,-0.8031447068788111,0.8085060119628906
778251279,6.29365E+17,Injured Barcelona full-back Alba out of Super Cup http://t.co/jYiEgtnC6H,Injured Barcelona full-back Alba out of Super Cup http://t.co/jYiEgtnC6H,injured barcelona alba super cup URL,Injured Barcelona full-back Alba out of Super Cup http,injured,Doghouse,Not disaster-related,1.0,0.20944344997406006,0.7732552886009216,0.01730126328766346,Neutral,-0.1921421866863966,0.7732552886009216
778251284,6.29363E+17,Washington Post - 4 dead dozens injured in Gaza blast near house leveled in summer war http://t.co/VjXa13n8Ap,Washington Post - 4 dead dozens injured in Gaza blast near house leveled in summer war http://t.co/VjXa13n8Ap,washington post NUMBER dead dozen injured gaza blast near house leveled summer war URL,Washington Post - 4 dead dozens injured in Gaza blast near house leveled in summer war http,injured,Unknown,Disaster-related,1.0,0.6300874352455139,0.3610825538635254,0.008829992264509201,Negative,-0.6212574429810047,0.6300874352455139
778251311,6.29075E+17,"Next Man Up---AH SCREW THIS! I'm so tired of injuries.  

What happened to Camp Cupcake? More like Camp Cramp and Break.",Next Man Up---AH SCREW THIS! I'm so tired of injuries. What happened to Camp Cupcake? More like Camp Cramp and Break.,next man screw tired injury happened camp cupcake like camp cramp break,Next Man Up---AH SCREW THIS! I'm so tired of injuries. What happened to Camp Cupcake? More like Camp Cramp and Break.,injuries,Scottsdale. AZ,Not disaster-related,0.7999,0.921724259853363,0.06491963565349579,0.01335615012794733,Negative,-0.9083681097254157,0.921724259853363
778251314,6.29082E+17,I'm only experienced with injuries below the waist,I'm only experienced with injuries below the waist,experienced injury waist,I'm only experienced with injuries below the waist,injuries,Unknown,Not disaster-related,0.7982,0.35976719856262207,0.602206289768219,0.03802649304270744,Neutral,-0.3217407055199146,0.602206289768219
778251330,6.29081E+17,@imSUSHIckoflove @alekalicante RIGHT?? Yep you're a witness to his injuries HAHA it's a gauze!,@imSUSHIckoflove @alekalicante RIGHT?? Yep you're a witness to his injuries HAHA it's a gauze!,USER USER right yep witness injury haha gauze,@user @user RIGHT?? Yep you're a witness to his injuries HAHA it's a gauze!,injuries,Unknown,Not disaster-related,1.0,0.046319037675857544,0.4556896388530731,0.49799132347106934,Positive,0.4516722857952118,0.49799132347106934
778251337,6.29072E+17,The injuries are starting!!! Please @dallascowboys stay healthy!!! ????????????,The injuries are starting!!! Please @dallascowboys stay healthy!!! ????????????,injury starting please USER stay healthy,The injuries are starting!!! Please @user stay healthy!!! ????????????,injuries,Corpus - Las Vegas - Houston,Not disaster-related,0.5994,0.8050877451896667,0.17287111282348633,0.022041097283363342,Negative,-0.7830466479063034,0.8050877451896667
778251351,6.29073E+17,Enjoying a little golf this summer? Take care to avoid injury -- back and shoulder injuries can happen quickly http://t.co/f1R5ISBVks,Enjoying a little golf this summer? Take care to avoid injury -- back and shoulder injuries can happen quickly http://t.co/f1R5ISBVks,enjoying little golf summer take care avoid injury back shoulder injury happen quickly URL,Enjoying a little golf this summer? Take care to avoid injury -- back and shoulder injuries can happen quickly http,injuries,California,Disaster-related,0.6024,0.03939664736390114,0.5157337784767151,0.4448695778846741,Neutral,0.40547293052077293,0.5157337784767151
778251366,6.29114E+17,Greg Garza not in the 18 for Atlas tonight vs Leones Negros in Copa MX play. He left the previous game w/ an injury. #USMNT,Greg Garza not in the 18 for Atlas tonight vs Leones Negros in Copa MX play. He left the previous game w/ an injury. #USMNT,greg garza NUMBER atlas tonight v leone negro copa mx play left previous game injury usmnt,Greg Garza not in the 18 for Atlas tonight vs Leones Negros in Copa MX play. He left the previous game w/ an injury. #USMNT,injury,"Cambridge, Massachusetts",Not disaster-related,1.0,0.1922633796930313,0.7914754152297974,0.016261283308267593,Neutral,-0.17600209638476372,0.7914754152297974
778251389,6.29115E+17,#Cowboys: Wednesday's injury report: RB Lance Dunbar injures ankle is listed as day-to-day:  http://t.co/RkB7EgKveb,#Cowboys: Wednesday's injury report: RB Lance Dunbar injures ankle is listed as day-to-day: http://t.co/RkB7EgKveb,cowboy wednesday injury report rb lance dunbar injures ankle listed URL,#Cowboys: Wednesday's injury report: RB Lance Dunbar injures ankle is listed as day-to-day: http,injury,"Dallas, TX",Not disaster-related,0.8354,0.22143231332302094,0.7681763768196106,0.010391353629529476,Neutral,-0.21104095969349146,0.7681763768196106
778251391,6.29115E+17,Enter the world of extreme diving ÛÓ 9 stories up and into the Volga River http://t.co/gptysALfKi,Enter the world of extreme diving ÛÓ 9 stories up and into the Volga River http://t.co/gptysALfKi,enter world extreme diving ûó NUMBER story volga river URL,Enter the world of extreme diving ÛÓ 9 stories up and into the Volga River http,injury,All Round The World,Not disaster-related,1.0,0.005373639985918999,0.75315260887146,0.24147364497184753,Neutral,0.23610000498592854,0.75315260887146
778251395,6.29115E+17,New post: Texans report: QB battle unaffected by Foster&amp;#039;s injury http://t.co/IgH2PAAHnK,New post: Texans report: QB battle unaffected by Foster&#039;s injury http://t.co/IgH2PAAHnK,new post texan report qb battle unaffected foster NUMBER injury URL,New post: Texans report: QB battle unaffected by Foster&#039;s injury http,injury,Las Vegas,Disaster-related,0.603,0.016601547598838806,0.9499085545539856,0.033489834517240524,Neutral,0.016888286918401718,0.9499085545539856
778251398,6.29114E+17,Ben Heenan carted off the field at @Colts training camp.. No word on how serious the injury is #colts #nfl,Ben Heenan carted off the field at @Colts training camp.. No word on how serious the injury is #colts #nfl,ben heenan carted field USER training camp word serious injury colt nfl,Ben Heenan carted off the field at @user training camp.. No word on how serious the injury is #colts #nfl,injury,Unknown,Disaster-related,0.7976,0.26130422949790955,0.7264516949653625,0.012244075536727905,Neutral,-0.24906015396118164,0.7264516949653625
778251407,6.29293E+17,@TheBrooklynLife @Giants I just want to go to the game. Enjoy it. Not be harassed.  Not be inundated with pink gear. That's all I ask!,@TheBrooklynLife @Giants I just want to go to the game. Enjoy it. Not be harassed. Not be inundated with pink gear. That's all I ask!,USER USER want go game enjoy harassed inundated pink gear ask,@user @user I just want to go to the game. Enjoy it. Not be harassed. Not be inundated with pink gear. That's all I ask!,inundated,"New York, NY",Not disaster-related,1.0,0.09373398125171661,0.3415960371494293,0.5646699666976929,Positive,0.47093598544597626,0.5646699666976929
778251413,6.29227E+17,A Laois girl advertised for a new friend to replace her loved-up BFF and has been inundated http://t.co/IGM2fc4T0M http://t.co/YiLTu7SXAr,A Laois girl advertised for a new friend to replace her loved-up BFF and has been inundated http://t.co/IGM2fc4T0M http://t.co/YiLTu7SXAr,laois girl advertised new friend replace bff inundated URL URL,A Laois girl advertised for a new friend to replace her loved-up BFF and has been inundated http http,inundated,Ireland,Not disaster-related,0.8548,0.5923129916191101,0.38262972235679626,0.025057218968868256,Negative,-0.5672557726502419,0.5923129916191101
778251436,6.28958E+17,inundated with Westeros Between Storm of Swords as a book on tape &amp; finishing S5 of Game of Thrones I don't know my Starks from my Greyjoys.,inundated with Westeros Between Storm of Swords as a book on tape & finishing S5 of Game of Thrones I don't know my Starks from my Greyjoys.,inundated westeros storm sword book tape finishing game throne know starks greyjoys,inundated with Westeros Between Storm of Swords as a book on tape & finishing S5 of Game of Thrones I don't know my Starks from my Greyjoys.,inundated,"Toronto, ON, Canada",Not disaster-related,0.7976,0.14097657799720764,0.7611614465713501,0.09786195307970047,Neutral,-0.04311462491750717,0.7611614465713501
778251438,6.29268E+17,Myanmar's president urged people to leave a low-lying southern delta region on Thursday with rain water that has inundated much of the counÛ_,Myanmar's president urged people to leave a low-lying southern delta region on Thursday with rain water that has inundated much of the coun Û_,myanmar president urged people leave southern delta region thursday rain water inundated much coun,Myanmar's president urged people to leave a low-lying southern delta region on Thursday with rain water that has inundated much of the coun Û_,inundated,Singapore,Disaster-related,1.0,0.42914050817489624,0.5572270750999451,0.013632426969707012,Neutral,-0.41550808120518923,0.5572270750999451
778251452,6.29048E+17,"MEGALPOLIS Area Petting Party Shiver 
Fear Instant .... GLOBAL Inundation OVERFLOW
WAS Commencement WRITE ?? ?",MEGALPOLIS Area Petting Party Shiver Fear Instant .... GLOBAL Inundation OVERFLOW WAS Commencement WRITE ?? ?,megalpolis area petting party shiver fear instant global inundation overflow commencement write,MEGALPOLIS Area Petting Party Shiver Fear Instant .... GLOBAL Inundation OVERFLOW WAS Commencement WRITE ?? ?,inundation,Asia European Continent Korea,Not disaster-related,1.0,0.5397912263870239,0.44586336612701416,0.014345381408929825,Negative,-0.5254458449780941,0.5397912263870239
778251469,6.29308E+17,TommyGShow: Burlington County offers to purchase landslide-damaged properties in Florence http://t.co/xgguElyxyi,TommyGShow: Burlington County offers to purchase landslide-damaged properties in Florence http://t.co/xgguElyxyi,tommygshow burlington county offer purchase property florence URL,TommyGShow: Burlington County offers to purchase landslide-damaged properties in Florence http,landslide,Central New Jersey,Disaster-related,1.0,0.02307802625000477,0.928936243057251,0.04798578843474388,Neutral,0.024907762184739113,0.928936243057251
778251474,6.29313E+17,However piece of virtu site fixing bath give the gate display landslide on yours movement: DKHQgv,However piece of virtu site fixing bath give the gate display landslide on yours movement: DKHQgv,however piece virtu site fixing bath give gate display landslide movement dkhqgv,However piece of virtu site fixing bath give the gate display landslide on yours movement: DKHQgv,landslide,Unknown,Not disaster-related,0.5998,0.08684875071048737,0.8307567834854126,0.08239447325468063,Neutral,-0.004454277455806732,0.8307567834854126
778251477,6.29236E+17,#Landslide! Trump 25.5% Bush 12.5% http://t.co/xY41z0O5ei via @pollster @realdonaldtrump,#Landslide! Trump 25.5% Bush 12.5% http://t.co/xY41z0O5ei via @pollster @realdonaldtrump,landslide trump NUMBER bush NUMBER URL via USER USER,#Landslide! Trump 25.5% Bush 12.5% http via @user @user,landslide,Texas,Not disaster-related,0.599,0.04314330592751503,0.8402033448219299,0.11665330082178116,Neutral,0.07350999489426613,0.8402033448219299
778251478,6.29301E+17,"Inbounds/ Out of Bounds:

While many picked the Nats to win the NL East in a landslide they currently sit 2... http://t.co/l0dEoCxU6o",Inbounds/ Out of Bounds: While many picked the Nats to win the NL East in a landslide they currently sit 2... http://t.co/l0dEoCxU6o,bound many picked nats win nl east landslide currently sit NUMBER URL,Inbounds/ Out of Bounds: While many picked the Nats to win the NL East in a landslide they currently sit 2... http,landslide,New York City,Disaster-related,0.6045,0.006983144208788872,0.8237718343734741,0.16924495995044708,Neutral,0.1622618157416582,0.8237718343734741
778251483,6.29258E+17,WATCH: Likely landslide victims denied assistance again http://t.co/BxiohtiC5X,WATCH: Likely landslide victims denied assistance again http://t.co/BxiohtiC5X,watch likely landslide victim denied assistance URL,WATCH: Likely landslide victims denied assistance again http,landslide,Unknown,Disaster-related,1.0,0.7769178152084351,0.21569551527500153,0.007386668585240841,Negative,-0.7695311466231942,0.7769178152084351
778251489,6.29343E+17,Got it winning by a landslide those the perfect words cause I got it out the mud.....,Got it winning by a landslide those the perfect words cause I got it out the mud.....,got winning landslide perfect word cause got mud,Got it winning by a landslide those the perfect words cause I got it out the mud.....,landslide,Unknown,Not disaster-related,0.8015,0.007699550595134497,0.0507473424077034,0.9415530562400818,Positive,0.9338535056449473,0.9415530562400818
778251495,6.29334E+17,@CrowtherJohn @Effiedeans  you just keep ur head in the sand john. The best place for it.  Lbr after 97 landslide. Couldnt imagine situ now,@CrowtherJohn @Effiedeans you just keep ur head in the sand john. The best place for it. Lbr after 97 landslide. Couldnt imagine situ now,USER USER keep ur head sand john best place lbr NUMBER landslide couldnt imagine situ,@user @user you just keep ur head in the sand john. The best place for it. Lbr after 97 landslide. Couldnt imagine situ now,landslide,Edinburgh,Not disaster-related,1.0,0.18423643708229065,0.34072864055633545,0.4750349521636963,Positive,0.29079851508140564,0.4750349521636963
778251499,6.29294E+17,'Since1970the 2 biggest depreciations in CAD:USD in yr b4federal election coincide w/landslide win for opposition' http://t.co/wgqKXmby3B,'Since1970the 2 biggest depreciations in CAD:USD in yr b4federal election coincide w/landslide win for opposition' http://t.co/wgqKXmby3B,NUMBER biggest depreciation cad usd yr election coincide win opposition URL,'Since1970the 2 biggest depreciations in CAD:USD in yr b4federal election coincide w/landslide win for opposition' http,landslide,Unknown,Not disaster-related,0.7964,0.21404364705085754,0.7474589347839355,0.038497451692819595,Neutral,-0.17554619535803795,0.7474589347839355
778251503,6.29271E+17,Italy: Three dead after landslide in the Italian Alps: http://t.co/42MawZb8T9 via @YouTube,Italy: Three dead after landslide in the Italian Alps: http://t.co/42MawZb8T9 via @YouTube,italy three dead landslide italian alp URL via USER,Italy: Three dead after landslide in the Italian Alps: http via @user,landslide,EGYPT,Disaster-related,1.0,0.5717650651931763,0.41567620635032654,0.012558753602206707,Negative,-0.5592063115909696,0.5717650651931763
778251508,6.29303E+17,5 need to-dos seeing as how technical writing administer apps that landslide: QCt,5 need to-dos seeing as how technical writing administer apps that landslide: QCt,NUMBER need seeing technical writing administer apps landslide qct,5 need to-dos seeing as how technical writing administer apps that landslide: QCt,landslide,Unknown,Not disaster-related,1.0,0.07243794202804565,0.8497703075408936,0.07779166102409363,Neutral,0.005353718996047974,0.8497703075408936
778251511,6.293E+17,*nominates self but @_ohhsehuns wins by a landslide* https://t.co/rCvDrwoWvO,*nominates self but @_ohhsehuns wins by a landslide* https://t.co/rCvDrwoWvO,nominates self USER win landslide URL,*nominates self but @user wins by a landslide* http,landslide,"i got 1/13 menpa replies, omg",Not disaster-related,1.0,0.007298505399376154,0.24783605337142944,0.7448654770851135,Positive,0.7375669716857374,0.7448654770851135
778251539,6.29103E+17,@YoungHeroesID Lava Blast &amp; Power Red @dieanpink95 @yu_nita99 #PantherAttack,@YoungHeroesID Lava Blast & Power Red @dieanpink95 @yu_nita99 #PantherAttack,USER lava blast power red USER USER pantherattack,@user Lava Blast & Power Red @user @user #PantherAttack,lava,Jakarta,Not disaster-related,0.797,0.011585196480154991,0.886480987071991,0.1019337847828865,Neutral,0.09034858830273151,0.886480987071991
778251544,6.29112E+17,i lava you! ????,i lava you! ????,lava,i lava you! ????,lava,LA,Not disaster-related,1.0,0.059895552694797516,0.8665910363197327,0.07351352274417877,Neutral,0.013617970049381256,0.8665910363197327
778251550,6.29114E+17,White Pink Lava Bracelet10mm Lava Beads Bracelet Silver Tone Û_ https://t.co/DKdmLZyRii #etsymntt #HandmadeJewelry http://t.co/WYg4OUGQY3,White Pink Lava Bracelet10mm Lava Beads Bracelet Silver Tone Û_ https://t.co/DKdmLZyRii #etsymntt #HandmadeJewelry http://t.co/WYg4OUGQY3,white pink lava lava bead bracelet silver tone URL etsymntt handmadejewelry URL,White Pink Lava Bracelet10mm Lava Beads Bracelet Silver Tone Û_ http #etsymntt #HandmadeJewelry http,lava,Unknown,Not disaster-related,1.0,0.012067432515323162,0.9296974539756775,0.05823510140180588,Neutral,0.046167668886482716,0.9296974539756775
778251551,6.29108E+17,I LAVA YOU.,I LAVA YOU.,lava,I LAVA YOU.,lava,Venezuela,Not disaster-related,1.0,0.022405093535780907,0.1330777108669281,0.8445172309875488,Positive,0.8221121374517679,0.8445172309875488
778251557,6.2911E+17,@YoungHeroesID Lava Blast &amp; Power Red &amp; Mix Fruit. @Niastewart3 @NRmawa #PantherAttack,@YoungHeroesID Lava Blast & Power Red & Mix Fruit. @Niastewart3 @NRmawa #PantherAttack,USER lava blast power red mix fruit USER USER pantherattack,@user Lava Blast & Power Red & Mix Fruit. @user @user #PantherAttack,lava,Indonesia,Not disaster-related,0.5957,0.012499784119427204,0.9350592494010925,0.052440986037254333,Neutral,0.03994120191782713,0.9350592494010925
778251560,6.29119E+17,@gracemccreave_ @jamisonevann @jace_swain @_laneyslife @JacksonLaurie1 lava boy was taken,@gracemccreave_ @jamisonevann @jace_swain @_laneyslife @JacksonLaurie1 lava boy was taken,USER USER USER USER USER lava boy taken,@user @user @user @user @user lava boy was taken,lava,Unknown,Not disaster-related,0.7976,0.13815221190452576,0.8395002484321594,0.02234748564660549,Neutral,-0.11580472625792027,0.8395002484321594
778251573,6.29093E+17,The Lightning out here is something serious!,The Lightning out here is something serious!,lightning something serious,The Lightning out here is something serious!,lightning,Georgia,Disaster-related,1.0,0.2644127607345581,0.41898852586746216,0.31659865379333496,Neutral,0.052185893058776855,0.41898852586746216
778251574,6.29092E+17,Couple storms near Guthrie OK. Leaving Norman for an evening lightning op. #okwx http://t.co/HcwrK81p71,Couple storms near Guthrie OK. Leaving Norman for an evening lightning op. #okwx http://t.co/HcwrK81p71,couple storm near guthrie leaving norman evening lightning op okwx URL,Couple storms near Guthrie OK. Leaving Norman for an evening lightning op. #okwx http,lightning,"Norman, Oklahoma",Disaster-related,0.5994,0.07357358187437057,0.9009316563606262,0.0254947729408741,Neutral,-0.048078808933496475,0.9009316563606262
778251580,6.29092E+17,Lightning  #rebeccafav http://t.co/q9Q87mDEzY,Lightning #rebeccafav http://t.co/q9Q87mDEzY,lightning rebeccafav URL,Lightning #rebeccafav http,lightning,Winston Salem NC,Not disaster-related,0.7999,0.012730021961033344,0.8783766031265259,0.10889341682195663,Neutral,0.09616339486092329,0.8783766031265259
778251581,6.29093E+17,Science Daily: Lightning reshapes rocks at the atomic level - A lightning strike can reshape a mineral's crystal s... http://t.co/TEZLTqeyw2,Science Daily: Lightning reshapes rocks at the atomic level - A lightning strike can reshape a mineral's crystal s... http://t.co/TEZLTqeyw2,science daily lightning reshapes rock atomic level lightning strike reshape mineral crystal URL,Science Daily: Lightning reshapes rocks at the atomic level - A lightning strike can reshape a mineral's crystal s... http,lightning,Unknown,Disaster-related,0.8001,0.007345627993345261,0.7679241895675659,0.22473016381263733,Neutral,0.21738453581929207,0.7679241895675659
778251589,6.29092E+17,Heavy rain gusty winds and vivid lightning moving east through the Triad now. http://t.co/JMu5uyamdu,Heavy rain gusty winds and vivid lightning moving east through the Triad now. http://t.co/JMu5uyamdu,heavy rain gusty wind vivid lightning moving east triad URL,Heavy rain gusty winds and vivid lightning moving east through the Triad now. http,lightning,"Greensboro, North Carolina",Disaster-related,0.7998,0.5099361538887024,0.475127637386322,0.014936195686459541,Negative,-0.49499995820224285,0.5099361538887024
778251592,6.29092E+17,World War II book LIGHTNING JOE An Autobiography by General J. Lawton Collins http://t.co/BzdfznKvoG http://t.co/eRhdH37rDh,World War II book LIGHTNING JOE An Autobiography by General J. Lawton Collins http://t.co/BzdfznKvoG http://t.co/eRhdH37rDh,world war ii book lightning joe autobiography general lawton collins URL URL,World War II book LIGHTNING JOE An Autobiography by General J. Lawton Collins http http,lightning,Unknown,Not disaster-related,0.8006,0.012443935498595238,0.8991806507110596,0.08837535977363586,Neutral,0.07593142427504063,0.8991806507110596
778251608,6.29093E+17,Lightning http://t.co/9DQhdEi357,Lightning http://t.co/9DQhdEi357,lightning URL,Lightning http,lightning,"North Carolina, USA",Disaster-related,1.0,0.014872368425130844,0.8402652144432068,0.14486238360404968,Neutral,0.12999001517891884,0.8402652144432068
778251610,6.29093E+17,Lightning strike in the distance via /r/pics http://t.co/iDmhSwewQw #pics http://t.co/wwxcOB52zI,Lightning strike in the distance via /r/pics http://t.co/iDmhSwewQw #pics http://t.co/wwxcOB52zI,lightning strike distance via URL pic URL,Lightning strike in the distance via /r/pics http #pics http,lightning,Reddit,Disaster-related,0.6037,0.011009679175913334,0.9451366662979126,0.04385363310575485,Neutral,0.03284395392984152,0.9451366662979126
778251613,6.29093E+17,"'When you walk away
Nothing more to say
See the lightning in your eyes
See Û÷em running for their lives'",'When you walk away Nothing more to say See the lightning in your eyes See Û÷em running for their lives',walk away nothing say see lightning eye see running life,'When you walk away Nothing more to say See the lightning in your eyes See Û÷em running for their lives',lightning,"Waverly, IA",Not disaster-related,0.7958,0.27246132493019104,0.6589637398719788,0.0685749277472496,Neutral,-0.20388639718294144,0.6589637398719788
778251616,6.28859E+17,kabwandi_: Breaking news! Unconfirmed! I just heard a loud bang nearby. in what appears to be a blast of wind from my neighbour's ass.,kabwandi_: Breaking news! Unconfirmed! I just heard a loud bang nearby. in what appears to be a blast of wind from my neighbour's ass.,breaking news unconfirmed heard loud bang nearby appears blast wind neighbour as,kabwandi_: Breaking news! Unconfirmed! I just heard a loud bang nearby. in what appears to be a blast of wind from my neighbour's ass.,loud bang,Kenya,Not disaster-related,0.5941,0.6557755470275879,0.32539811730384827,0.01882627233862877,Negative,-0.6369492746889591,0.6557755470275879
778251618,6.28658E+17,#ActionMoviesTaughtUs things actually can explode with a loud bang...in space.,#ActionMoviesTaughtUs things actually can explode with a loud bang...in space.,actionmoviestaughtus thing actually explode loud bang space,#ActionMoviesTaughtUs things actually can explode with a loud bang...in space.,loud bang,Unknown,Not disaster-related,0.7994,0.3373606503009796,0.5626701712608337,0.09996914863586426,Neutral,-0.23739150166511536,0.5626701712608337
778251619,6.29044E+17,@LayLoveTournay @RyroTheUnaware [loud groaning] Let us bang.,@LayLoveTournay @RyroTheUnaware [loud groaning] Let us bang.,USER USER loud groaning let u bang,@user @user [loud groaning] Let us bang.,loud bang,Unknown,Not disaster-related,0.7994,0.10724633187055588,0.7258448004722595,0.16690883040428162,Neutral,0.05966249853372574,0.7258448004722595
778251623,6.28741E+17,@Chibi877 --head. It hit the wall behind him with a loud bang. 'Language!' Drake shouted at him before getting up. 'I'm going out stay--,@Chibi877 --head. It hit the wall behind him with a loud bang. 'Language!' Drake shouted at him before getting up. 'I'm going out stay--,USER head hit wall behind loud bang drake shouted getting going stay,@user --head. It hit the wall behind him with a loud bang. 'Language!' Drake shouted at him before getting up. 'I'm going out stay--,loud bang,Why should you know?,Disaster-related,0.606,0.3616220951080322,0.583590030670166,0.05478789657354355,Neutral,-0.3068341985344887,0.583590030670166
778251637,6.28675E+17,What the fuck was that. There was a loud bang and a flash of light outside. I'm pretty sure I'm not dead but what the hell??,What the fuck was that. There was a loud bang and a flash of light outside. I'm pretty sure I'm not dead but what the hell??,fuck loud bang flash light outside pretty sure dead hell,What the fuck was that. There was a loud bang and a flash of light outside. I'm pretty sure I'm not dead but what the hell??,loud bang,Aperture Science Test Facility,Not disaster-related,0.6633,0.8953657150268555,0.09064940363168716,0.01398485992103815,Negative,-0.8813808551058173,0.8953657150268555
778251638,6.28973E+17,@SW_Trains strange loud impact bang noises under train to Epsom about to arrive #Wimbledon,@SW_Trains strange loud impact bang noises under train to Epsom about to arrive #Wimbledon,USER strange loud impact bang noise train epsom arrive wimbledon,@user strange loud impact bang noises under train to Epsom about to arrive #Wimbledon,loud bang,"Wandsworth, London",Not disaster-related,0.6006,0.1424444615840912,0.8276737332344055,0.029881848022341728,Neutral,-0.11256261356174946,0.8276737332344055
778251655,6.29061E+17,"School Bouta Start: 

Back To These Ignorant Ass Kids

Loud Ugly Want Be Seen Girls 

Niggas That Want Be Down

Aggravating Ass Teachers
??",School Bouta Start: Back To These Ignorant Ass Kids Loud Ugly Want Be Seen Girls Niggas That Want Be Down Aggravating Ass Teachers ??,school bouta start back ignorant as kid loud ugly want seen girl nigga want aggravating as teacher,School Bouta Start: Back To These Ignorant Ass Kids Loud Ugly Want Be Seen Girls Niggas That Want Be Down Aggravating Ass Teachers ??,loud bang,Unknown,Not disaster-related,0.7988,0.9242160320281982,0.06981045752763748,0.0059735155664384365,Negative,-0.9182425164617598,0.9242160320281982
778251660,6.28854E+17,"St steel coffee cafetiere exploded this am with loud bang hot coffee &amp; grounds shot over table clean crockery phone
tablet. How?",St steel coffee cafetiere exploded this am with loud bang hot coffee & grounds shot over table clean crockery phone tablet. How?,st steel coffee cafetiere exploded loud bang hot coffee ground shot table clean crockery phone tablet,St steel coffee cafetiere exploded this am with loud bang hot coffee & grounds shot over table clean crockery phone tablet. How?,loud bang,English Midlands,Disaster-related,0.6658,0.7817246913909912,0.2026408165693283,0.015634501352906227,Negative,-0.766090190038085,0.7817246913909912
778251663,6.28989E+17,JohnMtaita: Breaking news! Unconfirmed! I just heard a loud bang nearby. in what appears to be a blast of wind from my neighbour's ass.,JohnMtaita: Breaking news! Unconfirmed! I just heard a loud bang nearby. in what appears to be a blast of wind from my neighbour's ass.,johnmtaita breaking news unconfirmed heard loud bang nearby appears blast wind neighbour as,JohnMtaita: Breaking news! Unconfirmed! I just heard a loud bang nearby. in what appears to be a blast of wind from my neighbour's ass.,loud bang,Kenya,Not disaster-related,1.0,0.6228121519088745,0.3549988865852356,0.022188957780599594,Negative,-0.6006231941282749,0.6228121519088745
778251664,6.285E+17,ColnHarun: Breaking news! Unconfirmed! I just heard a loud bang nearby. in what appears to be a blast of wind from my neighbour's ass.,ColnHarun: Breaking news! Unconfirmed! I just heard a loud bang nearby. in what appears to be a blast of wind from my neighbour's ass.,colnharun breaking news unconfirmed heard loud bang nearby appears blast wind neighbour as,ColnHarun: Breaking news! Unconfirmed! I just heard a loud bang nearby. in what appears to be a blast of wind from my neighbour's ass.,loud bang,Kenya,Not disaster-related,0.7988,0.5873841047286987,0.3872799873352051,0.025335850194096565,Negative,-0.5620482545346022,0.5873841047286987
778251668,6.29091E+17,@AMAAS @JD_marsh22 just carry a gun. No way you get charged when you stop a mass murder,@AMAAS @JD_marsh22 just carry a gun. No way you get charged when you stop a mass murder,USER USER carry gun way get charged stop mass murder,@user @user just carry a gun. No way you get charged when you stop a mass murder,mass murder,"Detroit, Mi",Not disaster-related,0.5994,0.7605594992637634,0.2271154820919037,0.012325018644332886,Negative,-0.7482344806194305,0.7605594992637634
778251669,6.29101E+17,@ColdMpress You up to commiting mass murder tonight?,@ColdMpress You up to commiting mass murder tonight?,USER commiting mass murder tonight,@user You up to commiting mass murder tonight?,mass murder,"Magnolia, Fiore",Disaster-related,0.5964,0.8856512904167175,0.1057860255241394,0.008562637493014336,Negative,-0.8770886529237032,0.8856512904167175
778251670,6.29098E+17,Candlelight vigil at my house tonight for the victims of the mass ant murder (by me) in my bathroom sink. There will be snacks.,Candlelight vigil at my house tonight for the victims of the mass ant murder (by me) in my bathroom sink. There will be snacks.,candlelight vigil house tonight victim mass ant murder bathroom sink snack,Candlelight vigil at my house tonight for the victims of the mass ant murder (by me) in my bathroom sink. There will be snacks.,mass murder,Unknown,Not disaster-related,0.7982,0.08258563280105591,0.6528617739677429,0.2645525634288788,Neutral,0.18196693062782288,0.6528617739677429
778251686,6.29094E+17,'Prompt and utter' mass murder  https://t.co/BRU7t5UzUy,'Prompt and utter' mass murder https://t.co/BRU7t5UzUy,utter mass murder URL,'Prompt and utter' mass murder http,mass murder,Unknown,Disaster-related,0.6,0.8527075052261353,0.14005406200885773,0.007238401100039482,Negative,-0.8454691041260958,0.8527075052261353
778251695,6.29068E+17,He made such a good point. White person comings mass murder labelled as criminal minority does the same thing... http://t.co/37qPsSnaCv,He made such a good point. White person comings mass murder labelled as criminal minority does the same thing... http://t.co/37qPsSnaCv,made good point white person coming mass murder labelled criminal minority thing URL,He made such a good point. White person comings mass murder labelled as criminal minority does the same thing... http,mass murder,Unknown,Not disaster-related,0.606,0.49012917280197144,0.42255908250808716,0.08731173723936081,Negative,-0.4028174355626106,0.49012917280197144
778251705,6.29076E+17,@Cynicalreality when the subject is mass murder. @LetsBe_Rational @MishaWeller @llr517,@Cynicalreality when the subject is mass murder. @LetsBe_Rational @MishaWeller @llr517,USER subject mass murder USER USER USER,@user when the subject is mass murder. @user @user @user,mass murder,Unknown,Disaster-related,0.6,0.8517237305641174,0.14109733700752258,0.007178989704698324,Negative,-0.8445447408594191,0.8517237305641174
778251706,6.2907E+17,Today marks 70 years since the mass murder of 140000 civilians in Hiroshima. The bombing of Hiroshima and Nagasaki did NOT end WW2,Today marks 70 years since the mass murder of 140000 civilians in Hiroshima. The bombing of Hiroshima and Nagasaki did NOT end WW2,today mark NUMBER year since mass murder NUMBER civilian hiroshima bombing hiroshima nagasaki end,Today marks 70 years since the mass murder of 140000 civilians in Hiroshima. The bombing of Hiroshima and Nagasaki did NOT end WW2,mass murder,"Albany, Western Australia",Disaster-related,1.0,0.9355154633522034,0.05950681492686272,0.004977714270353317,Negative,-0.93053774908185,0.9355154633522034
778251718,6.29053E+17,Asad is also a mass murderer.  https://t.co/dZOReZpxvR,Asad is also a mass murderer. https://t.co/dZOReZpxvR,asad also mass murderer URL,Asad is also a mass murderer. http,mass murderer,Islamabad Pakistan,Disaster-related,1.0,0.902714192867279,0.09075761586427689,0.006528191734105349,Negative,-0.8961860011331737,0.902714192867279
778251721,6.29016E+17,Sooooo shooting up movie theaters the new mass murderer wave??,Sooooo shooting up movie theaters the new mass murderer wave??,sooooo shooting movie theater new mass murderer wave,Sooooo shooting up movie theaters the new mass murderer wave??,mass murderer,Unknown,Disaster-related,1.0,0.7452214956283569,0.24727369844913483,0.007504834793508053,Negative,-0.7377166608348489,0.7452214956283569
778251723,6.29048E+17,@AParra210 So you are stereotyping the people. Are you a mass murderer like today's shooter?,@AParra210 So you are stereotyping the people. Are you a mass murderer like today's shooter?,USER stereotyping people mass murderer like today shooter,@user So you are stereotyping the people. Are you a mass murderer like today's shooter?,mass murderer,Unknown,Not disaster-related,0.5963,0.9118107557296753,0.0841546580195427,0.004034580197185278,Negative,-0.90777617553249,0.9118107557296753
778251740,6.28996E+17,This is worth a re-read: 'A MASS-MURDERER' By Stuart Syvret http://t.co/C9UAyjrXt9 via @gojam_i_am,This is worth a re-read: 'A MASS-MURDERER' By Stuart Syvret http://t.co/C9UAyjrXt9 via @gojam_i_am,worth stuart syvret URL via USER,This is worth a re-read: 'A MASS-MURDERER' By Stuart Syvret http via @user,mass murderer,Still on my laptop,Not disaster-related,0.8017,0.029624061658978462,0.8395999670028687,0.13077592849731445,Neutral,0.10115186683833599,0.8395999670028687
778251741,6.29033E+17,A Tomb Raider / Uncharted game where Lara Croft / Nathan Drake is finally on the run for being a ruthless mass murderer in the recent games.,A Tomb Raider / Uncharted game where Lara Croft / Nathan Drake is finally on the run for being a ruthless mass murderer in the recent games.,tomb raider uncharted game lara croft nathan drake finally run ruthless mass murderer recent game,A Tomb Raider / Uncharted game where Lara Croft / Nathan Drake is finally on the run for being a ruthless mass murderer in the recent games.,mass murderer,"Pittsburgh, PA",Not disaster-related,1.0,0.5810641050338745,0.39036205410957336,0.028573863208293915,Negative,-0.5524902418255806,0.5810641050338745
778251744,6.29101E+17,I am disgusted by @libertarianism and @CatoInstitute for celebrating a mass murderer of innocents today.,I am disgusted by @libertarianism and @CatoInstitute for celebrating a mass murderer of innocents today.,disgusted USER USER celebrating mass murderer innocent today,I am disgusted by @user and @user for celebrating a mass murderer of innocents today.,mass murderer,Unknown,Disaster-related,0.7952,0.95456463098526,0.03955826163291931,0.005877078045159578,Negative,-0.9486875529401004,0.95456463098526
778251749,6.29022E+17,Another White mass murderer. Thank God I live in California.  https://t.co/4COg0OTiWn,Another White mass murderer. Thank God I live in California. https://t.co/4COg0OTiWn,another white mass murderer thank god live california URL,Another White mass murderer. Thank God I live in California. http,mass murderer,Unknown,Disaster-related,0.8578,0.9259178042411804,0.06183142587542534,0.01225071121007204,Negative,-0.9136670930311084,0.9259178042411804
778251767,6.29076E+17,"@abc3340 
Parents of Colorado theater shooting victim fear copycat massacre

http://t.co/LvlH3W3aWO
#Antioch

http://t.co/vIwXY1XDYK",@abc3340 Parents of Colorado theater shooting victim fear copycat massacre http://t.co/LvlH3W3aWO #Antioch http://t.co/vIwXY1XDYK,USER parent colorado theater shooting victim fear copycat massacre URL antioch URL,@user Parents of Colorado theater shooting victim fear copycat massacre http #Antioch http,massacre,Unknown,Disaster-related,1.0,0.6996005773544312,0.29398113489151,0.006418303120881319,Negative,-0.6931822742335498,0.6996005773544312
778251774,6.29051E+17,embrace the beauty of the massacre that lies ahead,embrace the beauty of the massacre that lies ahead,embrace beauty massacre lie ahead,embrace the beauty of the massacre that lies ahead,massacre,Unknown,Not disaster-related,0.5964,0.1660095900297165,0.46106183528900146,0.37292855978012085,Neutral,0.20691896975040436,0.46106183528900146
778251775,6.29063E+17,3 Years After the Sikh Temple Massacre Hate-Violence Prevention Is Key | Colorlines http://t.co/iJoORKaGyj,3 Years After the Sikh Temple Massacre Hate-Violence Prevention Is Key | Colorlines http://t.co/iJoORKaGyj,NUMBER year sikh temple massacre prevention key colorlines URL,3 Years After the Sikh Temple Massacre Hate-Violence Prevention Is Key | Colorlines http,massacre,University of Maryland,Disaster-related,1.0,0.3965989351272583,0.5851761102676392,0.01822495460510254,Neutral,-0.37837398052215576,0.5851761102676392
778251792,6.29051E+17,Tunisia beach massacre linked to March terror attack on museum http://t.co/kuRqLxFiHL,Tunisia beach massacre linked to March terror attack on museum http://t.co/kuRqLxFiHL,tunisia beach massacre linked march terror attack museum URL,Tunisia beach massacre linked to March terror attack on museum http,massacre,"London, UK",Disaster-related,0.8,0.6724819540977478,0.31965380907058716,0.007864194922149181,Negative,-0.6646177591755986,0.6724819540977478
778251802,6.29068E+17,"@nataliealund 
Parents of Colorado theater shooting victim fear copycat massacre

http://t.co/LvlH3W3aWO
#Antioch

http://t.co/vIwXY1XDYK",@nataliealund Parents of Colorado theater shooting victim fear copycat massacre http://t.co/LvlH3W3aWO #Antioch http://t.co/vIwXY1XDYK,USER parent colorado theater shooting victim fear copycat massacre URL antioch URL,@user Parents of Colorado theater shooting victim fear copycat massacre http #Antioch http,massacre,Unknown,Disaster-related,1.0,0.6996005773544312,0.29398113489151,0.006418303120881319,Negative,-0.6931822742335498,0.6996005773544312
778251818,6.29344E+17,I guess ill never be able to go to mayhem...,I guess ill never be able to go to mayhem...,guess ill never able go mayhem,I guess ill never be able to go to mayhem...,mayhem,"Orlando, FL",Not disaster-related,0.8308,0.8865489959716797,0.1046406701207161,0.008810274302959442,Negative,-0.8777387216687202,0.8865489959716797
778251829,6.29345E+17,@Mayhem_114 are you reading right to left,@Mayhem_114 are you reading right to left,USER reading right left,@user are you reading right to left,mayhem,"North Dartmouth, Massachusetts",Not disaster-related,1.0,0.019433340057730675,0.9547286629676819,0.02583790011703968,Neutral,0.006404560059309006,0.9547286629676819
778251841,6.29352E+17,@RaynbowAffair Editor In Chief @DiamondKesawn Releases Issue #7 http://t.co/RPnEAJ6fOD of #RAmag. #Fashion #Models and #Mayhem,@RaynbowAffair Editor In Chief @DiamondKesawn Releases Issue #7 http://t.co/RPnEAJ6fOD of #RAmag. #Fashion #Models and #Mayhem,USER editor chief USER release issue NUMBER URL ramag fashion model mayhem,@user Editor In Chief @user Releases Issue #7 http of #RAmag. #Fashion #Models and #Mayhem,mayhem,Boston/Montreal,Not disaster-related,0.7976,0.0031958967447280884,0.8853623270988464,0.11144179850816727,Neutral,0.10824590176343918,0.8853623270988464
778251862,6.2911E+17,@julescheff @Z_Hoffman96 haha yes! I was just with Zack at Madsummer meltdown,@julescheff @Z_Hoffman96 haha yes! I was just with Zack at Madsummer meltdown,USER USER haha yes zack madsummer meltdown,@user @user haha yes! I was just with Zack at Madsummer meltdown,meltdown,Unknown,Not disaster-related,1.0,0.01620280183851719,0.33564648032188416,0.6481507420539856,Positive,0.6319479402154684,0.6481507420539856
778251864,6.29106E+17,the straight bass dubloadz droppd when they opened @ meltdown had everyone meelllttting http://t.co/vXsQPFE9NA,the straight bass dubloadz droppd when they opened @ meltdown had everyone meelllttting http://t.co/vXsQPFE9NA,straight bass dubloadz droppd opened meltdown everyone meelllttting URL,the straight bass dubloadz droppd when they opened @ meltdown had everyone meelllttting http,meltdown,laying on the bass,Not disaster-related,0.5988,0.10913121700286865,0.5406057238578796,0.3502630293369293,Neutral,0.24113181233406067,0.5406057238578796
778251873,6.29108E+17,I had a meltdown in Demi's instagram comments http://t.co/mcc76xOwli,I had a meltdown in Demi's instagram comments http://t.co/mcc76xOwli,meltdown demi instagram comment URL,I had a meltdown in Demi's instagram comments http,meltdown,Unknown,Not disaster-related,0.7987,0.42104199528694153,0.45848268270492554,0.1204754114151001,Neutral,-0.30056658387184143,0.45848268270492554
778251874,6.29108E+17,Apple's momentum 'meltdown' bites investors - http://t.co/hsECqcdc7P #Apple #Stocks #Crash #TimCook #Investment,Apple's momentum 'meltdown' bites investors - http://t.co/hsECqcdc7P #Apple #Stocks #Crash #TimCook #Investment,apple momentum bite investor URL apple stock crash timcook investment,Apple's momentum 'meltdown' bites investors - http #Apple #Stocks #Crash #TimCook #Investment,meltdown,Wouldn't u like to know,Not disaster-related,1.0,0.6567493081092834,0.31923916935920715,0.024011550471186638,Negative,-0.6327377576380968,0.6567493081092834
778251878,6.29106E+17,DFR EP016 Monthly Meltdown - On Dnbheaven 2015.08.06 http://t.co/EjKRf8N8A8 #Drum and Bass #heavy #nasty http://t.co/SPHWE6wFI5,DFR EP016 Monthly Meltdown - On Dnbheaven 2015.08.06 http://t.co/EjKRf8N8A8 #Drum and Bass #heavy #nasty http://t.co/SPHWE6wFI5,dfr monthly meltdown dnbheaven NUMBER NUMBER URL drum bass heavy nasty URL,DFR EP016 Monthly Meltdown - On Dnbheaven 2015.08.06 http #Drum and Bass #heavy #nasty http,meltdown,Oldenburg // London,Not disaster-related,0.6068,0.14349126815795898,0.7927639484405518,0.06374479085206985,Neutral,-0.07974647730588913,0.7927639484405518
778251882,6.29104E+17,"@JustinTrudeau 

Most respected in world
Best job recovery G7 and G20
Best led during 2008 world meltdown

What exactly have you done ??",@JustinTrudeau Most respected in world Best job recovery G7 and G20 Best led during 2008 world meltdown What exactly have you done ??,USER respected world best job recovery best led NUMBER world meltdown exactly done,@user Most respected in world Best job recovery G7 and G20 Best led during 2008 world meltdown What exactly have you done ??,meltdown,Proudly frozen Canuck eh !!,Not disaster-related,1.0,0.022961918264627457,0.1760263442993164,0.8010117411613464,Positive,0.778049822896719,0.8010117411613464
778251884,6.29108E+17,Craving a triple chocolate meltdown from bees rn,Craving a triple chocolate meltdown from bees rn,craving triple chocolate meltdown bee rn,Craving a triple chocolate meltdown from bees rn,meltdown,Manisto Trap House,Not disaster-related,1.0,0.3477530777454376,0.39216867089271545,0.2600782513618469,Neutral,-0.0876748263835907,0.39216867089271545
778251895,6.29107E+17,Ever since my Facebook #Mets meltdown after the Padres fiasco- mets are 6-0. You're welcome,Ever since my Facebook #Mets meltdown after the Padres fiasco- mets are 6-0. You're welcome,ever since facebook mets meltdown padre mets NUMBER NUMBER welcome,Ever since my Facebook #Mets meltdown after the Padres fiasco- mets are 6-0. You're welcome,meltdown,The shores of Lake Kilby,Not disaster-related,1.0,0.046416886150836945,0.33279022574424744,0.6207928657531738,Positive,0.5743759796023369,0.6207928657531738
778251897,6.29113E+17,Currently: Uncontrollable meltdown number 2,Currently: Uncontrollable meltdown number 2,currently uncontrollable meltdown number NUMBER,Currently: Uncontrollable meltdown number 2,meltdown,Unknown,Not disaster-related,0.7994,0.6366353631019592,0.33495622873306274,0.02840837463736534,Negative,-0.6082269884645939,0.6366353631019592
778251899,6.29095E+17,The meltdown I'm currently witnessing makes it seem like a delayed flight is a true anomaly instead of y'know the expected outcome.,The meltdown I'm currently witnessing makes it seem like a delayed flight is a true anomaly instead of y'know the expected outcome.,meltdown currently witnessing make seem like delayed flight true anomaly instead expected outcome,The meltdown I'm currently witnessing makes it seem like a delayed flight is a true anomaly instead of y'know the expected outcome.,meltdown,"Pittsburgh, PA",Not disaster-related,0.8317,0.8537996411323547,0.13827219605445862,0.007928119041025639,Negative,-0.8458715220913291,0.8537996411323547
778251900,6.29116E+17,@ChelseaVPeretti's bit on @meltdown_show was also gold.,@ChelseaVPeretti's bit on @meltdown_show was also gold.,USER bit USER also gold,@user's bit on @user was also gold.,meltdown,"Tuksa, OK",Disaster-related,0.6064,0.003138758474960923,0.047594934701919556,0.9492663741111755,Positive,0.9461276156362146,0.9492663741111755
778251915,6.29104E+17,"Russian #ushanka #winter #military fur hat (xl61-62) with soviet badge LINK:
http://t.co/74YFQxvAK0 http://t.co/KXrEHVt6hL",Russian #ushanka #winter #military fur hat (xl61-62) with soviet badge LINK: http://t.co/74YFQxvAK0 http://t.co/KXrEHVt6hL,russian ushanka winter military fur hat NUMBER soviet badge link URL URL,Russian #ushanka #winter #military fur hat (xl61-62) with soviet badge LINK: http http,military,Unknown,Not disaster-related,1.0,0.01093523483723402,0.9337863326072693,0.055278439074754715,Neutral,0.044343204237520695,0.9337863326072693
778251924,6.29104E+17,VINTAGE EAGLE 4' OIL CAN OILER FOR WWII JEEP MB GPW MILITARY  VEHICLE TOOL KIT http://t.co/9tpFRN725P http://t.co/hVH6b3wOLg,VINTAGE EAGLE 4' OIL CAN OILER FOR WWII JEEP MB GPW MILITARY VEHICLE TOOL KIT http://t.co/9tpFRN725P http://t.co/hVH6b3wOLg,vintage eagle NUMBER oil oiler wwii jeep mb gpw military vehicle tool kit URL URL,VINTAGE EAGLE 4' OIL CAN OILER FOR WWII JEEP MB GPW MILITARY VEHICLE TOOL KIT http http,military,Unknown,Not disaster-related,1.0,0.03020927682518959,0.9095035791397095,0.06028710678219795,Neutral,0.030077829957008362,0.9095035791397095
778251929,6.29104E+17,Army names 10th Mountain units for Iraq Afghanistan deployments (Deeds) http://t.co/N6ZfLXIGvr,Army names 10th Mountain units for Iraq Afghanistan deployments (Deeds) http://t.co/N6ZfLXIGvr,army name mountain unit iraq afghanistan deployment deed URL,Army names 10th Mountain units for Iraq Afghanistan deployments (Deeds) http,military,"Bozeman, Montana",Not disaster-related,0.6024,0.02374175563454628,0.9482170343399048,0.028041144832968712,Neutral,0.004299389198422432,0.9482170343399048
778251937,6.29104E+17,@stfxuniversity For the people who died in Human Experiments by Unit 731 of Japanese military http://t.co/vVPLFQv58P http://t.co/l5AWTUndhm,@stfxuniversity For the people who died in Human Experiments by Unit 731 of Japanese military http://t.co/vVPLFQv58P http://t.co/l5AWTUndhm,USER people died human experiment unit NUMBER japanese military URL URL,@user For the people who died in Human Experiments by Unit 731 of Japanese military http http,military,Unknown,Disaster-related,0.8556,0.4244731366634369,0.561148464679718,0.014378399588167667,Neutral,-0.4100947370752692,0.561148464679718
778251941,6.29104E+17,@2for1Lapdances For the people who died in Human Experiments by Unit 731 of Japanese military http://t.co/vVPLFQv58P http://t.co/yOMPxJpPTV,@2for1Lapdances For the people who died in Human Experiments by Unit 731 of Japanese military http://t.co/vVPLFQv58P http://t.co/yOMPxJpPTV,USER people died human experiment unit NUMBER japanese military URL URL,@user For the people who died in Human Experiments by Unit 731 of Japanese military http http,military,Unknown,Disaster-related,1.0,0.4244731366634369,0.561148464679718,0.014378399588167667,Neutral,-0.4100947370752692,0.561148464679718
778251953,6.29104E+17,Lot of 20 Tom Clancy Military Mystery Novels - Paperback http://t.co/ObiX79NcxN #tomclancy,Lot of 20 Tom Clancy Military Mystery Novels - Paperback http://t.co/ObiX79NcxN #tomclancy,lot NUMBER tom clancy military mystery novel paperback URL tomclancy,Lot of 20 Tom Clancy Military Mystery Novels - Paperback http #tomclancy,military,Unknown,Not disaster-related,1.0,0.004854907281696796,0.8328734636306763,0.1622716188430786,Neutral,0.15741671156138182,0.8328734636306763
778251972,6.29018E+17,'It looks like a mudslide' 'It's like chewing on rubber' #GBBO ??????,'It looks like a mudslide' 'It's like chewing on rubber' #GBBO ??????,look like mudslide like chewing rubber gbbo,'It looks like a mudslide' 'It's like chewing on rubber' #GBBO ??????,mudslide,Nottingham,Not disaster-related,0.5991,0.8330427408218384,0.1581995189189911,0.008757722564041615,Negative,-0.8242850182577968,0.8330427408218384
778251984,6.2902E+17,@SophieWisey I couldn't. #mudslide,@SophieWisey I couldn't. #mudslide,USER could mudslide,@user I couldn't. #mudslide,mudslide,London,Disaster-related,0.8026,0.5532276630401611,0.4164000451564789,0.03037230670452118,Negative,-0.52285535633564,0.5532276630401611
778251986,6.29018E+17,DORETTE THATS THE NAME OF THE MUDSLIDE CAKE MAKER,DORETTE THATS THE NAME OF THE MUDSLIDE CAKE MAKER,dorette thats name mudslide cake maker,DORETTE THATS THE NAME OF THE MUDSLIDE CAKE MAKER,mudslide,the burrow,Not disaster-related,1.0,0.07896485179662704,0.7649320363998413,0.15610311925411224,Neutral,0.0771382674574852,0.7649320363998413
778251994,6.29018E+17,new name: mudslide,new name: mudslide,new name mudslide,new name: mudslide,mudslide,the burrow,Not disaster-related,1.0,0.10257650911808014,0.7848079204559326,0.11261554062366486,Neutral,0.010039031505584717,0.7848079204559326
778252000,6.29018E+17,@new_hart2010 #mudslide... nuff said #GBBO,@new_hart2010 #mudslide... nuff said #GBBO,USER mudslide nuff said gbbo,@user #mudslide... nuff said #GBBO,mudslide,"London, England",Disaster-related,0.8048,0.18031786382198334,0.7209076881408691,0.0987745001912117,Neutral,-0.08154336363077164,0.7209076881408691
778252006,6.29021E+17,@melindahaunton mudslide lady is a good shout,@melindahaunton mudslide lady is a good shout,USER mudslide lady good shout,@user mudslide lady is a good shout,mudslide,Unknown,Disaster-related,0.8047,0.021605387330055237,0.27157872915267944,0.7068158388137817,Positive,0.6852104514837265,0.7068158388137817
778252011,6.29023E+17,@nikistitz even the one that looked like a mudslide?,@nikistitz even the one that looked like a mudslide?,USER even one looked like mudslide,@user even the one that looked like a mudslide?,mudslide,Unknown,Not disaster-related,0.5987,0.6388029456138611,0.3509470522403717,0.010250046849250793,Negative,-0.6285528987646103,0.6388029456138611
778252014,6.2902E+17,@Doylech They're refugees: 'people who have been forced to leave their country in order to escape war persecution or natural disaster',@Doylech They're refugees: 'people who have been forced to leave their country in order to escape war persecution or natural disaster',USER refugee forced leave country order escape war persecution natural disaster,@user They're refugees: 'people who have been forced to leave their country in order to escape war persecution or natural disaster',natural disaster,Birmingham and the Marches,Disaster-related,1.0,0.6141618490219116,0.377877414226532,0.007960740476846695,Negative,-0.6062011085450649,0.6141618490219116
778252015,6.29021E+17,On the sneak America has us spoiled. A natural disaster will humble niggas.,On the sneak America has us spoiled. A natural disaster will humble niggas.,sneak america u spoiled natural disaster humble nigga,On the sneak America has us spoiled. A natural disaster will humble niggas.,natural disaster,Los Angeles,Disaster-related,0.7994,0.8149755597114563,0.16556860506534576,0.019455809146165848,Negative,-0.7955197505652905,0.8149755597114563
778252027,6.29027E+17,Expert Prepper: Financial Collapse Natural Disaster Failed Grid... http://t.co/AVVSOiNO8Z http://t.co/VoYrUxcrIN,Expert Prepper: Financial Collapse Natural Disaster Failed Grid... http://t.co/AVVSOiNO8Z http://t.co/VoYrUxcrIN,expert prepper financial collapse natural disaster failed grid URL URL,Expert Prepper: Financial Collapse Natural Disaster Failed Grid... http http,natural disaster,Unknown,Disaster-related,1.0,0.5674424171447754,0.4106524884700775,0.021905099973082542,Negative,-0.5455373171716928,0.5674424171447754
778252037,6.2909E+17,Does more trust = more giving? Natural disaster yes - regular giving - maybe!  | Pro Bono Australia https://t.co/rXG0BvBBuS via @ProBonoNews,Does more trust = more giving? Natural disaster yes - regular giving - maybe! | Pro Bono Australia https://t.co/rXG0BvBBuS via @ProBonoNews,trust giving natural disaster yes regular giving maybe pro bono australia URL via USER,Does more trust = more giving? Natural disaster yes - regular giving - maybe! | Pro Bono Australia http via @user,natural disaster,Canberra (mostly),Not disaster-related,0.6002,0.10507194697856903,0.6985592842102051,0.19636878371238708,Neutral,0.09129683673381805,0.6985592842102051
778252046,6.29086E+17,We have overrun a Natural Disaster Survival server!,We have overrun a Natural Disaster Survival server!,overrun natural disaster survival server,We have overrun a Natural Disaster Survival server!,natural disaster,"Suburban Detroit, Michigan",Disaster-related,0.6006,0.7941299080848694,0.1838085949420929,0.022061467170715332,Negative,-0.772068440914154,0.7941299080848694
778252053,6.29041E+17,Patriot Survival Guide: Do you know how survive when the governments collapse or other natural disaster happens? http://t.co/QhtoerhDkM,Patriot Survival Guide: Do you know how survive when the governments collapse or other natural disaster happens? http://t.co/QhtoerhDkM,patriot survival guide know survive government collapse natural disaster happens URL,Patriot Survival Guide: Do you know how survive when the governments collapse or other natural disaster happens? http,natural disaster,Unknown,Disaster-related,1.0,0.15433286130428314,0.7927968502044678,0.0528702512383461,Neutral,-0.10146261006593704,0.7927968502044678
778252059,6.29101E+17,What Natural Disaster Are You When You Get Angry? http://t.co/O9DzgZqEMf,What Natural Disaster Are You When You Get Angry? http://t.co/O9DzgZqEMf,natural disaster get angry URL,What Natural Disaster Are You When You Get Angry? http,natural disaster,Leitchfield Kentucky,Not disaster-related,0.8048,0.4890890121459961,0.480609655380249,0.030301397666335106,Negative,-0.458787614479661,0.4890890121459961
778252065,6.29344E+17,Alarming Rise in Dead Marine Life Since the #Fukushima Nuclear Disaster: http://t.co/v6H97K688J http://t.co/tJw9bSeiPW,Alarming Rise in Dead Marine Life Since the #Fukushima Nuclear Disaster: http://t.co/v6H97K688J http://t.co/tJw9bSeiPW,alarming rise dead marine life since fukushima nuclear disaster URL URL,Alarming Rise in Dead Marine Life Since the #Fukushima Nuclear Disaster: http http,nuclear disaster,Austin TX,Disaster-related,1.0,0.33297619223594666,0.6487139463424683,0.018309861421585083,Neutral,-0.3146663308143616,0.6487139463424683
778252075,6.29212E+17,Less consuming less energy to avoid nuclear disaster again and again.,Less consuming less energy to avoid nuclear disaster again and again.,less consuming less energy avoid nuclear disaster,Less consuming less energy to avoid nuclear disaster again and again.,nuclear disaster,Japan,Disaster-related,0.8012,0.22440144419670105,0.6112925410270691,0.16430605947971344,Neutral,-0.06009538471698761,0.6112925410270691
778252091,6.29083E+17,3 Former Executives To Be Prosecuted In Fukushima Nuclear Disaster http://t.co/UmjpRRwRUU,3 Former Executives To Be Prosecuted In Fukushima Nuclear Disaster http://t.co/UmjpRRwRUU,NUMBER former executive prosecuted fukushima nuclear disaster URL,3 Former Executives To Be Prosecuted In Fukushima Nuclear Disaster http,nuclear disaster,Unknown,Disaster-related,1.0,0.4945651888847351,0.4939104914665222,0.011524301022291183,Negative,-0.4830408878624439,0.4945651888847351
778252094,6.29108E+17,CLOSING THEIR EYES TO DISASTER!  State Department Unaware of Reports Iran is Sanitizing Nuclear Sites http://t.co/yRVGyKdbM6,CLOSING THEIR EYES TO DISASTER! State Department Unaware of Reports Iran is Sanitizing Nuclear Sites http://t.co/yRVGyKdbM6,closing eye disaster state department unaware report iran sanitizing nuclear site URL,CLOSING THEIR EYES TO DISASTER! State Department Unaware of Reports Iran is Sanitizing Nuclear Sites http,nuclear disaster,#goingdownthetoilet Illinois,Disaster-related,0.7127,0.6134679317474365,0.36960887908935547,0.01692325621843338,Negative,-0.5965446755290031,0.6134679317474365
778252117,6.29253E+17,Has An Ancient Nuclear Reactor Been Discovered In Africa? ÛÒ Your... http://t.co/qadUfO8zXg,Has An Ancient Nuclear Reactor Been Discovered In Africa? ÛÒ Your... http://t.co/qadUfO8zXg,ancient nuclear reactor discovered africa ûò URL,Has An Ancient Nuclear Reactor Been Discovered In Africa? ÛÒ Your... http,nuclear reactor,"Norwalk, CT",Not disaster-related,1.0,0.01613558456301689,0.9615418910980225,0.022322505712509155,Neutral,0.006186921149492264,0.9615418910980225
778252132,6.29056E+17,Government under pressure to abandon plans to construct UKÛªs first nuclear reactor for more than 20 year     http://t.co/E9d9Lk5Fdw,Government under pressure to abandon plans to construct UK Ûªs first nuclear reactor for more than 20 year http://t.co/E9d9Lk5Fdw,government pressure abandon plan construct uk ûªs first nuclear reactor NUMBER year URL,Government under pressure to abandon plans to construct UK Ûªs first nuclear reactor for more than 20 year http,nuclear reactor,Anywhere I like,Not disaster-related,1.0,0.4230567216873169,0.5615753531455994,0.015367926098406315,Neutral,-0.4076887955889106,0.5615753531455994
778252135,6.29309E+17,Japan's Restart of Nuclear Reactor Fleet Fast Approaches http://t.co/DbAUjp29Ub,Japan's Restart of Nuclear Reactor Fleet Fast Approaches http://t.co/DbAUjp29Ub,japan restart nuclear reactor fleet fast approach URL,Japan's Restart of Nuclear Reactor Fleet Fast Approaches http,nuclear reactor,"New York, New York",Disaster-related,0.8012,0.00860737543553114,0.9068509340286255,0.08454176783561707,Neutral,0.07593439240008593,0.9068509340286255
778252142,6.28909E+17,Finnish ministers: Fennovoima nuclear reactor will go ahead via /r/worldnews http://t.co/fRkOdEstuK,Finnish ministers: Fennovoima nuclear reactor will go ahead via /r/worldnews http://t.co/fRkOdEstuK,finnish minister fennovoima nuclear reactor go ahead via URL,Finnish ministers: Fennovoima nuclear reactor will go ahead via /r/worldnews http,nuclear reactor,Unknown,Not disaster-related,0.601,0.005422471556812525,0.9278737902641296,0.0667036771774292,Neutral,0.061281205620616674,0.9278737902641296
778252144,6.29335E+17,Navy sidelines three newest submarines pending steam plant inspections @defense_news writes: http://t.co/zTm4KPkLUn,Navy sidelines three newest submarines pending steam plant inspections @defense_news writes: http://t.co/zTm4KPkLUn,navy sideline three newest submarine pending steam plant inspection USER writes URL,Navy sidelines three newest submarines pending steam plant inspections @user writes: http,nuclear reactor,Unknown,Not disaster-related,0.7993,0.01930301822721958,0.9532609581947327,0.02743600495159626,Neutral,0.008132986724376678,0.9532609581947327
778252154,6.29268E+17,Salem 2 nuclear reactor shut down over electrical circuit failure on pump - http://t.co/98o2Kc3A1Z http://t.co/tGdontTkty,Salem 2 nuclear reactor shut down over electrical circuit failure on pump - http://t.co/98o2Kc3A1Z http://t.co/tGdontTkty,salem NUMBER nuclear reactor shut electrical circuit failure pump URL URL,Salem 2 nuclear reactor shut down over electrical circuit failure on pump - http http,nuclear reactor,Unknown,Disaster-related,1.0,0.4890519976615906,0.49985578656196594,0.01109220925718546,Neutral,-0.4779597884044051,0.49985578656196594
778252167,6.29242E+17,@realDonaldTrump to obliterate notion &amp; pattern political style seemly lead voter beliefs Sarcasm Narcissism #RichHomeyDon #Swag #USA #LIKES,@realDonaldTrump to obliterate notion & pattern political style seemly lead voter beliefs Sarcasm Narcissism #RichHomeyDon #Swag #USA #LIKES,USER obliterate notion pattern political style seemly lead voter belief sarcasm narcissism richhomeydon swag usa like,@user to obliterate notion & pattern political style seemly lead voter beliefs Sarcasm Narcissism #RichHomeyDon #Swag #USA #LIKES,obliterate,Korea,Not disaster-related,0.8315,0.7723197340965271,0.21268212795257568,0.014998121187090874,Negative,-0.7573216129094362,0.7723197340965271
778252182,6.29057E+17,@SkyNews how is this scum still alive obliterate this cancer,@SkyNews how is this scum still alive obliterate this cancer,USER scum still alive obliterate cancer,@user how is this scum still alive obliterate this cancer,obliterate,NEWCASTLE,Not disaster-related,0.6633,0.9431577324867249,0.049455467611551285,0.007386751472949982,Negative,-0.9357709810137749,0.9431577324867249
778252195,6.29301E+17,Wondering if gold could gap up $50 on the jobs numbers tomorrow and just obliterate the shorts. A big player with guys could smash them,Wondering if gold could gap up $50 on the jobs numbers tomorrow and just obliterate the shorts. A big player with guys could smash them,wondering gold could gap NUMBER job number tomorrow obliterate short big player guy could smash,Wondering if gold could gap up $50 on the jobs numbers tomorrow and just obliterate the shorts. A big player with guys could smash them,obliterate,Unknown,Not disaster-related,1.0,0.05769111588597298,0.3008230924606323,0.6414857506752014,Positive,0.5837946347892284,0.6414857506752014
778252196,6.29197E+17,@itsTiimothy bhill bruh you can obliterate beez,@itsTiimothy bhill bruh you can obliterate beez,USER bhill bruh obliterate beez,@user bhill bruh you can obliterate beez,obliterate,"Seattle, WA",Not disaster-related,1.0,0.1185164749622345,0.4187677800655365,0.4627158045768738,Positive,0.3441993296146393,0.4627158045768738
778252200,6.29052E+17,World of warships makes me mad sometimes but it's soooo satisfying when you cross the T on a battleship and just obliterate it,World of warships makes me mad sometimes but it's soooo satisfying when you cross the T on a battleship and just obliterate it,world warship make mad sometimes soooo satisfying cross battleship obliterate,World of warships makes me mad sometimes but it's soooo satisfying when you cross the T on a battleship and just obliterate it,obliterate,cedar rapids ia,Not disaster-related,0.6616,0.424713671207428,0.23730239272117615,0.33798399567604065,Negative,-0.08672967553138733,0.424713671207428
778252203,6.2892E+17,Watch Sarah Palin OBLITERATE Planned Parenthood For Targeting Minority Women! ÛÒ BB4SP http://t.co/fqMYprlG9g,Watch Sarah Palin OBLITERATE Planned Parenthood For Targeting Minority Women! ÛÒ BB4SP http://t.co/fqMYprlG9g,watch sarah palin obliterate planned parenthood targeting minority woman ûò URL,Watch Sarah Palin OBLITERATE Planned Parenthood For Targeting Minority Women! ÛÒ BB4SP http,obliterate,EIC,Not disaster-related,0.5965,0.7165945768356323,0.2710891366004944,0.012316322885453701,Negative,-0.7042782539501786,0.7165945768356323
778252206,6.29136E+17,@Wadeycakes @ThunderCastTV you're right Thunder would obliterate you #HEYOOO,@Wadeycakes @ThunderCastTV you're right Thunder would obliterate you #HEYOOO,USER USER right thunder would obliterate heyooo,@user @user you're right Thunder would obliterate you #HEYOOO,obliterate,United Kingdom,Disaster-related,0.6018,0.3389493525028229,0.3854183256626129,0.2756323218345642,Neutral,-0.06331703066825867,0.3854183256626129
778252214,6.29091E+17,RIZZO IS ON ???????? THAT BALL WAS OBLITERATED,RIZZO IS ON ???????? THAT BALL WAS OBLITERATED,rizzo ball obliterated,RIZZO IS ON ???????? THAT BALL WAS OBLITERATED,obliterated,Valparaiso,Not disaster-related,1.0,0.08708205819129944,0.4782092571258545,0.43470871448516846,Neutral,0.347626656293869,0.4782092571258545
778252221,6.29059E+17,Roquey and obliterated toy mollusk https://t.co/1qnRBXFr2v,Roquey and obliterated toy mollusk https://t.co/1qnRBXFr2v,roquey obliterated toy mollusk URL,Roquey and obliterated toy mollusk http,obliterated,"Grand Rapids, MI",Not disaster-related,0.7998,0.22746309638023376,0.5775826573371887,0.1949542611837387,Neutral,-0.032508835196495056,0.5775826573371887
778252222,6.29098E+17,I'm about to be obliterated,I'm about to be obliterated,obliterated,I'm about to be obliterated,obliterated,prob turning up with sheen,Not disaster-related,1.0,0.7500773668289185,0.1856607347726822,0.06426193565130234,Negative,-0.6858154311776161,0.7500773668289185
778252230,6.29052E+17,Drunk Meals 101: What To Cook When You're Totally Obliterated http://t.co/QvS7O10bG3,Drunk Meals 101: What To Cook When You're Totally Obliterated http://t.co/QvS7O10bG3,drunk meal NUMBER cook totally obliterated URL,Drunk Meals 101: What To Cook When You're Totally Obliterated http,obliterated,Unknown,Not disaster-related,1.0,0.380107045173645,0.5552473664283752,0.06464554369449615,Neutral,-0.31546150147914886,0.5552473664283752
778252231,6.29098E+17,@Sweet2Young I came in! Had he fucking moved his entire existence would've been obliterated.,@Sweet2Young I came in! Had he fucking moved his entire existence would've been obliterated.,USER came fucking moved entire existence would obliterated,@user I came in! Had he fucking moved his entire existence would've been obliterated.,obliterated,The dark,Not disaster-related,0.7964,0.9006089568138123,0.08313042670488358,0.01626054011285305,Negative,-0.8843484167009592,0.9006089568138123
778252235,6.29091E+17,@RockBottomRadFM As a kid I remember hearing rules about 30 to 90 days wo a defense and you're stripped. Brock obliterated that,@RockBottomRadFM As a kid I remember hearing rules about 30 to 90 days wo a defense and you're stripped. Brock obliterated that,USER kid remember hearing rule NUMBER NUMBER day wo defense stripped brock obliterated,@user As a kid I remember hearing rules about 30 to 90 days wo a defense and you're stripped. Brock obliterated that,obliterated,"Wynne, AR",Not disaster-related,0.5976,0.18649141490459442,0.5494651198387146,0.2640434801578522,Neutral,0.07755206525325775,0.5494651198387146
778252241,6.29046E+17,I was obliterated last night??,I was obliterated last night??,obliterated last night,I was obliterated last night??,obliterated,"Palmyra, NJ",Not disaster-related,1.0,0.6949164271354675,0.2625563442707062,0.0425272174179554,Negative,-0.6523892097175121,0.6949164271354675
778252249,6.29076E+17,mentions gotta be obliterated  https://t.co/3iDFkZfXI9,mentions gotta be obliterated https://t.co/3iDFkZfXI9,mention got ta obliterated URL,mentions gotta be obliterated http,obliterated,"Metropolis, TX",Not disaster-related,0.8559,0.831113874912262,0.15450182557106018,0.014384175650775433,Negative,-0.8167296992614865,0.831113874912262
778252255,6.2906E+17,Drunk Meals 101: What To Cook When You're Totally Obliterated http://t.co/JlPut7Va3s,Drunk Meals 101: What To Cook When You're Totally Obliterated http://t.co/JlPut7Va3s,drunk meal NUMBER cook totally obliterated URL,Drunk Meals 101: What To Cook When You're Totally Obliterated http,obliterated,"Winnipeg, Manitoba",Not disaster-related,0.797,0.380107045173645,0.5552473664283752,0.06464554369449615,Neutral,-0.31546150147914886,0.5552473664283752
778252256,6.29046E+17,Very glad that you got obliterated in X Men First Class. You fully deserved it after all @kevinbacon soz,Very glad that you got obliterated in X Men First Class. You fully deserved it after all @kevinbacon soz,glad got obliterated x men first class fully deserved USER soz,Very glad that you got obliterated in X Men First Class. You fully deserved it after all @user soz,obliterated,leyland,Not disaster-related,1.0,0.010605582036077976,0.033192310482263565,0.9562020897865295,Positive,0.9455965077504516,0.9562020897865295
778252263,6.27059E+17,Kontrolled Media say 'US good. Putin bad. #WW3 good Peace bad'. TOTAL BS! Leave Russia alone. DON'T DICE WITH OBLITERATION. #demonization,Kontrolled Media say 'US good. Putin bad. #WW3 good Peace bad'. TOTAL BS! Leave Russia alone. DON'T DICE WITH OBLITERATION. #demonization,kontrolled medium say good putin bad good peace bad total b leave russia alone dice obliteration demonization,Kontrolled Media say 'US good. Putin bad. #WW3 good Peace bad'. TOTAL BS! Leave Russia alone. DON'T DICE WITH OBLITERATION. #demonization,obliteration,London UK,Disaster-related,0.8001,0.8739597201347351,0.11770626157522202,0.008333999663591385,Negative,-0.8656257204711437,0.8739597201347351
778252266,6.28553E+17,'I must not fear. Fear is the mind-killer. Fear is the little-death that brings total obliteration... http://t.co/oERI3uWnRY,'I must not fear. Fear is the mind-killer. Fear is the little-death that brings total obliteration... http://t.co/oERI3uWnRY,must fear fear fear brings total obliteration URL,'I must not fear. Fear is the mind-killer. Fear is the little-death that brings total obliteration... http,obliteration,Unknown,Not disaster-related,1.0,0.8655914068222046,0.12303616851568222,0.011372450739145279,Negative,-0.8542189560830593,0.8655914068222046
778252269,6.29067E+17,Why did God order obliteration of ancient Canaanites? http://t.co/NckOgWjq61 via @worldnetdaily,Why did God order obliteration of ancient Canaanites? http://t.co/NckOgWjq61 via @worldnetdaily,god order obliteration ancient canaanite URL via USER,Why did God order obliteration of ancient Canaanites? http via @user,obliteration,Born in Baltimore Living in PA,Not disaster-related,0.8011,0.4161320924758911,0.5707029700279236,0.013164933770895004,Neutral,-0.4029671587049961,0.5707029700279236
778252271,6.27196E+17,The schematization to Maintain Facts Dependable By virtue of Obliteration...XMwTE,The schematization to Maintain Facts Dependable By virtue of Obliteration...XMwTE,schematization maintain fact dependable virtue obliteration xmwte,The schematization to Maintain Facts Dependable By virtue of Obliteration...XMwTE,obliteration,Unknown,Not disaster-related,1.0,0.028986960649490356,0.8951576948165894,0.07585527002811432,Neutral,0.04686830937862396,0.8951576948165894
778252276,6.2781E+17,@AuntieDote @RioSlade @Locke_Wiggins @akarb74 Not if one side is set on obliteration of govt and the other on fixing it. That's too far,@AuntieDote @RioSlade @Locke_Wiggins @akarb74 Not if one side is set on obliteration of govt and the other on fixing it. That's too far,USER USER USER USER one side set obliteration govt fixing far,@user @user @user @user Not if one side is set on obliteration of govt and the other on fixing it. That's too far,obliteration,Maryland,Not disaster-related,1.0,0.7109159231185913,0.27375733852386475,0.015326719731092453,Negative,-0.6955892033874989,0.7109159231185913
778252280,6.28977E+17,@tiggr_ why only Squad Obliteration?,@tiggr_ why only Squad Obliteration?,USER squad obliteration,@user why only Squad Obliteration?,obliteration,Unknown,Disaster-related,0.7994,0.3613382875919342,0.6247143745422363,0.013947372324764729,Neutral,-0.3473909152671695,0.6247143745422363
778252281,6.29009E+17,@bradohearne Admin is the little death that brings total obliteration.,@bradohearne Admin is the little death that brings total obliteration.,USER admin little death brings total obliteration,@user Admin is the little death that brings total obliteration.,obliteration,"Port Townsend, WA",Not disaster-related,0.7952,0.8621320128440857,0.12444575130939484,0.013422352261841297,Negative,-0.8487096605822444,0.8621320128440857
778252298,6.27568E+17,Which is true to an extent. The obliteration of white privilege would reduce unfair favoritism.,Which is true to an extent. The obliteration of white privilege would reduce unfair favoritism.,true extent obliteration white privilege would reduce unfair favoritism,Which is true to an extent. The obliteration of white privilege would reduce unfair favoritism.,obliteration,Illinois,Not disaster-related,1.0,0.14960189163684845,0.6479968428611755,0.2024012804031372,Neutral,0.05279938876628876,0.6479968428611755
778252305,6.2835E+17,For maximum damage! Activate [BIG BAND MODE] for old-timey obliteration!,For maximum damage! Activate [BIG BAND MODE] for old-timey obliteration!,maximum damage activate big band mode obliteration,For maximum damage! Activate [BIG BAND MODE] for old-timey obliteration!,obliteration,Turkmenistan,Not disaster-related,1.0,0.416130006313324,0.41712379455566406,0.16674627363681793,Neutral,-0.24938373267650604,0.41712379455566406
778252312,6.29107E+17,Refugio oil spill may have been costlier bigger than projected: A Plains All American PipelineÛ_ http://t.co/sryaFqj9gZ #globetrottingwino,Refugio oil spill may have been costlier bigger than projected: A Plains All American Pipeline Û_ http://t.co/sryaFqj9gZ #globetrottingwino,refugio oil spill may costlier bigger projected plain american pipeline URL globetrottingwino,Refugio oil spill may have been costlier bigger than projected: A Plains All American Pipeline Û_ http #globetrottingwino,oil spill,Unknown,Disaster-related,0.7155,0.3488798439502716,0.625968873500824,0.02515130676329136,Neutral,-0.32372853718698025,0.625968873500824
778252316,6.29104E+17,Refugio oil spill may have been costlier bigger than projected - http://t.co/6aUOT9vaIS  http://t.co/j2SyewbHE2,Refugio oil spill may have been costlier bigger than projected - http://t.co/6aUOT9vaIS http://t.co/j2SyewbHE2,refugio oil spill may costlier bigger projected URL URL,Refugio oil spill may have been costlier bigger than projected - http http,oil spill,Unknown,Disaster-related,1.0,0.35891085863113403,0.6135282516479492,0.027560917660593987,Neutral,-0.33134994097054005,0.6135282516479492
778252319,6.29101E+17,'California: Spring Oil Spill Estimate Grows ' by THE ASSOCIATED PRESS via NYT http://t.co/6Cx46E7QB7,'California: Spring Oil Spill Estimate Grows ' by THE ASSOCIATED PRESS via NYT http://t.co/6Cx46E7QB7,spring oil spill estimate grows associated press via nyt URL,'California: Spring Oil Spill Estimate Grows ' by THE ASSOCIATED PRESS via NYT http,oil spill,Amarillo,Disaster-related,0.7988,0.03736830875277519,0.9363955855369568,0.02623612806200981,Neutral,-0.01113218069076538,0.9363955855369568
778252361,6.29102E+17,'California: Spring Oil Spill Estimate Grows ' by THE ASSOCIATED PRESS via NYT http://t.co/zdpa4DBtsU,'California: Spring Oil Spill Estimate Grows ' by THE ASSOCIATED PRESS via NYT http://t.co/zdpa4DBtsU,spring oil spill estimate grows associated press via nyt URL,'California: Spring Oil Spill Estimate Grows ' by THE ASSOCIATED PRESS via NYT http,oil spill,Corpus Christi,Disaster-related,0.8346,0.03736830875277519,0.9363955855369568,0.02623612806200981,Neutral,-0.01113218069076538,0.9363955855369568
778252373,6.29356E+17,'Legionnaires' Disease: What's Being Done to Stop Deadly Outbreak' http://t.co/FftOKd0Vts #????_?????,'Legionnaires' Disease: What's Being Done to Stop Deadly Outbreak' http://t.co/FftOKd0Vts #????_?????,disease done stop deadly outbreak URL,'Legionnaires' Disease: What's Being Done to Stop Deadly Outbreak' http #????_?????,outbreak,??????,Disaster-related,1.0,0.6361916065216064,0.3509831726551056,0.012825248762965202,Negative,-0.6233663577586412,0.6361916065216064
778252390,6.29358E+17,Families to sue over Legionnaires: More than 40 families affected by the fatal outbreak of Legionnaires' disea... http://t.co/1H7zk6UYze,Families to sue over Legionnaires: More than 40 families affected by the fatal outbreak of Legionnaires' disea... http://t.co/1H7zk6UYze,family sue legionnaire NUMBER family affected fatal outbreak legionnaire disea URL,Families to sue over Legionnaires: More than 40 families affected by the fatal outbreak of Legionnaires' disea... http,outbreak,"ÌÏT: 6.488400524109015,3.352798039832285",Disaster-related,1.0,0.7583631277084351,0.23284666240215302,0.00879012979567051,Negative,-0.7495729979127645,0.7583631277084351
778252402,6.29358E+17,#News Families to sue over Legionnaires: More than 40 families affected by the fatal outbreak of Legionnaires'... http://t.co/zfYqSAwvrk,#News Families to sue over Legionnaires: More than 40 families affected by the fatal outbreak of Legionnaires'... http://t.co/zfYqSAwvrk,news family sue legionnaire NUMBER family affected fatal outbreak legionnaire URL,#News Families to sue over Legionnaires: More than 40 families affected by the fatal outbreak of Legionnaires'... http,outbreak,"Ile-Ife,Osun state, Nigeria",Disaster-related,1.0,0.750055193901062,0.2406902015209198,0.0092546958476305,Negative,-0.7408004980534315,0.750055193901062
778252411,6.29361E+17,"#BREAKING 10th death confirmed in Legionnaires' outbreak in South Bronx; total cases reaches triple digits
http://t.co/TxrsWi0efg",#BREAKING 10th death confirmed in Legionnaires' outbreak in South Bronx; total cases reaches triple digits http://t.co/TxrsWi0efg,breaking death confirmed legionnaire outbreak south bronx total case reach triple digit URL,#BREAKING 10th death confirmed in Legionnaires' outbreak in South Bronx; total cases reaches triple digits http,outbreak,Pro-American and Anti-#Occupy,Disaster-related,1.0,0.475875586271286,0.5054717659950256,0.018652599304914474,Neutral,-0.45722298696637154,0.5054717659950256
778252417,6.29059E+17,Element of Freedom: The Biggest Party of the Summer @ Mirage Saturday! Tickets at http://t.co/7hAnPcr5rK,Element of Freedom: The Biggest Party of the Summer @ Mirage Saturday! Tickets at http://t.co/7hAnPcr5rK,element freedom biggest party summer mirage saturday ticket URL,Element of Freedom: The Biggest Party of the Summer @ Mirage Saturday! Tickets at http,pandemonium,"Durham, NC",Not disaster-related,0.7994,0.0037272535264492035,0.4338699281215668,0.5624027848243713,Positive,0.5586755312979221,0.5624027848243713
778252422,6.29172E+17,@minhazmerchant Govt should pass the bills in the Pandemonium. UPA used to do it why cant NDA?,@minhazmerchant Govt should pass the bills in the Pandemonium. UPA used to do it why cant NDA?,USER govt pas bill pandemonium upa used cant nda,@user Govt should pass the bills in the Pandemonium. UPA used to do it why cant NDA?,pandemonium,"Mumbai, India",Not disaster-related,1.0,0.12435276061296463,0.8240654468536377,0.05158179998397827,Neutral,-0.07277096062898636,0.8240654468536377
778252428,6.28946E+17,Pandemonium use to be my fav cd ?? I had to get it http://t.co/6WhUgaeM3C,Pandemonium use to be my fav cd ?? I had to get it http://t.co/6WhUgaeM3C,pandemonium use fav cd get URL,Pandemonium use to be my fav cd ?? I had to get it http,pandemonium,The P (South Philly),Disaster-related,0.6024,0.025899013504385948,0.20135225355625153,0.7727487683296204,Positive,0.7468497548252344,0.7727487683296204
778252439,6.29033E+17,Pandemonium In Aba As Woman Delivers Baby Without Face (Photos) - http://t.co/dI5aRr6HQ6,Pandemonium In Aba As Woman Delivers Baby Without Face (Photos) - http://t.co/dI5aRr6HQ6,pandemonium aba woman delivers baby without face photo URL,Pandemonium In Aba As Woman Delivers Baby Without Face (Photos) - http,pandemonium,www.facebook.com/stuntfm,Not disaster-related,1.0,0.026433296501636505,0.9247951507568359,0.04877160117030144,Neutral,0.022338304668664932,0.9247951507568359
778252441,6.2928E+17,: Pandemonium In Aba As Woman Delivers Baby Without Face (Photos) - http://t.co/mA7cbwuCpd',: Pandemonium In Aba As Woman Delivers Baby Without Face (Photos) - http://t.co/mA7cbwuCpd',pandemonium aba woman delivers baby without face photo URL,: Pandemonium In Aba As Woman Delivers Baby Without Face (Photos) - http,pandemonium,lagos,Not disaster-related,0.8,0.15163753926753998,0.8190948367118835,0.029267659410834312,Neutral,-0.12236987985670567,0.8190948367118835
778252458,6.29199E+17,Photo: deadgirltalking: unfortunemelody: jaylenejoybeligan: tarynel: dredougie: santanico-pandemonium:... http://t.co/PvKgo79JnI,Photo: deadgirltalking: unfortunemelody: jaylenejoybeligan: tarynel: dredougie: santanico-pandemonium:... http://t.co/PvKgo79JnI,photo deadgirltalking unfortunemelody jaylenejoybeligan tarynel dredougie URL,Photo: deadgirltalking: unfortunemelody: jaylenejoybeligan: tarynel: dredougie: santanico-pandemonium:... http,pandemonium,the Refrigerator,Not disaster-related,1.0,0.07539096474647522,0.8766878843307495,0.047921232879161835,Neutral,-0.027469731867313385,0.8766878843307495
778252459,6.29035E+17,Pandemonium In Aba As Woman Delivers Baby Without FaceåÊ(Photos) http://t.co/bM0SXzbNKE,Pandemonium In Aba As Woman Delivers Baby Without FaceåÊ(Photos) http://t.co/bM0SXzbNKE,pandemonium aba woman delivers baby without faceåê photo URL,Pandemonium In Aba As Woman Delivers Baby Without FaceåÊ(Photos) http,pandemonium,Everywhere,Disaster-related,0.6024,0.04670345038175583,0.9166907072067261,0.0366058312356472,Neutral,-0.010097619146108627,0.9166907072067261
778252473,6.29121E+17,Plane Panic What kind of douchebag. Bubble Gum,Plane Panic What kind of douchebag. Bubble Gum,plane panic kind douchebag bubble gum,Plane Panic What kind of douchebag. Bubble Gum,panic,The Internetz,Not disaster-related,0.5994,0.9161231517791748,0.07321855425834656,0.01065831258893013,Negative,-0.9054648391902447,0.9161231517791748
778252474,6.29122E+17,'If plan A does not work don't panic bc there are 25 more letters.' I like this but feel like I may be running out of letters- thoughts?,'If plan A does not work don't panic bc there are 25 more letters.' I like this but feel like I may be running out of letters- thoughts?,plan work panic bc NUMBER letter like feel like may running thought,'If plan A does not work don't panic bc there are 25 more letters.' I like this but feel like I may be running out of letters- thoughts?,panic,"Charleston, IL",Not disaster-related,1.0,0.28667446970939636,0.5140115022659302,0.19931404292583466,Neutral,-0.0873604267835617,0.5140115022659302
778252479,6.29122E+17,@elielcruz just watching the streams was bad - I don't think I could actually walk in there I'd panic and get sick,@elielcruz just watching the streams was bad - I don't think I could actually walk in there I'd panic and get sick,USER watching stream bad think could actually walk panic get sick,@user just watching the streams was bad - I don't think I could actually walk in there I'd panic and get sick,panic,"Charlotte, NC | KÌ¦ln, NRW",Disaster-related,0.5025,0.9328844547271729,0.059728287160396576,0.00738723948597908,Negative,-0.9254972152411938,0.9328844547271729
778252488,6.29122E+17,I added a video to a @YouTube playlist http://t.co/4914nJpIO3 Panic! At The Disco: Miss Jackson ft. LOLO [OFFICIAL VIDEO],I added a video to a @YouTube playlist http://t.co/4914nJpIO3 Panic! At The Disco: Miss Jackson ft. LOLO [OFFICIAL VIDEO],added video USER playlist URL panic disco miss jackson lolo official video,I added a video to a @user playlist http Panic! At The Disco: Miss Jackson ft. LOLO [OFFICIAL VIDEO],panic,Narnia,Not disaster-related,0.7982,0.002709207823500037,0.6870935559272766,0.31019726395606995,Neutral,0.3074880561325699,0.6870935559272766
778252490,6.29122E+17,Now playing : Roppongi Panic [22PM] by @candydulfer #listen at http://t.co/ozoD1fdgas - Buy it http://t.co/8IZn6fw2qe http://t.co/uhgHpUiivf,Now playing : Roppongi Panic [22PM] by @candydulfer #listen at http://t.co/ozoD1fdgas - Buy it http://t.co/8IZn6fw2qe http://t.co/uhgHpUiivf,playing roppongi panic USER listen URL buy URL URL,Now playing : Roppongi Panic [22PM] by @user #listen at http - Buy it http http,panic,"North Devon, UK",Not disaster-related,1.0,0.007682569790631533,0.9204838871955872,0.0718335509300232,Neutral,0.06415098113939166,0.9204838871955872
778252491,6.29121E+17,Panic! at the Disco is the best song by this is gospel (acoustic) http://t.co/VCq2icptKI,Panic! at the Disco is the best song by this is gospel (acoustic) http://t.co/VCq2icptKI,panic disco best song gospel acoustic URL,Panic! at the Disco is the best song by this is gospel (acoustic) http,panic,elena's bed // info on link,Not disaster-related,1.0,0.0028063070494681597,0.0206771120429039,0.9765165448188782,Positive,0.97371023776941,0.9765165448188782
778252497,6.29122E+17,@panic awesome thanks.,@panic awesome thanks.,USER awesome thanks,@user awesome thanks.,panic,Unknown,Not disaster-related,1.0,0.005432777106761932,0.015162818133831024,0.9794044494628906,Positive,0.9739716723561287,0.9794044494628906
778252500,6.29121E+17,@biggangVH1 looks like George was having a panic attack. LOL.,@biggangVH1 looks like George was having a panic attack. LOL.,USER look like george panic attack lol,@user looks like George was having a panic attack. LOL.,panic,East TN.,Not disaster-related,0.797,0.3936571478843689,0.4901371896266937,0.116205595433712,Neutral,-0.2774515524506569,0.4901371896266937
778252509,6.29122E+17,I had school today and I've already had a panic attack. Thank you high school for sucking !!!,I had school today and I've already had a panic attack. Thank you high school for sucking !!!,school today already panic attack thank high school sucking,I had school today and I've already had a panic attack. Thank you high school for sucking !!!,panic,Unknown,Not disaster-related,0.7994,0.9407790899276733,0.047554537653923035,0.011666309088468552,Negative,-0.9291127808392048,0.9407790899276733
778252519,6.29358E+17,I hear the mumbling i hear the cackling i got em scared shook panicking,I hear the mumbling i hear the cackling i got em scared shook panicking,hear mumbling hear cackling got em scared shook panicking,I hear the mumbling i hear the cackling i got em scared shook panicking,panicking,?,Not disaster-related,0.7985,0.6805648803710938,0.29571670293807983,0.023718388751149178,Negative,-0.6568464916199446,0.6805648803710938
778252526,6.29349E+17,#Business People are finally panicking about cable TV http://t.co/FcfSSlxMy2 http://t.co/9xFzkpdmQz,#Business People are finally panicking about cable TV http://t.co/FcfSSlxMy2 http://t.co/9xFzkpdmQz,business people finally panicking cable tv URL URL,#Business People are finally panicking about cable TV http http,panicking,Italia,Not disaster-related,1.0,0.2745727598667145,0.6318674087524414,0.09355985373258591,Neutral,-0.18101290613412857,0.6318674087524414
778252527,6.29359E+17,I deserve a goddamn medal for dealing with this basement flood without panicking,I deserve a goddamn medal for dealing with this basement flood without panicking,deserve goddamn medal dealing basement flood without panicking,I deserve a goddamn medal for dealing with this basement flood without panicking,panicking,"Philadelphia, PA",Disaster-related,0.5702,0.792819619178772,0.1400723159313202,0.06710803508758545,Negative,-0.7257115840911865,0.792819619178772
778252555,6.29315E+17,@jeannathomas not gonna lie.. I'm panicking a little bit. Vic/Hardy not there.. Freeman not practicing.,@jeannathomas not gonna lie.. I'm panicking a little bit. Vic/Hardy not there.. Freeman not practicing.,USER gon na lie panicking little bit freeman practicing,@user not gonna lie.. I'm panicking a little bit. Vic/Hardy not there.. Freeman not practicing.,panicking,Unknown,Not disaster-related,1.0,0.7788053154945374,0.20868007838726044,0.012514588423073292,Negative,-0.7662907270714641,0.7788053154945374
778252601,6.29084E+17,Police: Man killed ex grandmother after son wasn&amp;#8217;t named after him http://t.co/ndCy8Q7R6I OMG!!!!! Absolutely Crazy!!!,Police: Man killed ex grandmother after son wasn&#8217;t named after him http://t.co/ndCy8Q7R6I OMG!!!!! Absolutely Crazy!!!,police man killed ex grandmother son NUMBER named URL omg absolutely crazy,Police: Man killed ex grandmother after son wasn&#8217;t named after him http OMG!!!!! Absolutely Crazy!!!,police,Unknown,Disaster-related,0.6054,0.8709867000579834,0.11930397897958755,0.009709369391202927,Negative,-0.8612773306667805,0.8709867000579834
778252610,6.29084E+17,.@slosheriff: 2 South Gate police officers and 2 Huntington Park officers arrested after child abuse investigation at boot camp,.@slosheriff: 2 South Gate police officers and 2 Huntington Park officers arrested after child abuse investigation at boot camp,USER NUMBER south gate police officer NUMBER huntington park officer arrested child abuse investigation boot camp,.@user: 2 South Gate police officers and 2 Huntington Park officers arrested after child abuse investigation at boot camp,police,Los Angeles,Not disaster-related,0.7987,0.5543034672737122,0.43659213185310364,0.009104404598474503,Negative,-0.5451990626752377,0.5543034672737122
778252623,6.29065E+17,@kirillzubovsky your Tweet was quoted by @WIRED  http://t.co/E90J3vJOLc,@kirillzubovsky your Tweet was quoted by @WIRED http://t.co/E90J3vJOLc,USER tweet quoted USER URL,@user your Tweet was quoted by @user http,quarantine,Unknown,Not disaster-related,1.0,0.012956942431628704,0.9401920437812805,0.046850986778736115,Neutral,0.03389404434710741,0.9401920437812805
778252658,6.29076E+17,Reddit updates content policy promises to quarantine Û÷extremely offensiveÛª communities http://t.co/GJKCALiUHk,Reddit updates content policy promises to quarantine Û÷extremely offensive Ûª communities http://t.co/GJKCALiUHk,reddit update content policy promise quarantine offensive ûª community URL,Reddit updates content policy promises to quarantine Û÷extremely offensive Ûª communities http,quarantine,New York,Not disaster-related,0.7976,0.70567387342453,0.28520920872688293,0.009116917848587036,Negative,-0.696556955575943,0.70567387342453
778252663,6.29232E+17,Reddit's new content policy goes into effect many horrible subreddits banned or quarantined http://t.co/aXqgUKn8Yz http://t.co/P1USSSv5Wa,Reddit's new content policy goes into effect many horrible subreddits banned or quarantined http://t.co/aXqgUKn8Yz http://t.co/P1USSSv5Wa,reddit new content policy go effect many horrible subreddits banned quarantined URL URL,Reddit's new content policy goes into effect many horrible subreddits banned or quarantined http http,quarantined,"darwins, au",Not disaster-related,0.7987,0.8996395468711853,0.09261951595544815,0.00774098327383399,Negative,-0.8918985635973513,0.8996395468711853
778252695,6.29054E+17,Alabama firefighters quarantined after possible Ebola exposure http://t.co/hzpX6vAQPZ reports http://t.co/L4W0PCorbs,Alabama firefighters quarantined after possible Ebola exposure http://t.co/hzpX6vAQPZ reports http://t.co/L4W0PCorbs,alabama firefighter quarantined possible ebola exposure URL report URL,Alabama firefighters quarantined after possible Ebola exposure http reports http,quarantined,Unknown,Disaster-related,1.0,0.22840963304042816,0.7576336860656738,0.013956704176962376,Neutral,-0.21445292886346579,0.7576336860656738
778252696,6.29114E+17,http://t.co/AyLATPE073 Reddit's new content policy goes into effect many horrible subreddits banned or quarantined http://t.co/lNJD4Ey40J,http://t.co/AyLATPE073 Reddit's new content policy goes into effect many horrible subreddits banned or quarantined http://t.co/lNJD4Ey40J,URL reddit new content policy go effect many horrible subreddits banned quarantined URL,http Reddit's new content policy goes into effect many horrible subreddits banned or quarantined http,quarantined,Unknown,Not disaster-related,0.7994,0.903619110584259,0.08890504390001297,0.007475910242646933,Negative,-0.8961432003416121,0.903619110584259
778252713,6.28585E+17,You knew that Israel is a world leader in lifesaving emergency services. And now looking far beyond Haiti and... http://t.co/49N6YzAjvd,You knew that Israel is a world leader in lifesaving emergency services. And now looking far beyond Haiti and... http://t.co/49N6YzAjvd,knew israel world leader lifesaving emergency service looking far beyond haiti URL,You knew that Israel is a world leader in lifesaving emergency services. And now looking far beyond Haiti and... http,radiation emergency,"Pretoria, South Africa",Not disaster-related,0.7964,0.008103747852146626,0.23133400082588196,0.7605623006820679,Positive,0.7524585528299212,0.7605623006820679
778252722,6.28642E+17,Radioactive Box Quarantined - IsraelÛªs Ashdod Port was evacuated when emergency teams discovered radiation emittin... http://t.co/swQ5lMyDka,Radioactive Box Quarantined - Israel Ûªs Ashdod Port was evacuated when emergency teams discovered radiation emittin... http://t.co/swQ5lMyDka,radioactive box quarantined israel ûªs ashdod port evacuated emergency team discovered radiation emittin URL,Radioactive Box Quarantined - Israel Ûªs Ashdod Port was evacuated when emergency teams discovered radiation emittin... http,radiation emergency,Warszawa,Disaster-related,1.0,0.37466734647750854,0.6129577159881592,0.01237494871020317,Neutral,-0.3622923977673054,0.6129577159881592
778252726,6.28958E+17,Due to the rainstorm last night cupcake decorating is happening NOW at the Rec Hall! $2 - proceeds to #IWK! http://t.co/EaRONLwIFh,Due to the rainstorm last night cupcake decorating is happening NOW at the Rec Hall! $2 - proceeds to #IWK! http://t.co/EaRONLwIFh,due rainstorm last night cupcake decorating happening rec hall NUMBER proceeds iwk URL,Due to the rainstorm last night cupcake decorating is happening NOW at the Rec Hall! $2 - proceeds to #IWK! http,rainstorm,"Darnley, Prince Edward Island",Not disaster-related,0.5991,0.01705358549952507,0.6971741914749146,0.2857722043991089,Neutral,0.2687186188995838,0.6971741914749146
778252743,6.28959E+17,Stuck in a rainstorm? Stay toward the middle of the road. Most streets are crowned so water tends to pool on the sides.,Stuck in a rainstorm? Stay toward the middle of the road. Most streets are crowned so water tends to pool on the sides.,stuck rainstorm stay toward middle road street crowned water tends pool side,Stuck in a rainstorm? Stay toward the middle of the road. Most streets are crowned so water tends to pool on the sides.,rainstorm,"La Puente, CA",Not disaster-related,0.5976,0.21757884323596954,0.7369269728660583,0.045494090765714645,Neutral,-0.1720847524702549,0.7369269728660583
778252766,6.29011E+17,I want it to rainstorm PLEASE,I want it to rainstorm PLEASE,want rainstorm please,I want it to rainstorm PLEASE,rainstorm,"Bridport, England",Not disaster-related,0.5994,0.3850833475589752,0.33468756079673767,0.2802290618419647,Negative,-0.1048542857170105,0.3850833475589752
778252770,6.29044E+17,@Robot_Rainstorm I'm a huge football fan as you know but I've never done fantasy leagues. Patience for a newbie?,@Robot_Rainstorm I'm a huge football fan as you know but I've never done fantasy leagues. Patience for a newbie?,USER huge football fan know never done fantasy league patience newbie,@user I'm a huge football fan as you know but I've never done fantasy leagues. Patience for a newbie?,rainstorm,Seattle,Not disaster-related,0.5968,0.09277055412530899,0.6655914783477783,0.24163800477981567,Neutral,0.14886745065450668,0.6655914783477783
778252795,6.29005E+17,The Latest: More homes razed by Northern California wildfire - http://t.co/5FcJVMl520 http://t.co/fvYRWhux8p,The Latest: More homes razed by Northern California wildfire - http://t.co/5FcJVMl520 http://t.co/fvYRWhux8p,latest home razed northern california wildfire URL URL,The Latest: More homes razed by Northern California wildfire - http http,razed,Unknown,Disaster-related,1.0,0.36583665013313293,0.6193972229957581,0.014766131527721882,Neutral,-0.35107051860541105,0.6193972229957581
778252804,6.28976E+17,The Latest: More Homes Razed by Northern California Wildfire - ABC News http://t.co/Rg9yaybOSA,The Latest: More Homes Razed by Northern California Wildfire - ABC News http://t.co/Rg9yaybOSA,latest home razed northern california wildfire abc news URL,The Latest: More Homes Razed by Northern California Wildfire - ABC News http,razed,Unknown,Disaster-related,1.0,0.14666102826595306,0.8346518278121948,0.018687143921852112,Neutral,-0.12797388434410095,0.8346518278121948
778252818,6.2904E+17,The Latest: More homes razed by #NorthernCalifornia wildfire http://t.co/mONiJJth7V #ZippedNews http://t.co/0yXBB5dzw5,The Latest: More homes razed by #NorthernCalifornia wildfire http://t.co/mONiJJth7V #ZippedNews http://t.co/0yXBB5dzw5,latest home razed northerncalifornia wildfire URL zippednews URL,The Latest: More homes razed by #NorthernCalifornia wildfire http #ZippedNews http,razed,Unknown,Disaster-related,1.0,0.46503177285194397,0.5225167870521545,0.012451479211449623,Neutral,-0.45258029364049435,0.5225167870521545
778252829,6.2909E+17,Turkish newlyweds donate wedding money - what a beautiful gesture! Still have faith in humanity. http://t.co/o1eNHjrkJd,Turkish newlyweds donate wedding money - what a beautiful gesture! Still have faith in humanity. http://t.co/o1eNHjrkJd,turkish newlywed donate wedding money beautiful gesture still faith humanity URL,Turkish newlyweds donate wedding money - what a beautiful gesture! Still have faith in humanity. http,refugees,"Aurora, Ontario",Not disaster-related,1.0,0.0036905305460095406,0.017993098124861717,0.9783163666725159,Positive,0.9746258361265063,0.9783163666725159
778252833,6.29083E+17,#retweet Cameroon repatriating about 12000 Nigerian refugees due to Boko Haram http://t.co/wvVgmejA7l,#retweet Cameroon repatriating about 12000 Nigerian refugees due to Boko Haram http://t.co/wvVgmejA7l,retweet cameroon repatriating NUMBER nigerian refugee due boko haram URL,#retweet Cameroon repatriating about 12000 Nigerian refugees due to Boko Haram http,refugees,paradise,Disaster-related,1.0,0.265395849943161,0.7170425653457642,0.017561601474881172,Neutral,-0.24783424846827984,0.7170425653457642
778252835,6.29093E+17,wowo--=== 12000 Nigerian refugees repatriated from Cameroon,wowo--=== 12000 Nigerian refugees repatriated from Cameroon,wowo NUMBER nigerian refugee repatriated cameroon,wowo--=== 12000 Nigerian refugees repatriated from Cameroon,refugees,Unknown,Disaster-related,0.8012,0.06778617203235626,0.8846352100372314,0.04757856950163841,Neutral,-0.02020760253071785,0.8846352100372314
778252836,6.29092E+17,./.....hmm 12000 Nigerian refugees repatriated from Cameroon http://t.co/YTW9SlWvmg /(,./.....hmm 12000 Nigerian refugees repatriated from Cameroon http://t.co/YTW9SlWvmg /(,hmm NUMBER nigerian refugee repatriated cameroon URL,./.....hmm 12000 Nigerian refugees repatriated from Cameroon http /(,refugees,Unknown,Disaster-related,0.7993,0.23303304612636566,0.7523983716964722,0.014568647369742393,Neutral,-0.21846439875662327,0.7523983716964722
778252840,6.29085E+17,@ViralSpell: 'Couple spend wedding day feeding 4000 Syrian refugees. http://t.Û_ http://t.co/I1VPkQ9yAg see more http://t.co/tY5GAvn7uk,@ViralSpell: 'Couple spend wedding day feeding 4000 Syrian refugees. http://t. Û_ http://t.co/I1VPkQ9yAg see more http://t.co/tY5GAvn7uk,USER spend wedding day feeding NUMBER syrian refugee URL URL see URL,@user: 'Couple spend wedding day feeding 4000 Syrian refugees. http Û_ http see more http,refugees,EspaÌ±a,Not disaster-related,0.5988,0.012709066271781921,0.9415295124053955,0.045761387795209885,Neutral,0.03305232152342796,0.9415295124053955
778252856,6.29089E+17,Newlyweds feed thousands of Syrian refugees instead of hosting a banquet wedding dinner http://t.co/EGcv7ybjae #Age #news,Newlyweds feed thousands of Syrian refugees instead of hosting a banquet wedding dinner http://t.co/EGcv7ybjae #Age #news,newlywed feed thousand syrian refugee instead hosting banquet wedding dinner URL age news,Newlyweds feed thousands of Syrian refugees instead of hosting a banquet wedding dinner http #Age #news,refugees,Australia,Not disaster-related,1.0,0.4794136881828308,0.5066609382629395,0.01392541453242302,Neutral,-0.4654882736504078,0.5066609382629395
778252862,6.29083E+17,Newlyweds feed thousands of Syrian refugees instead of hosting a banquet wedding dinner -  http://t.co/XZV0lT9ZZk via @smh,Newlyweds feed thousands of Syrian refugees instead of hosting a banquet wedding dinner - http://t.co/XZV0lT9ZZk via @smh,newlywed feed thousand syrian refugee instead hosting banquet wedding dinner URL via USER,Newlyweds feed thousands of Syrian refugees instead of hosting a banquet wedding dinner - http via @user,refugees,Unknown,Disaster-related,0.8012,0.4605330526828766,0.5262916088104248,0.013175376690924168,Neutral,-0.4473576759919524,0.5262916088104248
778252874,6.29087E+17,The 46 returned refugees - what were they fleeing from &amp; how will the Vietnamese Govt treat them now they are returned? #Dutton #presser,The 46 returned refugees - what were they fleeing from & how will the Vietnamese Govt treat them now they are returned? #Dutton #presser,NUMBER returned refugee fleeing vietnamese govt treat returned dutton presser,The 46 returned refugees - what were they fleeing from & how will the Vietnamese Govt treat them now they are returned? #Dutton #presser,refugees,QLD Australia,Disaster-related,0.7993,0.19199010729789734,0.7926712036132812,0.015338722616434097,Neutral,-0.17665138468146324,0.7926712036132812
778252880,6.29118E+17,Florida Firefighters Rescue Scared Meowing Kitten from Vent Shaft http://t.co/RVKffcxbvC #fire #firefighter,Florida Firefighters Rescue Scared Meowing Kitten from Vent Shaft http://t.co/RVKffcxbvC #fire #firefighter,florida firefighter rescue scared meowing kitten vent shaft URL fire firefighter,Florida Firefighters Rescue Scared Meowing Kitten from Vent Shaft http #fire #firefighter,rescue,Chicagoland and the world!,Disaster-related,0.803,0.3078431785106659,0.6702932119369507,0.021863656118512154,Neutral,-0.28597952239215374,0.6702932119369507
778252881,6.29119E+17,UD: Rescue (Structural Collapse) - Scott Road @ Ypres Road York (14 Trucks),UD: Rescue (Structural Collapse) - Scott Road @ Ypres Road York (14 Trucks),ud rescue structural collapse scott road ypres road york NUMBER truck,UD: Rescue (Structural Collapse) - Scott Road @ Ypres Road York (14 Trucks),rescue,"Toronto, Ontario",Disaster-related,1.0,0.07258283346891403,0.9046390056610107,0.022778136655688286,Neutral,-0.049804696813225746,0.9046390056610107
778252889,6.29119E+17,@X_Man_Kitty @WolvenBeauty @_NickWilson__ //Shit...alright time to launch a black ops mission to rescue my alpha,@X_Man_Kitty @WolvenBeauty @_NickWilson__ //Shit...alright time to launch a black ops mission to rescue my alpha,USER USER USER alright time launch black ops mission rescue alpha,@user @user @user //Shit...alright time to launch a black ops mission to rescue my alpha,rescue,Unknown,Not disaster-related,0.7994,0.2346961498260498,0.6026645302772522,0.162639319896698,Neutral,-0.0720568299293518,0.6026645302772522
778252911,6.29359E+17,@Zak_Bagans this is Sabrina my dad rescued her from some dude who kept her in a cage. We've had her since I was 4 http://t.co/1k2PhQcuW8,@Zak_Bagans this is Sabrina my dad rescued her from some dude who kept her in a cage. We've had her since I was 4 http://t.co/1k2PhQcuW8,USER sabrina dad rescued dude kept cage since NUMBER URL,@user this is Sabrina my dad rescued her from some dude who kept her in a cage. We've had her since I was 4 http,rescued,United States,Disaster-related,0.8043,0.021088173612952232,0.8276287317276001,0.15128307044506073,Neutral,0.1301948968321085,0.8276287317276001
778252912,6.29351E+17,Britons rescued amid Himalaya floods (http://t.co/WGRXLy9pDO) http://t.co/BJ4hAAVAYE http://t.co/59p3AoIQUS,Britons rescued amid Himalaya floods (http://t.co/WGRXLy9pDO) http://t.co/BJ4hAAVAYE http://t.co/59p3AoIQUS,briton rescued amid himalaya flood URL URL URL,Britons rescued amid Himalaya floods (http http http,rescued,Unknown,Disaster-related,1.0,0.02488810010254383,0.748484194278717,0.22662775218486786,Neutral,0.20173965208232403,0.748484194278717
778252922,6.29362E+17,But now #Skyrim awaits to be rescued...again.,But now #Skyrim awaits to be rescued...again.,skyrim awaits rescued,But now #Skyrim awaits to be rescued...again.,rescued,The Multiverse,Not disaster-related,0.7964,0.010521219111979008,0.32657700777053833,0.6629018187522888,Positive,0.6523805996403098,0.6629018187522888
778252923,6.29352E+17,Rescued Med migrants arrive in Sicily http://t.co/nekm1RPohU,Rescued Med migrants arrive in Sicily http://t.co/nekm1RPohU,rescued med migrant arrive sicily URL,Rescued Med migrants arrive in Sicily http,rescued,USA,Disaster-related,0.8,0.010244392789900303,0.8963291049003601,0.09342646598815918,Neutral,0.08318207319825888,0.8963291049003601
778252926,6.29351E+17,The Finnish hip hop pioneer Paleface will be 'rescued from a drifting raft' and brought into the container later #enkelbiljett #menolippu,The Finnish hip hop pioneer Paleface will be 'rescued from a drifting raft' and brought into the container later #enkelbiljett #menolippu,finnish hip hop pioneer paleface drifting raft brought container later enkelbiljett menolippu,The Finnish hip hop pioneer Paleface will be 'rescued from a drifting raft' and brought into the container later #enkelbiljett #menolippu,rescued,Bournemouth,Not disaster-related,0.8018,0.014327446930110455,0.9472529888153076,0.038419559597969055,Neutral,0.0240921126678586,0.9472529888153076
778252927,6.29353E+17,18 bovines rescued 3 smugglersåÊnabbed http://t.co/E7fn5G5rUu,18 bovines rescued 3 smugglersåÊnabbed http://t.co/E7fn5G5rUu,NUMBER bovine rescued NUMBER smugglersåênabbed URL,18 bovines rescued 3 smugglersåÊnabbed http,rescued,Jammu | Kashmir | Delhi,Disaster-related,0.6045,0.026485882699489594,0.8959639668464661,0.07755021750926971,Neutral,0.05106433480978012,0.8959639668464661
778252939,6.29358E+17,http://t.co/QGyN2u1UP3 Rescued Med migrants arrive in Sicily: Hundreds of migrants rescuedÛ_ http://t.co/wiS3H9Tqrm,http://t.co/QGyN2u1UP3 Rescued Med migrants arrive in Sicily: Hundreds of migrants rescued Û_ http://t.co/wiS3H9Tqrm,URL rescued med migrant arrive sicily hundred migrant rescued URL,http Rescued Med migrants arrive in Sicily: Hundreds of migrants rescued Û_ http,rescued,NIGERIA,Disaster-related,0.7996,0.005403483752161264,0.7425739169120789,0.2520226240158081,Neutral,0.24661914026364684,0.7425739169120789
778252940,6.29356E+17,SkyNews: Migrant Boat Tragedy Survivors Arrive In Italy - Migrants rescued http://t.co/FORBy6MmKp,SkyNews: Migrant Boat Tragedy Survivors Arrive In Italy - Migrants rescued http://t.co/FORBy6MmKp,skynews migrant boat tragedy survivor arrive italy migrant rescued URL,SkyNews: Migrant Boat Tragedy Survivors Arrive In Italy - Migrants rescued http,rescued,"Pembroke Dock, Wales",Disaster-related,1.0,0.09954137355089188,0.8724149465560913,0.02804369106888771,Neutral,-0.07149768248200417,0.8724149465560913
778252941,6.29358E+17,nigeriantribune: 4 kidnapped ladies rescued by police in Enugu | Nigerian Tribune http://t.co/7hmHpl1Z4y,nigeriantribune: 4 kidnapped ladies rescued by police in Enugu | Nigerian Tribune http://t.co/7hmHpl1Z4y,nigeriantribune NUMBER kidnapped lady rescued police enugu nigerian tribune URL,nigeriantribune: 4 kidnapped ladies rescued by police in Enugu | Nigerian Tribune http,rescued,Unknown,Disaster-related,1.0,0.05683235079050064,0.914775550365448,0.028392046689987183,Neutral,-0.028440304100513458,0.914775550365448
778252949,6.29353E+17,Incheon Prosecutors Office: Drop the charges against Nami Kim who rescued two puppies from 'Dog Hangi... https://t.co/vWzX2P6Dnk via @Change,Incheon Prosecutors Office: Drop the charges against Nami Kim who rescued two puppies from 'Dog Hangi... https://t.co/vWzX2P6Dnk via @Change,incheon prosecutor office drop charge nami kim rescued two puppy hangi URL via USER,Incheon Prosecutors Office: Drop the charges against Nami Kim who rescued two puppies from 'Dog Hangi... http via @user,rescued,Patra-Greece.,Not disaster-related,0.7982,0.17623010277748108,0.8037667274475098,0.020003119483590126,Neutral,-0.15622698329389095,0.8037667274475098
778252950,6.29354E+17,Rescued TB goes on to ribbon at HITS: http://t.co/pA5SSLeFEC via @offtrackhorse,Rescued TB goes on to ribbon at HITS: http://t.co/pA5SSLeFEC via @offtrackhorse,rescued tb go ribbon hit URL via USER,Rescued TB goes on to ribbon at HITS: http via @user,rescued,Unknown,Not disaster-related,0.7963,0.004460087511688471,0.5519443154335022,0.4435955584049225,Neutral,0.439135470893234,0.5519443154335022
778252951,6.29353E+17,Britons rescued amid Himalaya floods http://t.co/8f2YBus2Vk,Britons rescued amid Himalaya floods http://t.co/8f2YBus2Vk,briton rescued amid himalaya flood URL,Britons rescued amid Himalaya floods http,rescued,Hyderabad Telangana INDIA,Disaster-related,1.0,0.02365880087018013,0.8169077038764954,0.15943342447280884,Neutral,0.1357746236026287,0.8169077038764954
778252960,6.29061E+17,VIDEO: 'We're picking up bodies from water': Rescuers are searching for hundreds of migrants in the Mediterran... http://t.co/s5NuEGSwYj,VIDEO: 'We're picking up bodies from water': Rescuers are searching for hundreds of migrants in the Mediterran... http://t.co/s5NuEGSwYj,video picking body water rescuer searching hundred migrant mediterran URL,VIDEO: 'We're picking up bodies from water': Rescuers are searching for hundreds of migrants in the Mediterran... http,rescuers,Westerland,Disaster-related,1.0,0.016118938103318214,0.9327080249786377,0.051172997802495956,Neutral,0.03505405969917774,0.9327080249786377
778252975,6.29067E+17,VIDEO: 'We're picking up bodies from water': Rescuers are searching for hundreds of migrants in the Mediterranean after a boat carryi...,VIDEO: 'We're picking up bodies from water': Rescuers are searching for hundreds of migrants in the Mediterranean after a boat carryi...,video picking body water rescuer searching hundred migrant mediterranean boat carryi,VIDEO: 'We're picking up bodies from water': Rescuers are searching for hundreds of migrants in the Mediterranean after a boat carryi...,rescuers,Unknown,Disaster-related,1.0,0.02092834562063217,0.9202160835266113,0.05885558947920799,Neutral,0.03792724385857582,0.9202160835266113
778252978,6.29067E+17,VIDEO: 'We're picking up bodies from water': Rescuers are searching for hundreds of migrants in the Mediterran... http://t.co/zG1YddywA5,VIDEO: 'We're picking up bodies from water': Rescuers are searching for hundreds of migrants in the Mediterran... http://t.co/zG1YddywA5,video picking body water rescuer searching hundred migrant mediterran URL,VIDEO: 'We're picking up bodies from water': Rescuers are searching for hundreds of migrants in the Mediterran... http,rescuers,Unknown,Disaster-related,1.0,0.016118938103318214,0.9327080249786377,0.051172997802495956,Neutral,0.03505405969917774,0.9327080249786377
778252979,6.29067E+17,VIDEO: 'We're picking up bodies from water': Rescuers are searching for hundreds of migrants in the Mediterran... http://t.co/PUezv6bd37,VIDEO: 'We're picking up bodies from water': Rescuers are searching for hundreds of migrants in the Mediterran... http://t.co/PUezv6bd37,video picking body water rescuer searching hundred migrant mediterran URL,VIDEO: 'We're picking up bodies from water': Rescuers are searching for hundreds of migrants in the Mediterran... http,rescuers,London,Disaster-related,1.0,0.016118938103318214,0.9327080249786377,0.051172997802495956,Neutral,0.03505405969917774,0.9327080249786377
778252981,6.29061E+17,VIDEO: 'We're picking up bodies from water': Rescuers are searching for hundreds of migrants in ... http://t.co/awtScUCBBV #Africa #News,VIDEO: 'We're picking up bodies from water': Rescuers are searching for hundreds of migrants in ... http://t.co/awtScUCBBV #Africa #News,video picking body water rescuer searching hundred migrant URL africa news,VIDEO: 'We're picking up bodies from water': Rescuers are searching for hundreds of migrants in ... http #Africa #News,rescuers,Unknown,Disaster-related,1.0,0.015344453975558281,0.9403759837150574,0.0442795492708683,Neutral,0.02893509529531002,0.9403759837150574
778252998,6.29096E+17,When Rescuers Found Him He Was Barely Alive. But They Had No Idea He Was Allergic To THIS! http://t.co/VecmsiUUh1,When Rescuers Found Him He Was Barely Alive. But They Had No Idea He Was Allergic To THIS! http://t.co/VecmsiUUh1,rescuer found barely alive idea allergic URL,When Rescuers Found Him He Was Barely Alive. But They Had No Idea He Was Allergic To THIS! http,rescuers,Phoenix,Disaster-related,0.5961,0.7414090037345886,0.23607203364372253,0.022519011050462723,Negative,-0.7188899926841259,0.7414090037345886
778253002,6.29096E+17,When Rescuers Found Him He ... http://t.co/sTDCdHQxJX,When Rescuers Found Him He ... http://t.co/sTDCdHQxJX,rescuer found URL,When Rescuers Found Him He ... http,rescuers,Florida,Disaster-related,0.8012,0.006266897544264793,0.8868119716644287,0.10692113637924194,Neutral,0.10065423883497715,0.8868119716644287
778253005,6.29071E+17,Rescuers find survivors of Nepal earthquake buried ... http://t.co/I8SJ1KWs1D,Rescuers find survivors of Nepal earthquake buried ... http://t.co/I8SJ1KWs1D,rescuer find survivor nepal earthquake buried URL,Rescuers find survivors of Nepal earthquake buried ... http,rescuers,Unknown,Disaster-related,1.0,0.19496507942676544,0.7799957394599915,0.025039121508598328,Neutral,-0.16992595791816711,0.7799957394599915
778253009,6.29357E+17,@CHold ironically RSL call their stadium the Riot,@CHold ironically RSL call their stadium the Riot,USER ironically rsl call stadium riot,@user ironically RSL call their stadium the Riot,riot,"Portland, OR",Disaster-related,0.6006,0.08051218092441559,0.8489435315132141,0.07054422050714493,Neutral,-0.00996796041727066,0.8489435315132141
778253015,6.29359E+17,Stuart Broad Takes Eight Before Joe Root Runs Riot Against Aussies: Stuart Broad took career-best figures of 8... http://t.co/2UmwMG7lvN,Stuart Broad Takes Eight Before Joe Root Runs Riot Against Aussies: Stuart Broad took career-best figures of 8... http://t.co/2UmwMG7lvN,stuart broad take eight joe root run riot aussie stuart broad took figure NUMBER URL,Stuart Broad Takes Eight Before Joe Root Runs Riot Against Aussies: Stuart Broad took career-best figures of 8... http,riot,Unknown,Not disaster-related,0.8,0.004692398011684418,0.9430350661277771,0.052272628992795944,Neutral,0.047580230981111526,0.9430350661277771
778253036,6.2936E+17,After all that time Riot should really make an official Satan Teemo skin http://t.co/TYtPBC4GWi,After all that time Riot should really make an official Satan Teemo skin http://t.co/TYtPBC4GWi,time riot really make official satan teemo skin URL,After all that time Riot should really make an official Satan Teemo skin http,riot,Unknown,Not disaster-related,0.6096,0.16888940334320068,0.7101410627365112,0.1209695041179657,Neutral,-0.047919899225234985,0.7101410627365112
778253042,6.29364E+17,@eac4AU You can now PRE-ORDER the film on ITUNES &amp; watch 9/15!! YAY! http://t.co/fVP3Wnid4L http://t.co/bwdhIBtiKs http://t.co/qelROcI7by,@eac4AU You can now PRE-ORDER the film on ITUNES & watch 9/15!! YAY! http://t.co/fVP3Wnid4L http://t.co/bwdhIBtiKs http://t.co/qelROcI7by,USER film itunes watch NUMBER NUMBER yay URL URL URL,@user You can now PRE-ORDER the film on ITUNES & watch 9/15!! YAY! http http http,riot,Los Angeles,Not disaster-related,1.0,0.0011100980918854475,0.02924511767923832,0.9696447253227234,Positive,0.9685346272308379,0.9696447253227234
778253063,6.29049E+17,'Money can't buy happiness' is just a lie we tell poor people to keep them from rioting.,'Money can't buy happiness' is just a lie we tell poor people to keep them from rioting.,ca buy happiness lie tell poor people keep rioting,'Money can't buy happiness' is just a lie we tell poor people to keep them from rioting.,rioting,SURROUNDED BY WEEABOOS,Disaster-related,0.8049,0.8592213988304138,0.12935003638267517,0.011428474448621273,Negative,-0.8477929243817925,0.8592213988304138
778253074,6.29268E+17,Still rioting in a couple of hours left until I have to be up for class.,Still rioting in a couple of hours left until I have to be up for class.,still rioting couple hour left class,Still rioting in a couple of hours left until I have to be up for class.,rioting,Unknown,Disaster-related,0.8058,0.8421204090118408,0.14712496101856232,0.010754615068435669,Negative,-0.8313657939434052,0.8421204090118408
778253081,6.29193E+17,I think Twitter was invented to keep us insomniacs from rioting in the wee small hours.,I think Twitter was invented to keep us insomniacs from rioting in the wee small hours.,think twitter invented keep u insomniac rioting wee small hour,I think Twitter was invented to keep us insomniacs from rioting in the wee small hours.,rioting,Upstate New York,Not disaster-related,0.6054,0.34515324234962463,0.5875754952430725,0.06727126240730286,Neutral,-0.2778819799423218,0.5875754952430725
778253087,6.29043E+17,@jasalhad @brianboru67 @Jimskiv92 @hijinks1967 Rioting.,@jasalhad @brianboru67 @Jimskiv92 @hijinks1967 Rioting.,USER USER USER USER rioting,@user @user @user @user Rioting.,rioting,"Scotland, United Kingdom",Disaster-related,0.7982,0.25547248125076294,0.697920024394989,0.04660750553011894,Neutral,-0.208864975720644,0.697920024394989
778253090,6.29105E+17,@brownblaze on tumblr the day/night of it was all over. The first I heard anything about it anywhere elsewere simply reports of rioting.,@brownblaze on tumblr the day/night of it was all over. The first I heard anything about it anywhere elsewere simply reports of rioting.,USER tumblr first heard anything anywhere elsewere simply report rioting,@user on tumblr the day/night of it was all over. The first I heard anything about it anywhere elsewere simply reports of rioting.,rioting,å©hicago,Disaster-related,0.6006,0.5212332606315613,0.4637176990509033,0.015049063600599766,Negative,-0.5061841970309615,0.5212332606315613
778253112,6.29063E+17,'If you go on with this nuclear arms race all you are going to do is make the rubble bounce.' ? Winston Churchill,'If you go on with this nuclear arms race all you are going to do is make the rubble bounce.' ? Winston Churchill,go nuclear arm race going make rubble bounce winston churchill,'If you go on with this nuclear arms race all you are going to do is make the rubble bounce.' ? Winston Churchill,rubble,Unknown,Not disaster-related,0.8042,0.6068432331085205,0.3738096058368683,0.01934720389544964,Negative,-0.5874960292130709,0.6068432331085205
778253115,6.29098E+17,My parents are so impulsive sometimes. I remember coming home to my room filled with dust &amp; rubble just because they wanted it redesigned. ??,My parents are so impulsive sometimes. I remember coming home to my room filled with dust & rubble just because they wanted it redesigned. ??,parent impulsive sometimes remember coming home room filled dust rubble wanted redesigned,My parents are so impulsive sometimes. I remember coming home to my room filled with dust & rubble just because they wanted it redesigned. ??,rubble,Unknown,Not disaster-related,0.8,0.8860815763473511,0.10714580863714218,0.0067726499401032925,Negative,-0.8793089264072478,0.8860815763473511
778253118,6.29089E+17,#360WiseNews : China's Stock Market Crash: Are There Gems In The Rubble? http://t.co/eaTFro3d5x,#360WiseNews : China's Stock Market Crash: Are There Gems In The Rubble? http://t.co/eaTFro3d5x,china stock market crash gem rubble URL,#360WiseNews : China's Stock Market Crash: Are There Gems In The Rubble? http,rubble,"Accra,Ghana",Not disaster-related,0.6042,0.44367194175720215,0.5359234809875488,0.02040454000234604,Neutral,-0.4232674017548561,0.5359234809875488
778253121,6.29096E+17,[FORBES]: China's Stock Market Crash: Are There Gems In The Rubble?: ChinaÛªs stock market crash this summer ha... http://t.co/Q4grDpAjr5,[FORBES]: China's Stock Market Crash: Are There Gems In The Rubble?: China Ûªs stock market crash this summer ha... http://t.co/Q4grDpAjr5,forbes china stock market crash gem rubble china ûªs stock market crash summer ha URL,[FORBES]: China's Stock Market Crash: Are There Gems In The Rubble?: China Ûªs stock market crash this summer ha... http,rubble,World,Not disaster-related,0.6006,0.6189355850219727,0.36592674255371094,0.015137643553316593,Negative,-0.6037979414686561,0.6189355850219727
778253126,6.29099E+17,#forbes #europe China's Stock Market Crash: Are There Gems In The Rubble? http://t.co/C0SlAbBP7j,#forbes #europe China's Stock Market Crash: Are There Gems In The Rubble? http://t.co/C0SlAbBP7j,forbes europe china stock market crash gem rubble URL,#forbes #europe China's Stock Market Crash: Are There Gems In The Rubble? http,rubble,"Dubai, UAE",Disaster-related,0.6006,0.3206578493118286,0.6587740182876587,0.020568085834383965,Neutral,-0.30008976347744465,0.6587740182876587
778253129,6.29114E+17,China's Stock Market Crash: Are There Gems In The Rubble? http://t.co/3PBFyJx0yA,China's Stock Market Crash: Are There Gems In The Rubble? http://t.co/3PBFyJx0yA,china stock market crash gem rubble URL,China's Stock Market Crash: Are There Gems In The Rubble? http,rubble,Italy,Not disaster-related,0.6018,0.5337833166122437,0.44928786158561707,0.016928790137171745,Negative,-0.5168545264750719,0.5337833166122437
778253130,6.29089E+17,ChinaÛªs e-commerce firms Alibaba (BABA) Tencent http://t.co/7VcChEIC5g (JD) are still growing revenue at 40% http://t.co/GQgE7weM3W,China Ûªs e-commerce firms Alibaba (BABA) Tencent http://t.co/7VcChEIC5g (JD) are still growing revenue at 40% http://t.co/GQgE7weM3W,china ûªs firm alibaba baba tencent URL jd still growing revenue NUMBER URL,China Ûªs e-commerce firms Alibaba (BABA) Tencent http (JD) are still growing revenue at 40% http,rubble,Los Angeles,Disaster-related,0.8047,0.0037831412628293037,0.29557064175605774,0.7006462216377258,Positive,0.6968630803748965,0.7006462216377258
778253131,6.29092E+17,#360WiseNews : China's Stock Market Crash: Are There Gems In The Rubble? http://t.co/9Naw3QOQOL,#360WiseNews : China's Stock Market Crash: Are There Gems In The Rubble? http://t.co/9Naw3QOQOL,china stock market crash gem rubble URL,#360WiseNews : China's Stock Market Crash: Are There Gems In The Rubble? http,rubble,London,Disaster-related,0.6,0.44367194175720215,0.5359234809875488,0.02040454000234604,Neutral,-0.4232674017548561,0.5359234809875488
778253137,6.29096E+17,China's Stock Market Crash: Are There Gems In The Rubble? http://t.co/o6oNSjHCsD #tcot #p2 #news,China's Stock Market Crash: Are There Gems In The Rubble? http://t.co/o6oNSjHCsD #tcot #p2 #news,china stock market crash gem rubble URL tcot news,China's Stock Market Crash: Are There Gems In The Rubble? http #tcot #p2 #news,rubble,United States,Not disaster-related,0.5988,0.4401194751262665,0.5420619249343872,0.017818575724959373,Neutral,-0.4223008994013071,0.5420619249343872
778253140,6.291E+17,"@KurtSchlichter Grandpa fought his way across Western Eurpoe mustered out in Guam on his way to the Home Islands.

Bounce the rubble.",@KurtSchlichter Grandpa fought his way across Western Eurpoe mustered out in Guam on his way to the Home Islands. Bounce the rubble.,USER grandpa fought way across western eurpoe mustered guam way home island bounce rubble,@user Grandpa fought his way across Western Eurpoe mustered out in Guam on his way to the Home Islands. Bounce the rubble.,rubble,West Coast,Not disaster-related,1.0,0.2994212806224823,0.6527590155601501,0.04781966656446457,Neutral,-0.25160161405801773,0.6527590155601501
778253146,6.29093E+17,#TNN: China's Stock Market Crash: Are There Gems In The Rubble? http://t.co/9LO0hZwJPZ,#TNN: China's Stock Market Crash: Are There Gems In The Rubble? http://t.co/9LO0hZwJPZ,tnn china stock market crash gem rubble URL,#TNN: China's Stock Market Crash: Are There Gems In The Rubble? http,rubble,West Africa,Disaster-related,0.5988,0.4859318733215332,0.4994562864303589,0.014611863531172276,Neutral,-0.4713200097903609,0.4994562864303589
778253172,6.29082E+17,They like raunchy trash then make it real and ruin lives and the potential of phenomenally I assume self raised good Christian human beings,They like raunchy trash then make it real and ruin lives and the potential of phenomenally I assume self raised good Christian human beings,like raunchy trash make real ruin life potential phenomenally assume self raised good christian human being,They like raunchy trash then make it real and ruin lives and the potential of phenomenally I assume self raised good Christian human beings,ruin,Unknown,Not disaster-related,1.0,0.8408468961715698,0.1420179158449173,0.017135126516222954,Negative,-0.8237117696553469,0.8408468961715698
778253180,6.29084E+17,well done me! everyone applaud me and how terrific i am and how i never ruin anything,well done me! everyone applaud me and how terrific i am and how i never ruin anything,well done everyone applaud terrific never ruin anything,well done me! everyone applaud me and how terrific i am and how i never ruin anything,ruin,sheffield // rotherham,Not disaster-related,0.5988,0.008983264677226543,0.01590324565768242,0.9751135110855103,Positive,0.9661302464082837,0.9751135110855103
778253181,6.29082E+17,Four Things That May Ruin Your Personal Injury Accident Claim http://t.co/ZU9YYdF5DI,Four Things That May Ruin Your Personal Injury Accident Claim http://t.co/ZU9YYdF5DI,four thing may ruin personal injury accident claim URL,Four Things That May Ruin Your Personal Injury Accident Claim http,ruin,"Wailuku, Maui",Disaster-related,0.6003,0.6826673150062561,0.3062101900577545,0.011122454889118671,Negative,-0.6715448601171374,0.6826673150062561
778253185,6.29085E+17,And then I go a ruin it all with something awful... #minions http://t.co/rc6eeJME17,And then I go a ruin it all with something awful... #minions http://t.co/rc6eeJME17,go ruin something awful minion URL,And then I go a ruin it all with something awful... #minions http,ruin,Belfast,Not disaster-related,1.0,0.9402332901954651,0.052933573722839355,0.006833163555711508,Negative,-0.9334001266397536,0.9402332901954651
778253186,6.29082E+17,IT WAS REALLY AWFUL AND I CANT EVEN WORK WITH A MAKE UP ARTIST NOW BECAUSE THEY WILL RUIN THINGS.,IT WAS REALLY AWFUL AND I CANT EVEN WORK WITH A MAKE UP ARTIST NOW BECAUSE THEY WILL RUIN THINGS.,really awful cant even work make artist ruin thing,IT WAS REALLY AWFUL AND I CANT EVEN WORK WITH A MAKE UP ARTIST NOW BECAUSE THEY WILL RUIN THINGS.,ruin,fujo garbage heaven,Not disaster-related,1.0,0.9528970122337341,0.04113522544503212,0.005967776291072369,Negative,-0.9469292359426618,0.9528970122337341
778253188,6.29083E+17,'Cause you play me like a symphony play me till your fingers bleed. I'm your greatest masterpiece. You ruin me??,'Cause you play me like a symphony play me till your fingers bleed. I'm your greatest masterpiece. You ruin me??,play like symphony play till finger bleed greatest masterpiece ruin,'Cause you play me like a symphony play me till your fingers bleed. I'm your greatest masterpiece. You ruin me??,ruin,Unknown,Not disaster-related,0.7982,0.46484532952308655,0.4172443151473999,0.11791037768125534,Negative,-0.3469349518418312,0.46484532952308655
778253203,6.29081E+17,@JulieChen she shouldn't. Being with them is gonna ruin her game and Vanessa is a great player,@JulieChen she shouldn't. Being with them is gonna ruin her game and Vanessa is a great player,USER gon na ruin game vanessa great player,@user she shouldn't. Being with them is gonna ruin her game and Vanessa is a great player,ruin,#RedSoxNation,Not disaster-related,0.6642,0.7130274176597595,0.24256294965744019,0.04440959170460701,Negative,-0.6686178259551525,0.7130274176597595
778253217,6.28992E+17,I liked a @YouTube video http://t.co/xR3xJJ8gJB Darude - Sandstorm,I liked a @YouTube video http://t.co/xR3xJJ8gJB Darude - Sandstorm,liked USER video URL darude sandstorm,I liked a @user video http Darude - Sandstorm,sandstorm,United States,Not disaster-related,0.6036,0.002145539503544569,0.033941734582185745,0.9639127850532532,Positive,0.9617672455497086,0.9639127850532532
778253222,6.29032E+17,Watch This Airport Get Swallowed Up By A Sandstorm In Under A Minute http://t.co/rkU0IDM6aQ,Watch This Airport Get Swallowed Up By A Sandstorm In Under A Minute http://t.co/rkU0IDM6aQ,watch airport get swallowed sandstorm minute URL,Watch This Airport Get Swallowed Up By A Sandstorm In Under A Minute http,sandstorm,USA,Disaster-related,1.0,0.5845699310302734,0.39838749170303345,0.017042579129338264,Negative,-0.5675273519009352,0.5845699310302734
778253239,6.29028E+17,I liked a @YouTube video from @centralupload http://t.co/EwLHrTREEP Oh oh!,I liked a @YouTube video from @centralupload http://t.co/EwLHrTREEP Oh oh!,liked USER video USER URL oh oh,I liked a @user video from @user http Oh oh!,sandstorm,"West Midlands, England",Not disaster-related,1.0,0.002314424840733409,0.01692458987236023,0.9807610511779785,Positive,0.9784466263372451,0.9807610511779785
778253254,6.29063E+17,@VillicanaAlicia [[Is it Darude Sandstorm?]],@VillicanaAlicia [[Is it Darude Sandstorm?]],USER darude sandstorm,@user [[Is it Darude Sandstorm?]],sandstorm,"The Sanctuary Network, Rome",Not disaster-related,0.5994,0.009823699481785297,0.9388194680213928,0.051356907933950424,Neutral,0.04153320845216513,0.9388194680213928
778253257,6.28994E+17,I just replied to somebody's comment to me saying'darude sandstorm' negatively and now I feel bad for doing it.,I just replied to somebody's comment to me saying'darude sandstorm' negatively and now I feel bad for doing it.,replied somebody comment sandstorm negatively feel bad,I just replied to somebody's comment to me saying'darude sandstorm' negatively and now I feel bad for doing it.,sandstorm,WARNING: I TWEET NSFW AND NSFL,Not disaster-related,0.5976,0.8969236016273499,0.09681263566017151,0.00626383488997817,Negative,-0.8906597667373717,0.8969236016273499
778253261,6.29104E+17,I slammed my phone to the ground and then screamed ahahahga,I slammed my phone to the ground and then screamed ahahahga,slammed phone ground screamed ahahahga,I slammed my phone to the ground and then screamed ahahahga,screamed,Unknown,Not disaster-related,1.0,0.5407472252845764,0.3358428180217743,0.12340995669364929,Negative,-0.4173372685909271,0.5407472252845764
778253265,6.29107E+17,I JUST SCREAMED SIDJSJDJEKDJSKDJD . I CANT STAND YOU ?? https://t.co/0Vcsafx9bY,I JUST SCREAMED SIDJSJDJEKDJSKDJD . I CANT STAND YOU ?? https://t.co/0Vcsafx9bY,screamed sidjsjdjekdjskdjd cant stand URL,I JUST SCREAMED SIDJSJDJEKDJSKDJD . I CANT STAND YOU ?? http,screamed,Unknown,Not disaster-related,1.0,0.885704755783081,0.0968877524137497,0.017407426610589027,Negative,-0.868297329172492,0.885704755783081
778253267,6.29103E+17,Oh my god Rosie OÛªDonnell is on The Fosters and I screamed her name in a fit of shock and awe,Oh my god Rosie O ÛªDonnell is on The Fosters and I screamed her name in a fit of shock and awe,oh god rosie ûªdonnell foster screamed name fit shock awe,Oh my god Rosie O ÛªDonnell is on The Fosters and I screamed her name in a fit of shock and awe,screamed,quantico,Not disaster-related,1.0,0.10033422708511353,0.21891379356384277,0.6807519793510437,Positive,0.5804177522659302,0.6807519793510437
778253276,6.29102E+17,I just got screamed at for asking my dad to move half a step so I could get through....,I just got screamed at for asking my dad to move half a step so I could get through....,got screamed asking dad move half step could get,I just got screamed at for asking my dad to move half a step so I could get through....,screamed,Unknown,Not disaster-related,1.0,0.8105800747871399,0.17713133990764618,0.012288597412407398,Negative,-0.7982914773747325,0.8105800747871399
778253279,6.29103E+17,don't stop believing just came on the radio at this restaurant and a lil white bit screamed 'it's mommys song',don't stop believing just came on the radio at this restaurant and a lil white bit screamed 'it's mommys song',stop believing came radio restaurant lil white bit screamed mommy song,don't stop believing just came on the radio at this restaurant and a lil white bit screamed 'it's mommys song',screamed,Unknown,Not disaster-related,1.0,0.08467230945825577,0.5766321420669556,0.3386955261230469,Neutral,0.2540232166647911,0.5766321420669556
778253280,6.29106E+17,@joshshatsays I JUST SCREAMED TO MYSELF BECAUSE YEAH,@joshshatsays I JUST SCREAMED TO MYSELF BECAUSE YEAH,USER screamed yeah,@user I JUST SCREAMED TO MYSELF BECAUSE YEAH,screamed,Unknown,Not disaster-related,1.0,0.1089787557721138,0.3521314263343811,0.5388897657394409,Positive,0.4299110099673271,0.5388897657394409
778253289,6.29103E+17,Some kids going to leadership camp came into my work today asking for the bathroom and my inner ASB kid screamed a lot. I miss camp ??,Some kids going to leadership camp came into my work today asking for the bathroom and my inner ASB kid screamed a lot. I miss camp ??,kid going leadership camp came work today asking bathroom inner asb kid screamed lot miss camp,Some kids going to leadership camp came into my work today asking for the bathroom and my inner ASB kid screamed a lot. I miss camp ??,screamed,18 Û¢ CC,Not disaster-related,0.795,0.5876517295837402,0.3468587100505829,0.06548956781625748,Negative,-0.5221621617674828,0.5876517295837402
778253296,6.29104E+17,I have never screamed so loud https://t.co/PC3h1NE4G0,I have never screamed so loud https://t.co/PC3h1NE4G0,never screamed loud URL,I have never screamed so loud http,screamed,"m3, k, a, d",Not disaster-related,0.7994,0.5253269672393799,0.30511996150016785,0.16955308616161346,Negative,-0.3557738810777664,0.5253269672393799
778253297,6.29104E+17,I have never screamed nor cried so much at one concert,I have never screamed nor cried so much at one concert,never screamed cried much one concert,I have never screamed nor cried so much at one concert,screamed,Unknown,Not disaster-related,1.0,0.7027621865272522,0.19751185178756714,0.09972590208053589,Negative,-0.6030362844467163,0.7027621865272522
778253298,6.29107E+17,I SCREAMED 'WHATS A CHONCe' http://t.co/GXYivsWki7,I SCREAMED 'WHATS A CHONCe' http://t.co/GXYivsWki7,screamed chonce URL,I SCREAMED 'WHATS A CHONCe' http,screamed,pissing off antis,Not disaster-related,1.0,0.15752115845680237,0.5528583526611328,0.2896205186843872,Neutral,0.13209936022758484,0.5528583526611328
778253300,6.29104E+17,@TopherBreezy it was my fav too!!! Amazing! Michael and I screamed the whole time ??,@TopherBreezy it was my fav too!!! Amazing! Michael and I screamed the whole time ??,USER fav amazing michael screamed whole time,@user it was my fav too!!! Amazing! Michael and I screamed the whole time ??,screamed,"Rice Lake, WI/Toronto, ON",Not disaster-related,1.0,0.0034515431616455317,0.00708075612783432,0.9894676804542542,Positive,0.9860161372926086,0.9894676804542542
778253304,6.29107E+17,@ArianaGrande I literally walked out of the concert and screamed MY SOUL HAS BEEN BLESSED,@ArianaGrande I literally walked out of the concert and screamed MY SOUL HAS BEEN BLESSED,USER literally walked concert screamed soul blessed,@user I literally walked out of the concert and screamed MY SOUL HAS BEEN BLESSED,screamed,sisterhood,Not disaster-related,1.0,0.006240890361368656,0.0221857912838459,0.9715733528137207,Positive,0.965332462452352,0.9715733528137207
778253306,6.29104E+17,@TroyLWiggins I screamed,@TroyLWiggins I screamed,USER screamed,@user I screamed,screamed,"Atlanta, GA (kind of)",Not disaster-related,1.0,0.11788402497768402,0.37240076065063477,0.5097152590751648,Positive,0.3918312340974808,0.5097152590751648
778253307,6.29103E+17,I JUST SCREAMED @toddyrockstar http://t.co/JDtPirnm76,I JUST SCREAMED @toddyrockstar http://t.co/JDtPirnm76,screamed USER URL,I JUST SCREAMED @user http,screamed,livin in a plastic world,Disaster-related,0.6006,0.02374720200896263,0.316349059343338,0.6599037647247314,Positive,0.6361565627157688,0.6599037647247314
778253314,6.29361E+17,If you are quiet enough you can literally hear the phandom screaming at the tyler tweet,If you are quiet enough you can literally hear the phandom screaming at the tyler tweet,quiet enough literally hear phandom screaming tyler tweet,If you are quiet enough you can literally hear the phandom screaming at the tyler tweet,screaming,Unknown,Not disaster-related,1.0,0.3273273706436157,0.5870038270950317,0.08566883951425552,Neutral,-0.2416585311293602,0.5870038270950317
778253318,6.29361E+17,@camilacabello97 Internally and externally screaming,@camilacabello97 Internally and externally screaming,USER internally externally screaming,@user Internally and externally screaming,screaming,tx,Disaster-related,0.6006,0.2530767321586609,0.6393505334854126,0.10757271200418472,Neutral,-0.14550402015447617,0.6393505334854126
778253322,6.29361E+17,@camilacabello97 NOW IM INTERNALLY SCREAMING,@camilacabello97 NOW IM INTERNALLY SCREAMING,USER im internally screaming,@user NOW IM INTERNALLY SCREAMING,screaming,tx,Not disaster-related,0.8025,0.1169051006436348,0.42492932081222534,0.45816555619239807,Positive,0.3412604555487633,0.45816555619239807
778253339,6.29361E+17,i'm fucking screaming http://t.co/H3MrqRrGfe,i'm fucking screaming http://t.co/H3MrqRrGfe,fucking screaming URL,i'm fucking screaming http,screaming,HYPE RESSHA HYPE RESSHA,Not disaster-related,0.7988,0.7293151617050171,0.1986168473958969,0.07206795364618301,Negative,-0.6572472080588341,0.7293151617050171
778253350,6.29361E+17,*screaming internally with the cover of prodigy graphic novel because June and Day*,*screaming internally with the cover of prodigy graphic novel because June and Day*,screaming internally cover prodigy graphic novel june day,*screaming internally with the cover of prodigy graphic novel because June and Day*,screaming,Unknown,Not disaster-related,1.0,0.10606181621551514,0.4615095555782318,0.43242865800857544,Neutral,0.3263668417930603,0.4615095555782318
778253364,6.29099E+17,When you on the phone and @Worstoverdose screams 'jaileens caked up on the phone' so everyone looks at you ????????????,When you on the phone and @Worstoverdose screams 'jaileens caked up on the phone' so everyone looks at you ????????????,phone USER scream caked phone everyone look,When you on the phone and @user screams 'jaileens caked up on the phone' so everyone looks at you ????????????,screams,Unknown,Not disaster-related,0.798,0.17451325058937073,0.7400441765785217,0.08544248342514038,Neutral,-0.08907076716423035,0.7400441765785217
778253383,6.291E+17,@ShojoShit /SCREAMS,@ShojoShit /SCREAMS,USER,@user /SCREAMS,screams,Unknown,Not disaster-related,1.0,0.12323883920907974,0.6979540586471558,0.1788070648908615,Neutral,0.05556822568178177,0.6979540586471558
778253403,6.29101E+17,@wisdc &amp; obama supports  death2USA .. http://t.co/serARcNrbY,@wisdc & obama supports death2USA .. http://t.co/serARcNrbY,USER obama support URL,@user & obama supports death2USA .. http,screams,United States,Not disaster-related,1.0,0.8563162088394165,0.13761581480503082,0.006068034563213587,Negative,-0.8502481742762029,0.8563162088394165
778253404,6.291E+17,The little girl next to me sees the spot lights in the sky and screams ' mom! Look I see Angels in the sky!' ????,The little girl next to me sees the spot lights in the sky and screams ' mom! Look I see Angels in the sky!' ????,little girl next see spot light sky scream mom look see angel sky,The little girl next to me sees the spot lights in the sky and screams ' mom! Look I see Angels in the sky!' ????,screams,"Florida, USA",Disaster-related,0.5982,0.024088388308882713,0.32471007108688354,0.6512015461921692,Positive,0.6271131578832865,0.6512015461921692
778253426,6.29047E+17,Exploration takes seismic shift in Gabon to Somalia - WorldOil (subscription) http://t.co/kqVEVuutDJ #??????? #Somalia,Exploration takes seismic shift in Gabon to Somalia - WorldOil (subscription) http://t.co/kqVEVuutDJ #??????? #Somalia,exploration take seismic shift gabon somalia worldoil subscription URL somalia,Exploration takes seismic shift in Gabon to Somalia - WorldOil (subscription) http #??????? #Somalia,seismic,Somalia,Not disaster-related,0.6018,0.031569045037031174,0.9359790086746216,0.03245190903544426,Neutral,0.0008828639984130859,0.9359790086746216
778253428,6.29037E+17,'Seismic' Apple TV service to stream 25 channels across all d... http://t.co/zqMtrBKaS0 | https://t.co/YEqq3BZX3g http://t.co/kmVrZaSXY4,'Seismic' Apple TV service to stream 25 channels across all d... http://t.co/zqMtrBKaS0 | https://t.co/YEqq3BZX3g http://t.co/kmVrZaSXY4,apple tv service stream NUMBER channel across URL URL URL,'Seismic' Apple TV service to stream 25 channels across all d... http | http http,seismic,"Lakewood, Tennessee",Not disaster-related,1.0,0.004806898534297943,0.8984915018081665,0.09670157730579376,Neutral,0.09189467877149582,0.8984915018081665
778253430,6.29058E+17,@marek1330 *Zar cringes at the blows but doesn't let Marek go* *He uses Seismic Toss,@marek1330 *Zar cringes at the blows but doesn't let Marek go* *He uses Seismic Toss,USER zar cringes blow let marek go us seismic toss,@user *Zar cringes at the blows but doesn't let Marek go* *He uses Seismic Toss,seismic,Smash Manor/Kanto,Not disaster-related,1.0,0.12927694618701935,0.7671850323677063,0.10353805124759674,Neutral,-0.025738894939422607,0.7671850323677063
778253437,6.29322E+17,#Sismo DETECTADO #JapÌ_n [Report 6] 01:02:42 Okinawa Island region M3.8 Depth 10km Maximum seismic intensity 3 JST #??,#Sismo DETECTADO #JapÌ_n [Report 6] 01:02:42 Okinawa Island region M3.8 Depth 10km Maximum seismic intensity 3 JST #??,sismo detectado report NUMBER NUMBER NUMBER NUMBER okinawa island region NUMBER depth maximum seismic intensity NUMBER jst,#Sismo DETECTADO #JapÌ_n [Report 6] 01:02:42 Okinawa Island region M3.8 Depth 10km Maximum seismic intensity 3 JST #??,seismic,Unknown,Disaster-related,1.0,0.038646142929792404,0.943427562713623,0.01792631857097149,Neutral,-0.020719824358820915,0.943427562713623
778253441,6.29322E+17,Oil and Gas Exploration Takes Seismic Shift in Gabon to Somalia - Bloomberg http://t.co/bEKrPjnYHs #??????? #Somalia,Oil and Gas Exploration Takes Seismic Shift in Gabon to Somalia - Bloomberg http://t.co/bEKrPjnYHs #??????? #Somalia,oil gas exploration take seismic shift gabon somalia bloomberg URL somalia,Oil and Gas Exploration Takes Seismic Shift in Gabon to Somalia - Bloomberg http #??????? #Somalia,seismic,Somalia,Disaster-related,0.6042,0.15475095808506012,0.8278542160987854,0.01739482767879963,Neutral,-0.1373561304062605,0.8278542160987854
778253454,6.29125E+17,Panoramic Resources cuts jobs after seismic event http://t.co/mUwmfJGzYh,Panoramic Resources cuts jobs after seismic event http://t.co/mUwmfJGzYh,panoramic resource cut job seismic event URL,Panoramic Resources cuts jobs after seismic event http,seismic,"Perenjori, WA",Disaster-related,0.8023,0.5688279867172241,0.4133715033531189,0.01780049502849579,Negative,-0.5510274916887283,0.5688279867172241
778253462,6.29042E+17,Talk on GOZ is fantastic. Most interesting fact so far is that they manually bought all the .ru domains to sinkhole rather than seek co-op.,Talk on GOZ is fantastic. Most interesting fact so far is that they manually bought all the .ru domains to sinkhole rather than seek co-op.,talk goz fantastic interesting fact far manually bought domain sinkhole rather seek,Talk on GOZ is fantastic. Most interesting fact so far is that they manually bought all the .ru domains to sinkhole rather than seek co-op.,sinkhole,"Atlanta(ish), GA",Not disaster-related,0.7969,0.009216675534844398,0.05370873957872391,0.9370745420455933,Positive,0.9278578665107489,0.9370745420455933
778253474,6.29114E+17,"150-Foot Sinkhole Opens in Lowndes County Residential Area
WCTV-35 minutes ago",150-Foot Sinkhole Opens in Lowndes County Residential Area WCTV-35 minutes ago,NUMBER sinkhole open lowndes county residential area NUMBER minute ago,150-Foot Sinkhole Opens in Lowndes County Residential Area WCTV-35 minutes ago,sinkhole,Newcastle,Disaster-related,0.8333,0.07669112831354141,0.9053466320037842,0.01796218566596508,Neutral,-0.05872894264757633,0.9053466320037842
778253475,6.29054E+17,Large sinkhole swallows entire pond in Lowndes County Georgia http://t.co/wKPzp1JCAu #YoNews,Large sinkhole swallows entire pond in Lowndes County Georgia http://t.co/wKPzp1JCAu #YoNews,large sinkhole swallow entire pond lowndes county georgia URL yonews,Large sinkhole swallows entire pond in Lowndes County Georgia http #YoNews,sinkhole,Above the snake line - #YoNews,Disaster-related,0.7999,0.5598271489143372,0.42558223009109497,0.014590681530535221,Negative,-0.5452364673838019,0.5598271489143372
778253477,6.29077E+17,Sinkhole Selfies: You Wont Believe What's In The Brooklyn Sinkhole! http://t.co/3gLYOyf6Oc,Sinkhole Selfies: You Wont Believe What's In The Brooklyn Sinkhole! http://t.co/3gLYOyf6Oc,sinkhole selfies wont believe brooklyn sinkhole URL,Sinkhole Selfies: You Wont Believe What's In The Brooklyn Sinkhole! http,sinkhole,Unknown,Not disaster-related,0.5958,0.3736870586872101,0.532426655292511,0.0938863456249237,Neutral,-0.2798007130622864,0.532426655292511
778253494,6.29054E+17,RT twit_san_diego 'Possible sinkhole disrupts trolley service: A depression in a portion of asphalt in downtown SaÛ_ http://t.co/ANrIOMbHQN',RT twit_san_diego 'Possible sinkhole disrupts trolley service: A depression in a portion of asphalt in downtown Sa Û_ http://t.co/ANrIOMbHQN',rt sinkhole disrupts trolley service depression portion asphalt downtown sa URL,RT twit_san_diego 'Possible sinkhole disrupts trolley service: A depression in a portion of asphalt in downtown Sa Û_ http,sinkhole,"San Diego, CA",Disaster-related,0.8338,0.6781793832778931,0.31426823139190674,0.007552423048764467,Negative,-0.6706269602291286,0.6781793832778931
778253495,6.29084E+17,"Sinkhole Selfies: You Wont Believe What's In The Brooklyn Sinkhole!: 
        Sinkhole Sel... http://t.co/OYY9MGW7HN @hinterestin #funny",Sinkhole Selfies: You Wont Believe What's In The Brooklyn Sinkhole!: Sinkhole Sel... http://t.co/OYY9MGW7HN @hinterestin #funny,sinkhole selfies wont believe brooklyn sinkhole sinkhole sel URL USER funny,Sinkhole Selfies: You Wont Believe What's In The Brooklyn Sinkhole!: Sinkhole Sel... http @user #funny,sinkhole,Hinterestland,Not disaster-related,0.597,0.21654875576496124,0.6038193702697754,0.17963188886642456,Neutral,-0.03691686689853668,0.6038193702697754
778253500,6.29014E+17,The sinkhole that ate Brooklyn http://t.co/28r2IgxmIE,The sinkhole that ate Brooklyn http://t.co/28r2IgxmIE,sinkhole ate brooklyn URL,The sinkhole that ate Brooklyn http,sinkhole,"New York, New York",Disaster-related,0.7969,0.8284786343574524,0.15773142874240875,0.013789894990622997,Negative,-0.8146887393668294,0.8284786343574524
778253511,6.29077E+17,After a Few Years Afloat Pension Plans Start Sinking Again http://t.co/4cEEuzWHvf,After a Few Years Afloat Pension Plans Start Sinking Again http://t.co/4cEEuzWHvf,year afloat pension plan start sinking URL,After a Few Years Afloat Pension Plans Start Sinking Again http,sinking,Sacramento,Disaster-related,0.6006,0.744128406047821,0.24713067710399628,0.008740924298763275,Negative,-0.7353874817490578,0.744128406047821
778253540,6.29078E+17,INVESTMENT NEWS Keurig Green Mountain Inc. Third-Quarter Earnings: Shares Sinking After-Hours - Stocks in the NewÛ_ http://t.co/GtdNW1SpVi,INVESTMENT NEWS Keurig Green Mountain Inc. Third-Quarter Earnings: Shares Sinking After-Hours - Stocks in the New Û_ http://t.co/GtdNW1SpVi,investment news keurig green mountain earnings share sinking stock new URL,INVESTMENT NEWS Keurig Green Mountain Inc. Third-Quarter Earnings: Shares Sinking After-Hours - Stocks in the New Û_ http,sinking,Haarlem,Not disaster-related,1.0,0.49775180220603943,0.4849857985973358,0.017262376844882965,Negative,-0.48048942536115646,0.49775180220603943
778253548,6.29084E+17,"Sinking. {part 2}
??????
#buildingmuseum #TheBEACHDC #VSCOcam #acreativedc #dc #dctography #vscodcÛ_ https://t.co/SsD9ign6HO",Sinking. {part 2} ?????? #buildingmuseum #TheBEACHDC #VSCOcam #acreativedc #dc #dctography #vscodc Û_ https://t.co/SsD9ign6HO,sinking part NUMBER buildingmuseum thebeachdc vscocam acreativedc dc dctography vscodc URL,Sinking. {part 2} ?????? #buildingmuseum #TheBEACHDC #VSCOcam #acreativedc #dc #dctography #vscodc Û_ http,sinking,"Washington, DC",Not disaster-related,1.0,0.0743132159113884,0.8984587788581848,0.027227891609072685,Neutral,-0.04708532430231571,0.8984587788581848
778253562,6.29325E+17,'@Ma3Route: Haha jam imeshika hapa garden city mats bumper to bumper with AAR ambulance.we decide to chill via @BonnieG434' piga siren kijan,'@Ma3Route: Haha jam imeshika hapa garden city mats bumper to bumper with AAR ambulance.we decide to chill via @BonnieG434' piga siren kijan,USER haha jam imeshika hapa garden city mat bumper bumper aar decide chill via USER piga siren kijan,'@user: Haha jam imeshika hapa garden city mats bumper to bumper with AAR ambulance.we decide to chill via @user' piga siren kijan,siren,kenya,Not disaster-related,0.5982,0.03537268564105034,0.8163991570472717,0.14822818338871002,Neutral,0.11285549774765968,0.8163991570472717
778253563,6.29324E+17,@stacedemon oh shit!,@stacedemon oh shit!,USER oh shit,@user oh shit!,siren,My subconscious,Not disaster-related,0.7987,0.3999645709991455,0.4008931517601013,0.19914226233959198,Neutral,-0.20082230865955353,0.4008931517601013
778253569,6.29357E+17,What. The. Fuck. https://t.co/Nv7rK63Pgc,What. The. Fuck. https://t.co/Nv7rK63Pgc,fuck URL,What. The. Fuck. http,siren,Unknown,Not disaster-related,0.7982,0.8914934396743774,0.09799862653017044,0.010508016683161259,Negative,-0.8809854229912162,0.8914934396743774
778253571,6.29361E+17,A demoness with the voice of an angel. Like a siren's call beckoning me to the void. Don't ?? on thisÛ_ https://t.co/nPS3xpBKaQ,A demoness with the voice of an angel. Like a siren's call beckoning me to the void. Don't ?? on this Û_ https://t.co/nPS3xpBKaQ,demoness voice angel like siren call beckoning void URL,A demoness with the voice of an angel. Like a siren's call beckoning me to the void. Don't ?? on this Û_ http,siren,"Tampa, FL",Not disaster-related,1.0,0.5828203558921814,0.3769547939300537,0.04022492095828056,Negative,-0.5425954349339008,0.5828203558921814
778253575,6.29359E+17,? #nowplaying SONG TO THE SIREN - JOHN FRUSCIANTE (2009) http://t.co/00cY9vXEFF,? #nowplaying SONG TO THE SIREN - JOHN FRUSCIANTE (2009) http://t.co/00cY9vXEFF,nowplaying song siren john frusciante NUMBER URL,? #nowplaying SONG TO THE SIREN - JOHN FRUSCIANTE (2009) http,siren,Paris.,Not disaster-related,1.0,0.007526394911110401,0.9314376711845398,0.06103595346212387,Neutral,0.05350955855101347,0.9314376711845398
778253580,6.29354E+17,@tomarse99 they all are intending to go. Just waiting for winds to drop. Siren just gone off to signal they allowed to leave arena.none gone,@tomarse99 they all are intending to go. Just waiting for winds to drop. Siren just gone off to signal they allowed to leave arena.none gone,USER intending go waiting wind drop siren gone signal allowed leave gone,@user they all are intending to go. Just waiting for winds to drop. Siren just gone off to signal they allowed to leave arena.none gone,siren,Brizzle City !,Disaster-related,0.6018,0.08769602328538895,0.8380799889564514,0.0742240697145462,Neutral,-0.013471953570842743,0.8380799889564514
778253582,6.29364E+17,@Foxy__Siren best wishes boo????????,@Foxy__Siren best wishes boo????????,USER best wish boo,@user best wishes boo????????,siren,Lagos,Not disaster-related,1.0,0.0034132488071918488,0.04157783463597298,0.955008864402771,Positive,0.9515956155955791,0.955008864402771
778253603,6.2935E+17,Outdoor Siren Test 2pm :: The FGCU Siren will be tested at 2pm today. Another message will be sent when the test is concluded.,Outdoor Siren Test 2pm :: The FGCU Siren will be tested at 2pm today. Another message will be sent when the test is concluded.,outdoor siren test fgcu siren tested today another message sent test concluded,Outdoor Siren Test 2pm :: The FGCU Siren will be tested at 2pm today. Another message will be sent when the test is concluded.,siren,Unknown,Not disaster-related,0.5958,0.007640357594937086,0.964629590511322,0.027730071917176247,Neutral,0.02008971432223916,0.964629590511322
778253608,6.29351E+17,This cop seriously just turned on their siren to get through traffic and turned it right back off like wtf,This cop seriously just turned on their siren to get through traffic and turned it right back off like wtf,cop seriously turned siren get traffic turned right back like wtf,This cop seriously just turned on their siren to get through traffic and turned it right back off like wtf,siren,"Charlotte, NC",Not disaster-related,0.606,0.7704200148582458,0.2132652848958969,0.016314784064888954,Negative,-0.7541052307933569,0.7704200148582458
778253614,6.29092E+17,@HusnaaVhora I hope they dust off the air raid sirens! You can quote me on that lol,@HusnaaVhora I hope they dust off the air raid sirens! You can quote me on that lol,USER hope dust air raid siren quote lol,@user I hope they dust off the air raid sirens! You can quote me on that lol,sirens,"Chandler, AZ",Not disaster-related,0.8017,0.16664424538612366,0.49014246463775635,0.34321328997612,Neutral,0.17656904458999634,0.49014246463775635
778253620,6.291E+17,my dad said I look thinner than usual but really im over here like http://t.co/bnwyGx6luh,my dad said I look thinner than usual but really im over here like http://t.co/bnwyGx6luh,dad said look thinner usual really im like URL,my dad said I look thinner than usual but really im over here like http,sirens,they/them,Disaster-related,0.6023,0.3390474319458008,0.584990918636322,0.07596169412136078,Neutral,-0.26308573782444,0.584990918636322
778253621,6.29087E+17,want a new season of The League and Sirens on Netflix.,want a new season of The League and Sirens on Netflix.,want new season league siren netflix,want a new season of The League and Sirens on Netflix.,sirens,Unknown,Not disaster-related,1.0,0.052274126559495926,0.6341008543968201,0.3136249780654907,Neutral,0.2613508515059948,0.6341008543968201
778253625,6.29093E+17,and my dad is high I have a dysfunctional family,and my dad is high I have a dysfunctional family,dad high dysfunctional family,and my dad is high I have a dysfunctional family,sirens,they/them,Not disaster-related,1.0,0.8571694493293762,0.12364263087511063,0.019187942147254944,Negative,-0.8379815071821213,0.8571694493293762
778253626,6.29089E+17,#SirensIcebreaker What is one fantasy work about a diverse heroine that you think everyone should read? https://t.co/HplJUr0OBo,#SirensIcebreaker What is one fantasy work about a diverse heroine that you think everyone should read? https://t.co/HplJUr0OBo,sirensicebreaker one fantasy work diverse heroine think everyone read URL,#SirensIcebreaker What is one fantasy work about a diverse heroine that you think everyone should read? http,sirens,"Denver, CO",Not disaster-related,1.0,0.007821251638233662,0.6845957636833191,0.3075829744338989,Neutral,0.29976172279566526,0.6845957636833191
778253641,6.29083E+17,A new favorite: Midfield General  Disco Sirens House Edm Version Soni Soner by @sonisoner https://t.co/DEvffPTCVj on #SoundCloud,A new favorite: Midfield General Disco Sirens House Edm Version Soni Soner by @sonisoner https://t.co/DEvffPTCVj on #SoundCloud,new favorite midfield general disco siren house edm version soni soner USER URL soundcloud,A new favorite: Midfield General Disco Sirens House Edm Version Soni Soner by @user http on #SoundCloud,sirens,"Hamburg, DE",Not disaster-related,0.5964,0.0017294780118390918,0.1481986790895462,0.8500717878341675,Positive,0.8483423098223284,0.8500717878341675
778253642,6.2909E+17,@spookyerica sleeping with sirens?,@spookyerica sleeping with sirens?,USER sleeping siren,@user sleeping with sirens?,sirens,Unknown,Not disaster-related,0.5967,0.11147312074899673,0.8727953433990479,0.015731552615761757,Neutral,-0.09574156813323498,0.8727953433990479
778253648,6.29088E+17,'If you looking for my niggas you can follow the sirens.' ????,'If you looking for my niggas you can follow the sirens.' ????,looking nigga follow siren,'If you looking for my niggas you can follow the sirens.' ????,sirens,"Decatur, GA",Not disaster-related,1.0,0.20049484074115753,0.7453466057777405,0.05415854975581169,Neutral,-0.14633629098534584,0.7453466057777405
778253658,6.29091E+17,Kyle is one of the last people I would expect to like Sleeping with Sirens.,Kyle is one of the last people I would expect to like Sleeping with Sirens.,kyle one last people would expect like sleeping siren,Kyle is one of the last people I would expect to like Sleeping with Sirens.,sirens,"Ventura, Ca",Not disaster-related,1.0,0.8373846411705017,0.15331299602985382,0.009302277117967606,Negative,-0.8280823640525341,0.8373846411705017
778253675,6.29105E+17,when you burp and smoke comes out,when you burp and smoke comes out,burp smoke come,when you burp and smoke comes out,smoke,"Houston, TX",Not disaster-related,1.0,0.36513999104499817,0.6087724566459656,0.02608749084174633,Neutral,-0.33905250020325184,0.6087724566459656
778253679,6.29105E+17,misocapnist: One who hates the smell of tobacco smoke #UnusualWords http://t.co/jMcFFA3TOQ,misocapnist: One who hates the smell of tobacco smoke #UnusualWords http://t.co/jMcFFA3TOQ,misocapnist one hate smell tobacco smoke unusualwords URL,misocapnist: One who hates the smell of tobacco smoke #UnusualWords http,smoke,Barnsley,Not disaster-related,1.0,0.8011115193367004,0.186671644449234,0.012216808274388313,Negative,-0.7888947110623121,0.8011115193367004
778253683,6.29105E+17,@Sammysosita smoke a blunt &amp; get through it.. no more ciggs for you.,@Sammysosita smoke a blunt & get through it.. no more ciggs for you.,USER smoke blunt get ciggs,@user smoke a blunt & get through it.. no more ciggs for you.,smoke,Unknown,Not disaster-related,1.0,0.36432936787605286,0.5382892489433289,0.09738141298294067,Neutral,-0.2669479548931122,0.5382892489433289
778253690,6.29105E+17,@BillMcCabe  sky looks clear.... No smoke from the fires. Enjoy your time in Tahoe. One of my favorite places!,@BillMcCabe sky looks clear.... No smoke from the fires. Enjoy your time in Tahoe. One of my favorite places!,USER sky look clear smoke fire enjoy time tahoe one favorite place,@user sky looks clear.... No smoke from the fires. Enjoy your time in Tahoe. One of my favorite places!,smoke,Unknown,Disaster-related,0.6667,0.003862120909616351,0.02696681022644043,0.9691711068153381,Positive,0.9653089859057218,0.9691711068153381
778253699,6.29105E+17,If you wanna smoke cigs that's your own problem but when your breath smells like an old ash tray.. that's fucking disgusting,If you wanna smoke cigs that's your own problem but when your breath smells like an old ash tray.. that's fucking disgusting,wan na smoke cigs problem breath smell like old ash tray fucking disgusting,If you wanna smoke cigs that's your own problem but when your breath smells like an old ash tray.. that's fucking disgusting,smoke,Unknown,Not disaster-related,1.0,0.9249265193939209,0.06960030645132065,0.0054731606505811214,Negative,-0.9194533587433398,0.9249265193939209
778253709,6.29105E+17,Just want someone to smoke a blunt &amp; talk about life with ??,Just want someone to smoke a blunt & talk about life with ??,want someone smoke blunt talk life,Just want someone to smoke a blunt & talk about life with ??,smoke,Unknown,Not disaster-related,1.0,0.17585638165473938,0.7070128321647644,0.1171308159828186,Neutral,-0.058725565671920776,0.7070128321647644
778253713,6.29024E+17,you're my snowstorm baby ??,you're my snowstorm baby ??,snowstorm baby,you're my snowstorm baby ??,snowstorm,madrid,Disaster-related,0.8047,0.047515541315078735,0.7381983995437622,0.21428605914115906,Neutral,0.16677051782608032,0.7381983995437622
778253721,6.29024E+17,@Groupon_UK it won't let me as you don't follow me,@Groupon_UK it won't let me as you don't follow me,USER wo let follow,@user it won't let me as you don't follow me,snowstorm,Manchester,Not disaster-related,1.0,0.6148974895477295,0.37445881962776184,0.010643744841217995,Negative,-0.6042537447065115,0.6148974895477295
778253724,6.28997E+17,you're the snowstorm I'm purified. the darkest fairy tale in the pale moonlight.,you're the snowstorm I'm purified. the darkest fairy tale in the pale moonlight.,snowstorm purified darkest fairy tale pale moonlight,you're the snowstorm I'm purified. the darkest fairy tale in the pale moonlight.,snowstorm,"Louisiana, USA",Not disaster-related,1.0,0.14277125895023346,0.5873894691467285,0.2698393166065216,Neutral,0.12706805765628815,0.5873894691467285
778253730,6.2899E+17,Sassy city girl country hunk stranded in Smoky Mountain snowstorm #AoMS http://t.co/ZDJ2hyF6RO #ibooklove #bookboost,Sassy city girl country hunk stranded in Smoky Mountain snowstorm #AoMS http://t.co/ZDJ2hyF6RO #ibooklove #bookboost,sassy city girl country hunk stranded smoky mountain snowstorm aoms URL ibooklove bookboost,Sassy city girl country hunk stranded in Smoky Mountain snowstorm #AoMS http #ibooklove #bookboost,snowstorm,"South, USA",Not disaster-related,0.5013,0.24530772864818573,0.6497816443443298,0.10491065680980682,Neutral,-0.1403970718383789,0.6497816443443298
778253731,6.29079E+17,"@dirk_trossen 

I've still got some of the snowstorm/hailstorm!",@dirk_trossen I've still got some of the snowstorm/hailstorm!,USER still got,@user I've still got some of the snowstorm/hailstorm!,snowstorm,Unknown,Disaster-related,1.0,0.07520109415054321,0.7547560930252075,0.17004282772541046,Neutral,0.09484173357486725,0.7547560930252075
778253736,6.28958E+17,A snowstorm is brewing over my desk &amp; hands are NUMB.. @irishirr - I'm guessing you adjusted thermostat? :/ @WSAZ_Brittany @kellyannwx #WSAZ,A snowstorm is brewing over my desk & hands are NUMB.. @irishirr - I'm guessing you adjusted thermostat? :/ @WSAZ_Brittany @kellyannwx #WSAZ,snowstorm brewing desk hand numb USER guessing adjusted thermostat USER USER wsaz,A snowstorm is brewing over my desk & hands are NUMB.. @user - I'm guessing you adjusted thermostat? :/ @user @user #WSAZ,snowstorm,"Huntington, WV",Disaster-related,0.603,0.8628398776054382,0.12602370977401733,0.011136402375996113,Negative,-0.8517034752294421,0.8628398776054382
778253742,6.2902E+17,Sassy city girl country hunk stranded in Smoky Mountain snowstorm #AoMS http://t.co/HDJS9RNtJ4 #ibooklove #bookboost,Sassy city girl country hunk stranded in Smoky Mountain snowstorm #AoMS http://t.co/HDJS9RNtJ4 #ibooklove #bookboost,sassy city girl country hunk stranded smoky mountain snowstorm aoms URL ibooklove bookboost,Sassy city girl country hunk stranded in Smoky Mountain snowstorm #AoMS http #ibooklove #bookboost,snowstorm,"South, USA",Disaster-related,0.797,0.24530772864818573,0.6497816443443298,0.10491065680980682,Neutral,-0.1403970718383789,0.6497816443443298
778253745,6.29002E+17,Picking up a man in a bar is like a snowstorm you never know when he's coming how many inches you'll get or how long'll he'll stay.,Picking up a man in a bar is like a snowstorm you never know when he's coming how many inches you'll get or how long'll he'll stay.,picking man bar like snowstorm never know coming many inch get long stay,Picking up a man in a bar is like a snowstorm you never know when he's coming how many inches you'll get or how long'll he'll stay.,snowstorm,teh internets,Not disaster-related,0.5994,0.14589373767375946,0.7645577192306519,0.08954855799674988,Neutral,-0.05634517967700958,0.7645577192306519
778253748,6.29037E+17,The sun is shining on this house now but imagine trying to build this summer home during a North East snowstorm!... http://t.co/BtJL9JkvXZ,The sun is shining on this house now but imagine trying to build this summer home during a North East snowstorm!... http://t.co/BtJL9JkvXZ,sun shining house imagine trying build summer home north east snowstorm URL,The sun is shining on this house now but imagine trying to build this summer home during a North East snowstorm!... http,snowstorm,Unknown,Disaster-related,0.6012,0.13194511830806732,0.5370383858680725,0.33101651072502136,Neutral,0.19907139241695404,0.5370383858680725
778253753,6.29029E+17,Photo: mothernaturenetwork: What is thundersnow? Hearing thunder during a snowstorm is extremely uncommon.... http://t.co/eYdAPauPvG,Photo: mothernaturenetwork: What is thundersnow? Hearing thunder during a snowstorm is extremely uncommon.... http://t.co/eYdAPauPvG,photo mothernaturenetwork thundersnow hearing thunder snowstorm extremely uncommon URL,Photo: mothernaturenetwork: What is thundersnow? Hearing thunder during a snowstorm is extremely uncommon.... http,snowstorm,In the spirit world,Disaster-related,0.6054,0.0993349626660347,0.8170436024665833,0.08362138271331787,Neutral,-0.015713579952716827,0.8170436024665833
778253754,6.29055E+17,#LakeEffect #Snowstorm Twill Denim Jackets   *** ALL MY PROCEEDS FOR ITEMS WITH THIS DESIGN WILL GOÛ_ https://t.co/TxTpx4umqH,#LakeEffect #Snowstorm Twill Denim Jackets *** ALL MY PROCEEDS FOR ITEMS WITH THIS DESIGN WILL GO Û_ https://t.co/TxTpx4umqH,lakeeffect snowstorm twill denim jacket proceeds item design go URL,#LakeEffect #Snowstorm Twill Denim Jackets *** ALL MY PROCEEDS FOR ITEMS WITH THIS DESIGN WILL GO Û_ http,snowstorm,Western New York,Disaster-related,0.604,0.06528159230947495,0.8550639152526855,0.0796545222401619,Neutral,0.01437292993068695,0.8550639152526855
778253757,6.29E+17,@PrablematicLA @Adweek I'm actually currently dressed for a snowstorm...despite being in the middle of a Texas summer. Thanks office A/C.,@PrablematicLA @Adweek I'm actually currently dressed for a snowstorm...despite being in the middle of a Texas summer. Thanks office A/C.,USER USER actually currently dressed snowstorm despite middle texas summer thanks office,@user @user I'm actually currently dressed for a snowstorm...despite being in the middle of a Texas summer. Thanks office A/C.,snowstorm,"Austin, TX",Disaster-related,0.597,0.025617551058530807,0.2210715413093567,0.7533109188079834,Positive,0.7276933677494526,0.7533109188079834
778253759,6.28961E+17,Snowstorm planned outside #Rome's St Mary Major tonight - annual occasion artificial snow remembering summer snow in 358 AD on same spot.,Snowstorm planned outside #Rome's St Mary Major tonight - annual occasion artificial snow remembering summer snow in 358 AD on same spot.,snowstorm planned outside rome st mary major tonight annual occasion artificial snow remembering summer snow NUMBER ad spot,Snowstorm planned outside #Rome's St Mary Major tonight - annual occasion artificial snow remembering summer snow in 358 AD on same spot.,snowstorm,Italy,Not disaster-related,0.8018,0.008005667477846146,0.9218176603317261,0.0701766386628151,Neutral,0.06217097118496895,0.9218176603317261
778253772,6.2936E+17,"If you've got it flaunt it! 
Unless you've got an awful lot of it...then please don't.",If you've got it flaunt it! Unless you've got an awful lot of it...then please don't.,got flaunt unless got awful lot please,If you've got it flaunt it! Unless you've got an awful lot of it...then please don't.,storm,Mackem in Bolton,Not disaster-related,1.0,0.33498087525367737,0.36470046639442444,0.30031871795654297,Neutral,-0.0346621572971344,0.36470046639442444
778253774,6.29361E+17,The Secrets Of The Storm Vortex The Lightning Catcher Book Û_ : http://t.co/OIyWrzL79Z .,The Secrets Of The Storm Vortex The Lightning Catcher Book Û_ : http://t.co/OIyWrzL79Z .,secret storm vortex lightning catcher book URL,The Secrets Of The Storm Vortex The Lightning Catcher Book Û_ : http .,storm,Unknown,Not disaster-related,0.8012,0.014970461837947369,0.9507930874824524,0.0342363603413105,Neutral,0.019265898503363132,0.9507930874824524
778253776,6.2936E+17,The Florence Regional Airport Director says no major damage at airport from yesterday's storm. No evacuations and no blown out windows.,The Florence Regional Airport Director says no major damage at airport from yesterday's storm. No evacuations and no blown out windows.,florence regional airport director say major damage airport yesterday storm evacuation blown window,The Florence Regional Airport Director says no major damage at airport from yesterday's storm. No evacuations and no blown out windows.,storm,"Florence, SC",Disaster-related,1.0,0.07925277948379517,0.80840665102005,0.1123405322432518,Neutral,0.033087752759456635,0.80840665102005
778253781,6.29361E+17,Nike Golf Storm Fit Golf Jacket Black Medium http://t.co/jvAI5Vkmsy: #SportingGoods http://t.co/Nr8JjmpmoS,Nike Golf Storm Fit Golf Jacket Black Medium http://t.co/jvAI5Vkmsy: #SportingGoods http://t.co/Nr8JjmpmoS,nike golf storm fit golf jacket black medium URL sportinggoods URL,Nike Golf Storm Fit Golf Jacket Black Medium http #SportingGoods http,storm,Unknown,Not disaster-related,0.7982,0.005212440621107817,0.8493854403495789,0.14540202915668488,Neutral,0.14018958853557706,0.8493854403495789
778253799,6.2936E+17,Aurora Prediction: Kp: 3.33(11:16) 4.67(14:16) AK (earth 2.00) 75% Status: Low Storm,Aurora Prediction: Kp: 3.33(11:16) 4.67(14:16) AK (earth 2.00) 75% Status: Low Storm,aurora prediction kp NUMBER NUMBER NUMBER NUMBER NUMBER NUMBER ak earth NUMBER NUMBER status low storm,Aurora Prediction: Kp: 3.33(11:16) 4.67(14:16) AK (earth 2.00) 75% Status: Low Storm,storm,Fairbanks Alaska,Not disaster-related,0.67,0.023863675072789192,0.9170312881469727,0.05910501256585121,Neutral,0.03524133749306202,0.9170312881469727
778253806,6.29361E+17,Man united is not just about playing football like he did back at Spain its about passion courage and endurance to ride the storm.,Man united is not just about playing football like he did back at Spain its about passion courage and endurance to ride the storm.,man united playing football like back spain passion courage endurance ride storm,Man united is not just about playing football like he did back at Spain its about passion courage and endurance to ride the storm.,storm,Oman,Not disaster-related,1.0,0.04414640739560127,0.4666995406150818,0.48915401101112366,Positive,0.4450076036155224,0.48915401101112366
778253812,6.29044E+17,Free Ebay Sniping RT? http://t.co/B231Ul1O1K Lumbar Extender Back Stretcher Excellent Condition!! ?Please Favorite &amp; Share,Free Ebay Sniping RT? http://t.co/B231Ul1O1K Lumbar Extender Back Stretcher Excellent Condition!! ?Please Favorite & Share,free ebay sniping rt URL lumbar extender back stretcher excellent condition please favorite share,Free Ebay Sniping RT? http Lumbar Extender Back Stretcher Excellent Condition!! ?Please Favorite & Share,stretcher,Unknown,Not disaster-related,1.0,0.0023170739877969027,0.06296698749065399,0.9347159266471863,Positive,0.9323988526593894,0.9347159266471863
778253819,6.29071E+17,How to restore vinyl siding and make it look new again http://t.co/MHL7Pfr7kb http://t.co/lou8lbLA1f,How to restore vinyl siding and make it look new again http://t.co/MHL7Pfr7kb http://t.co/lou8lbLA1f,restore vinyl siding make look new URL URL,How to restore vinyl siding and make it look new again http http,stretcher,Florida,Not disaster-related,1.0,0.007614657748490572,0.5102077126502991,0.48217758536338806,Neutral,0.4745629276148975,0.5102077126502991
778253824,6.29032E+17,NO WAYS!!! A video for 'Stretcher'?!  @Ofentse_Tsie,NO WAYS!!! A video for 'Stretcher'?! @Ofentse_Tsie,way video USER,NO WAYS!!! A video for 'Stretcher'?! @user,stretcher,In a crazy genius mind,Not disaster-related,1.0,0.4340788424015045,0.4418535530567169,0.12406763434410095,Neutral,-0.31001120805740356,0.4418535530567169
778253825,6.29042E+17,*New!* Stretcher in 5 min https://t.co/q5MDsNbCMh (by FUJIWARA Shunichiro 2015-08-05) [Technology],*New!* Stretcher in 5 min https://t.co/q5MDsNbCMh (by FUJIWARA Shunichiro 2015-08-05) [Technology],new stretcher NUMBER min URL fujiwara shunichiro NUMBER NUMBER NUMBER technology,*New!* Stretcher in 5 min http (by FUJIWARA Shunichiro 2015-08-05) [Technology],stretcher,hatena bookmark,Not disaster-related,0.7994,0.004718187730759382,0.8796831369400024,0.11559873074293137,Neutral,0.11088054301217198,0.8796831369400024
778253827,6.29071E+17,"How to Freeze Fruits and Veggies
http://t.co/MET0mtpr3S",How to Freeze Fruits and Veggies http://t.co/MET0mtpr3S,freeze fruit veggie URL,How to Freeze Fruits and Veggies http,stretcher,Unknown,Not disaster-related,1.0,0.028562771156430244,0.894265353679657,0.07717177271842957,Neutral,0.04860900156199932,0.894265353679657
778253829,6.29041E+17,@TheJasonTaylorR *EMS tries to stablize me and put me on a stretcher*,@TheJasonTaylorR *EMS tries to stablize me and put me on a stretcher*,USER em try stablize put stretcher,@user *EMS tries to stablize me and put me on a stretcher*,stretcher,"Seattle, WA",Not disaster-related,0.6024,0.8020073771476746,0.1869066208600998,0.01108601875603199,Negative,-0.7909213583916426,0.8020073771476746
778253841,6.29101E+17,I should have known better than to think I'd get anything done after a 2 hour capoeira class. Stretcher-bearer!,I should have known better than to think I'd get anything done after a 2 hour capoeira class. Stretcher-bearer!,known better think get anything done NUMBER hour capoeira class,I should have known better than to think I'd get anything done after a 2 hour capoeira class. Stretcher-bearer!,stretcher,"Asheville, NC",Not disaster-related,0.7994,0.7963883876800537,0.1635279357433319,0.04008364677429199,Negative,-0.7563047409057617,0.7963883876800537
778253843,6.29056E+17,@Grazed @invalid @Stretcher @Rexyy @Towel 'Ben favorited',@Grazed @invalid @Stretcher @Rexyy @Towel 'Ben favorited',USER USER USER USER USER favorited,@user @user @user @user @user 'Ben favorited',stretcher,Taylor Swift,Not disaster-related,0.7968,0.019870327785611153,0.9063916206359863,0.07373805344104767,Neutral,0.053867725655436516,0.9063916206359863
778253868,6.2609E+17,NTSB: Virgin Galactic crash caused by structural failure triggered when brakes unlocked early http://t.co/MgIG4uX7DM Û_,NTSB: Virgin Galactic crash caused by structural failure triggered when brakes unlocked early http://t.co/MgIG4uX7DM Û_,ntsb virgin galactic crash caused structural failure triggered brake unlocked early URL,NTSB: Virgin Galactic crash caused by structural failure triggered when brakes unlocked early http Û_,structural failure,United States,Disaster-related,1.0,0.7238836288452148,0.2683813273906708,0.007735011633485556,Negative,-0.7161486172117293,0.7238836288452148
778253882,6.28808E+17,Rightways: Building structural integrity &amp; failure: inspections damages defects testing  repair http://t.co/vz1irH0Nmm via @rightwaystan,Rightways: Building structural integrity & failure: inspections damages defects testing repair http://t.co/vz1irH0Nmm via @rightwaystan,rightways building structural integrity failure inspection damage defect testing repair URL via USER,Rightways: Building structural integrity & failure: inspections damages defects testing repair http via @user,structural failure,Asia,Disaster-related,0.6024,0.3711603581905365,0.6048153638839722,0.024024318903684616,Neutral,-0.3471360392868519,0.6048153638839722
778253888,6.26875E+17,Can You Afford Structural Failure? http://t.co/X3mKNITh7K,Can You Afford Structural Failure? http://t.co/X3mKNITh7K,afford structural failure URL,Can You Afford Structural Failure? http,structural failure,"BurBank, CA",Not disaster-related,1.0,0.5094302296638489,0.4698774218559265,0.020692389458417892,Negative,-0.488737840205431,0.5094302296638489
778253911,6.28969E+17,@FoxNewsInsider All Obama is doing is giving a false time schedule on Iran testing there first bomb      Bomb = Nuclear Suicide Vest,@FoxNewsInsider All Obama is doing is giving a false time schedule on Iran testing there first bomb Bomb = Nuclear Suicide Vest,USER obama giving false time schedule iran testing first bomb bomb nuclear suicide vest,@user All Obama is doing is giving a false time schedule on Iran testing there first bomb Bomb = Nuclear Suicide Vest,suicide bomb,Unknown,Not disaster-related,0.6004,0.8495877981185913,0.14351896941661835,0.006893273442983627,Negative,-0.8426945246756077,0.8495877981185913
778253912,6.29013E+17,If you ever think you running out of choices in life rembr there's that kid that has no choice but wear a suicide bomb vest,If you ever think you running out of choices in life rembr there's that kid that has no choice but wear a suicide bomb vest,ever think running choice life rembr kid choice wear suicide bomb vest,If you ever think you running out of choices in life rembr there's that kid that has no choice but wear a suicide bomb vest,suicide bomb,Roadside,Not disaster-related,0.7964,0.6368932723999023,0.337371289730072,0.025735408067703247,Negative,-0.6111578643321991,0.6368932723999023
778253922,6.28878E+17,Pic of 16yr old PKK suicide bomber who detonated bomb in Turkey Army trench released http://t.co/VtVXa0Srmw http://t.co/Qq70Gf99ba,Pic of 16yr old PKK suicide bomber who detonated bomb in Turkey Army trench released http://t.co/VtVXa0Srmw http://t.co/Qq70Gf99ba,pic old pkk suicide bomber detonated bomb turkey army trench released URL URL,Pic of 16yr old PKK suicide bomber who detonated bomb in Turkey Army trench released http http,suicide bomb,WorldWide,Disaster-related,1.0,0.3989565968513489,0.5886923670768738,0.01235107146203518,Neutral,-0.3866055253893137,0.5886923670768738
778253929,6.28637E+17,#GRupdates Pic of 16yr old PKK suicide bomber who detonated bomb in Turkey Army trench released --&gt;... http://t.co/hUCyI6NRbB,#GRupdates Pic of 16yr old PKK suicide bomber who detonated bomb in Turkey Army trench released -->... http://t.co/hUCyI6NRbB,grupdates pic old pkk suicide bomber detonated bomb turkey army trench released URL,#GRupdates Pic of 16yr old PKK suicide bomber who detonated bomb in Turkey Army trench released -->... http,suicide bomb,Nigeria,Disaster-related,1.0,0.25587013363838196,0.7314769625663757,0.01265291590243578,Neutral,-0.24321721773594618,0.7314769625663757
778253937,6.2892E+17,11 soldiers killed in ISIS suicide bomb in air base east Homs SYRIA NEWS | ZAMAN ALWSL  - http://t.co/V8juC5eK1A  #ISIS #Homs,11 soldiers killed in ISIS suicide bomb in air base east Homs SYRIA NEWS | ZAMAN ALWSL - http://t.co/V8juC5eK1A #ISIS #Homs,NUMBER soldier killed isi suicide bomb air base east homs syria news zaman alwsl URL isi homs,11 soldiers killed in ISIS suicide bomb in air base east Homs SYRIA NEWS | ZAMAN ALWSL - http #ISIS #Homs,suicide bomb,Homs- Syria,Disaster-related,1.0,0.7238776683807373,0.26867684721946716,0.007445461582392454,Negative,-0.7164322067983449,0.7238776683807373
778253964,6.29354E+17,Suicide bomber kills 15 in Saudi security site mosque http://t.co/AxhcLfErSU,Suicide bomber kills 15 in Saudi security site mosque http://t.co/AxhcLfErSU,suicide bomber kill NUMBER saudi security site mosque URL,Suicide bomber kills 15 in Saudi security site mosque http,suicide bomber,Unknown,Disaster-related,1.0,0.7700620889663696,0.2215491682291031,0.008388771675527096,Negative,-0.7616733172908425,0.7700620889663696
778253989,6.29354E+17,#?? #?? #??? #??? Suicide bomber kills 15 in Saudi security site mosque - Reuters  http://t.co/LgpNe5HkaO,#?? #?? #??? #??? Suicide bomber kills 15 in Saudi security site mosque - Reuters http://t.co/LgpNe5HkaO,suicide bomber kill NUMBER saudi security site mosque reuters URL,#?? #?? #??? #??? Suicide bomber kills 15 in Saudi security site mosque - Reuters http,suicide bomber,Unknown,Disaster-related,1.0,0.8595234155654907,0.13537508249282837,0.005101548507809639,Negative,-0.8544218670576811,0.8595234155654907
778254015,6.28668E+17,"Suicide bombing for Da'esh is (rightly) despicable. Suicide bombing for Ocalan/ Marxism?

= They share 'our values'. https://t.co/Gs0km0vlgk",Suicide bombing for Da'esh is (rightly) despicable. Suicide bombing for Ocalan/ Marxism? = They share 'our values'. https://t.co/Gs0km0vlgk,suicide bombing rightly despicable suicide bombing marxism share value URL,Suicide bombing for Da'esh is (rightly) despicable. Suicide bombing for Ocalan/ Marxism? = They share 'our values'. http,suicide bombing,England,Disaster-related,1.0,0.896146297454834,0.09830806404352188,0.005545592866837978,Negative,-0.890600704587996,0.896146297454834
778254025,6.28858E+17,'Suicide bombing at [location named]...' #premonitions http://t.co/iIkSsJGBDn,'Suicide bombing at [location named]...' #premonitions http://t.co/iIkSsJGBDn,bombing location named premonition URL,'Suicide bombing at [location named]...' #premonitions http,suicide bombing,Unknown,Disaster-related,1.0,0.7619950175285339,0.23230892419815063,0.005695972591638565,Negative,-0.7562990449368954,0.7619950175285339
778254036,6.28981E+17,@RayquazaErk There are Christian terrorists to be sure but I don't suicide bombing is employed often as it is in Islamic groups.,@RayquazaErk There are Christian terrorists to be sure but I don't suicide bombing is employed often as it is in Islamic groups.,USER christian terrorist sure suicide bombing employed often islamic group,@user There are Christian terrorists to be sure but I don't suicide bombing is employed often as it is in Islamic groups.,suicide bombing,Principality of Zeron,Disaster-related,0.5994,0.5543985366821289,0.43103691935539246,0.014564565382897854,Negative,-0.539833971299231,0.5543985366821289
778254044,6.28465E+17,Erdogan's Bloody Gambit: on July 20 a suicide bombing in Turkey took the lives of 31 socialists in SuruÌ¤ http://t.co/z6xAUIDRXu @Shareaholic,Erdogan's Bloody Gambit: on July 20 a suicide bombing in Turkey took the lives of 31 socialists in SuruÌ¤ http://t.co/z6xAUIDRXu @Shareaholic,erdogan bloody gambit july NUMBER suicide bombing turkey took life NUMBER socialist URL USER,Erdogan's Bloody Gambit: on July 20 a suicide bombing in Turkey took the lives of 31 socialists in SuruÌ¤ http @user,suicide bombing,Australia,Disaster-related,1.0,0.8701643347740173,0.12494784593582153,0.0048878733068704605,Negative,-0.8652764614671469,0.8701643347740173
778254047,6.29006E+17,YAOUNDE Cameroon (AP) ÛÓ Authorities have ordered the closure of mosques and Islamic schools following a series of suicide bombing attacks,YAOUNDE Cameroon (AP) ÛÓ Authorities have ordered the closure of mosques and Islamic schools following a series of suicide bombing attacks,yaounde cameroon ap ûó authority ordered closure mosque islamic school following series suicide bombing attack,YAOUNDE Cameroon (AP) ÛÓ Authorities have ordered the closure of mosques and Islamic schools following a series of suicide bombing attacks,suicide bombing,Unknown,Disaster-related,1.0,0.8369365334510803,0.1578696072101593,0.005193842109292746,Negative,-0.8317426913417876,0.8369365334510803
778254060,6.29053E+17,why wasn't this warship sunk?      CNN: First on CNN: Iranian warship points weapon at U.S. helicopter official says http://t.co/hfZk09McEN,why wasn't this warship sunk? CNN: First on CNN: Iranian warship points weapon at U.S. helicopter official says http://t.co/hfZk09McEN,warship sunk cnn first cnn iranian warship point weapon helicopter official say URL,why wasn't this warship sunk? CNN: First on CNN: Iranian warship points weapon at U.S. helicopter official says http,sunk,mainly California,Disaster-related,0.6003,0.35533764958381653,0.6314681768417358,0.013194140046834946,Neutral,-0.3421435095369816,0.6314681768417358
778254063,6.2904E+17,Managed to shuffle over to the bed. Butterflies swarmed in the pit of her belly at @VengefulKnave's offer. Her canines sunk into her lower++,Managed to shuffle over to the bed. Butterflies swarmed in the pit of her belly at @VengefulKnave's offer. Her canines sunk into her lower++,managed shuffle bed butterfly swarmed pit belly USER offer canine sunk,Managed to shuffle over to the bed. Butterflies swarmed in the pit of her belly at @user's offer. Her canines sunk into her lower++,sunk,{Daughter of Ares} {Eighteen},Not disaster-related,0.5946,0.14262261986732483,0.7712342143058777,0.08614326268434525,Neutral,-0.056479357182979584,0.7712342143058777
778254067,6.29086E+17,Aquarium Ornament Wreck Sailing Boat Sunk Ship Destroyer Fish Tank Cave Decor - Full read Û_ http://t.co/kNCm9jC8i9 http://t.co/swviAZSPHk,Aquarium Ornament Wreck Sailing Boat Sunk Ship Destroyer Fish Tank Cave Decor - Full read Û_ http://t.co/kNCm9jC8i9 http://t.co/swviAZSPHk,aquarium ornament wreck sailing boat sunk ship destroyer fish tank cave decor full read URL URL,Aquarium Ornament Wreck Sailing Boat Sunk Ship Destroyer Fish Tank Cave Decor - Full read Û_ http http,sunk,New York,Disaster-related,0.8012,0.020648576319217682,0.9511106014251709,0.028240879997611046,Neutral,0.007592303678393364,0.9511106014251709
778254082,6.29058E+17,It still hasn't sunk in that I've actually met my Idol ????,It still hasn't sunk in that I've actually met my Idol ????,still sunk actually met idol,It still hasn't sunk in that I've actually met my Idol ????,sunk,"London, England",Not disaster-related,0.606,0.24565492570400238,0.5472936034202576,0.20705148577690125,Neutral,-0.038603439927101135,0.5472936034202576
778254087,6.2904E+17,@time4me_sews I know! It still hasn't quite sunk in :D,@time4me_sews I know! It still hasn't quite sunk in :D,USER know still quite sunk,@user I know! It still hasn't quite sunk in :D,sunk,Unknown,Not disaster-related,1.0,0.036098912358284,0.3342432677745819,0.6296577453613281,Positive,0.5935588330030441,0.6296577453613281
778254094,6.29043E+17,Aquarium Ornament Wreck Sailing Boat Sunk Ship Destroyer Fish Tank Cave Decor - Full read Û_ http://t.co/nosA8JJjiN http://t.co/WUKvdavUJu,Aquarium Ornament Wreck Sailing Boat Sunk Ship Destroyer Fish Tank Cave Decor - Full read Û_ http://t.co/nosA8JJjiN http://t.co/WUKvdavUJu,aquarium ornament wreck sailing boat sunk ship destroyer fish tank cave decor full read URL URL,Aquarium Ornament Wreck Sailing Boat Sunk Ship Destroyer Fish Tank Cave Decor - Full read Û_ http http,sunk,New York,Disaster-related,0.5724,0.020648576319217682,0.9511106014251709,0.028240879997611046,Neutral,0.007592303678393364,0.9511106014251709
778254100,6.29046E+17,Think it's actually sunk in that we've left school ??????????,Think it's actually sunk in that we've left school ??????????,think actually sunk left school,Think it's actually sunk in that we've left school ??????????,sunk,sarah's dreads,Not disaster-related,0.5952,0.30010971426963806,0.6321514248847961,0.0677388608455658,Neutral,-0.23237085342407227,0.6321514248847961
778254114,6.2911E+17,I have my final tomorrow ?????? . Ish is stressful  but I'll survive,I have my final tomorrow ?????? . Ish is stressful but I'll survive,final tomorrow ish stressful survive,I have my final tomorrow ?????? . Ish is stressful but I'll survive,survive,Unknown,Not disaster-related,1.0,0.7956851124763489,0.17873510718345642,0.025579800829291344,Negative,-0.7701053116470575,0.7956851124763489
778254118,6.2911E+17,How to Survive in the Markets http://t.co/LnzI7o166Y #oil #investing #money #trading #forex #gold #silver #business http://t.co/TmpFWjPI6I,How to Survive in the Markets http://t.co/LnzI7o166Y #oil #investing #money #trading #forex #gold #silver #business http://t.co/TmpFWjPI6I,survive market URL oil investing money trading forex gold silver business URL,How to Survive in the Markets http #oil #investing #money #trading #forex #gold #silver #business http,survive,Unknown,Not disaster-related,0.7994,0.014272158965468407,0.796169638633728,0.1895582228899002,Neutral,0.1752860639244318,0.796169638633728
778254124,6.2911E+17,You deserve love but a queen don't need a king to survive??,You deserve love but a queen don't need a king to survive??,deserve love queen need king survive,You deserve love but a queen don't need a king to survive??,survive,Unknown,Not disaster-related,0.7982,0.235010027885437,0.6348085403442383,0.13018138706684113,Neutral,-0.10482864081859589,0.6348085403442383
778254131,6.2911E+17,We learn and grow and become stronger as we face and survive the trials through which we must pass. #ThomasSMonson #LDS #Mormon,We learn and grow and become stronger as we face and survive the trials through which we must pass. #ThomasSMonson #LDS #Mormon,learn grow become stronger face survive trial must pas thomassmonson lds mormon,We learn and grow and become stronger as we face and survive the trials through which we must pass. #ThomasSMonson #LDS #Mormon,survive,United States,Not disaster-related,1.0,0.01116227637976408,0.39596545696258545,0.5928722620010376,Positive,0.5817099856212735,0.5928722620010376
778254138,6.2911E+17,16 Stylishly Unique Houses That Might Help You Survive the Zombie Apocalypse | http://t.co/AU3DBCI7nf http://t.co/BOvJRF62T7,16 Stylishly Unique Houses That Might Help You Survive the Zombie Apocalypse | http://t.co/AU3DBCI7nf http://t.co/BOvJRF62T7,NUMBER stylishly unique house might help survive zombie apocalypse URL URL,16 Stylishly Unique Houses That Might Help You Survive the Zombie Apocalypse | http http,survive,Unknown,Not disaster-related,1.0,0.007763782516121864,0.5692108273506165,0.42302536964416504,Neutral,0.4152615871280432,0.5692108273506165
778254141,6.29111E+17,in this game you and candy and friends attack in the pizzeria your mission survive the night,in this game you and candy and friends attack in the pizzeria your mission survive the night,game candy friend attack pizzeria mission survive night,in this game you and candy and friends attack in the pizzeria your mission survive the night,survive,Unknown,Not disaster-related,0.7964,0.007429389748722315,0.551313042640686,0.4412575960159302,Neutral,0.43382820626720786,0.551313042640686
778254164,6.29354E+17,Even when I was a kid haha super late but folks used to bash me for that shit I understand he survived cancer but he still cheated,Even when I was a kid haha super late but folks used to bash me for that shit I understand he survived cancer but he still cheated,even kid haha super late folk used bash shit understand survived cancer still cheated,Even when I was a kid haha super late but folks used to bash me for that shit I understand he survived cancer but he still cheated,survived,"Brentwood,TN",Not disaster-related,1.0,0.8862269520759583,0.10510727763175964,0.008665780536830425,Negative,-0.8775611715391278,0.8862269520759583
778254177,6.29348E+17,Bucket list checked 3 hours of sleep in 2 days with 3 presentations on the second day and survived ??,Bucket list checked 3 hours of sleep in 2 days with 3 presentations on the second day and survived ??,bucket list checked NUMBER hour sleep NUMBER day NUMBER presentation second day survived,Bucket list checked 3 hours of sleep in 2 days with 3 presentations on the second day and survived ??,survived,Singapore,Not disaster-related,0.5994,0.026406768709421158,0.6973581314086914,0.2762351334095001,Neutral,0.24982836470007896,0.6973581314086914
778254195,6.29349E+17,I Survived A 12-Step Program for Sex Addiction - http://t.co/xsX26oo16s,I Survived A 12-Step Program for Sex Addiction - http://t.co/xsX26oo16s,survived NUMBER program sex addiction URL,I Survived A 12-Step Program for Sex Addiction - http,survived,Reading a romance novel,Not disaster-related,0.8038,0.009279405698180199,0.3764175772666931,0.6143029928207397,Positive,0.6050235871225595,0.6143029928207397
778254212,6.29078E+17,Haunting memories drawn by survivors http://t.co/a4H2e5xhiK via CNN,Haunting memories drawn by survivors http://t.co/a4H2e5xhiK via CNN,haunting memory drawn survivor URL via cnn,Haunting memories drawn by survivors http via CNN,survivors,"Dubai, UAE",Disaster-related,0.5964,0.2878974676132202,0.6914718747138977,0.02063073217868805,Neutral,-0.26726673543453217,0.6914718747138977
778254215,6.29085E+17,"Tricycle toddler atomic bomb
http://t.co/ljeRYHItwh In a fraction of a second Our decisions change the landscape of humanity.",Tricycle toddler atomic bomb http://t.co/ljeRYHItwh In a fraction of a second Our decisions change the landscape of humanity.,tricycle toddler atomic bomb URL fraction second decision change landscape humanity,Tricycle toddler atomic bomb http In a fraction of a second Our decisions change the landscape of humanity.,survivors,Unknown,Disaster-related,0.7952,0.07565788179636002,0.7136353850364685,0.2107066810131073,Neutral,0.13504879921674728,0.7136353850364685
778254227,6.29083E+17,See the comment from @yogal700 on @thejournal_ie:LÌä Niamh leads search for survivors of capsized migrant boat.... http://t.co/TAKgauQ6pd,See the comment from @yogal700 on @thejournal_ie:LÌä Niamh leads search for survivors of capsized migrant boat.... http://t.co/TAKgauQ6pd,see comment USER USER lìä niamh lead search survivor capsized migrant boat URL,See the comment from @user on @user:LÌä Niamh leads search for survivors of capsized migrant boat.... http,survivors,"Carlow, Ireland",Disaster-related,0.8012,0.029863299801945686,0.9362610578536987,0.03387556970119476,Neutral,0.004012269899249077,0.9362610578536987
778254231,6.29076E+17,As Anniversary Nears Atomic Bomb Survivors Speak Out Against Nuclear Power | Common Dreams  http://t.co/n8f2dXVduD,As Anniversary Nears Atomic Bomb Survivors Speak Out Against Nuclear Power | Common Dreams http://t.co/n8f2dXVduD,anniversary nears atomic bomb survivor speak nuclear power common dream URL,As Anniversary Nears Atomic Bomb Survivors Speak Out Against Nuclear Power | Common Dreams http,survivors,"Bangkok, Thailand.",Disaster-related,1.0,0.24560712277889252,0.7334228157997131,0.020970020443201065,Neutral,-0.22463710233569145,0.7334228157997131
778254245,6.2908E+17,@TheNerdsofColor @GeorgeTakei narrates our new doc about #Hiroshima WWII bombing and survivors tales. Check it out http://t.co/33RfRc7ZqT,@TheNerdsofColor @GeorgeTakei narrates our new doc about #Hiroshima WWII bombing and survivors tales. Check it out http://t.co/33RfRc7ZqT,USER USER narrates new doc hiroshima wwii bombing survivor tale check URL,@user @user narrates our new doc about #Hiroshima WWII bombing and survivors tales. Check it out http,survivors,"Hollywood, CA",Disaster-related,1.0,0.0072951423935592175,0.8905777931213379,0.1021270826458931,Neutral,0.09483194025233388,0.8905777931213379
778254248,6.29085E+17,@FedPorn I feel your pain. Survivors will look back on this period as most absurd in human history. Satire indistinguishable from reality.,@FedPorn I feel your pain. Survivors will look back on this period as most absurd in human history. Satire indistinguishable from reality.,USER feel pain survivor look back period absurd human history satire indistinguishable reality,@user I feel your pain. Survivors will look back on this period as most absurd in human history. Satire indistinguishable from reality.,survivors,"Berlin, NY, DC, Malibu",Disaster-related,0.8017,0.933184802532196,0.06098233535885811,0.00583283556625247,Negative,-0.9273519669659436,0.933184802532196
778254252,6.29077E+17,People with netflix there's a really good documentary about Hiroshima narrated by John Hurt. 2 Parter that interviews Pilots + Survivors.,People with netflix there's a really good documentary about Hiroshima narrated by John Hurt. 2 Parter that interviews Pilots + Survivors.,people netflix really good documentary hiroshima narrated john hurt NUMBER parter interview pilot survivor,People with netflix there's a really good documentary about Hiroshima narrated by John Hurt. 2 Parter that interviews Pilots + Survivors.,survivors,Upstairs.,Not disaster-related,0.7976,0.004101183265447617,0.11882936954498291,0.8770694732666016,Positive,0.872968290001154,0.8770694732666016
778254269,6.291E+17,Woman sneaks into airplane cockpit; terrorism not suspected http://t.co/1W58Ehv9S1 http://t.co/p8Ih0hni3l,Woman sneaks into airplane cockpit; terrorism not suspected http://t.co/1W58Ehv9S1 http://t.co/p8Ih0hni3l,woman sneak airplane cockpit terrorism suspected URL URL,Woman sneaks into airplane cockpit; terrorism not suspected http http,terrorism,"Salt Lake City, UT",Disaster-related,0.6013,0.47022107243537903,0.5181525945663452,0.011626317165791988,Neutral,-0.45859475526958704,0.5181525945663452
778254274,6.291E+17,Cross-border terrorism: Pakistan caught red-handed again http://t.co/uDj50J3MV4,Cross-border terrorism: Pakistan caught red-handed again http://t.co/uDj50J3MV4,terrorism pakistan caught URL,Cross-border terrorism: Pakistan caught red-handed again http,terrorism,"New Jersey, USA",Disaster-related,1.0,0.67400723695755,0.3156152367591858,0.01037752628326416,Negative,-0.6636297106742859,0.67400723695755
778254277,6.291E+17,Online Homeland security: An Appraisal of #PakistanÛªs #Anti-Terrorism #Act http://t.co/aeRU3nStpN,Online Homeland security: An Appraisal of #Pakistan Ûªs #Anti-Terrorism #Act http://t.co/aeRU3nStpN,online homeland security appraisal pakistan ûªs act URL,Online Homeland security: An Appraisal of #Pakistan Ûªs #Anti-Terrorism #Act http,terrorism,??????,Not disaster-related,0.8309,0.03857933729887009,0.896592378616333,0.0648282840847969,Neutral,0.02624894678592682,0.896592378616333
778254278,6.291E+17,DireTube Information ÛÒ Egypt Cyprus and Greece agreed to fightåÊterrorism http://t.co/V6IjxCCD2I http://t.co/YSXhFWMGOD,DireTube Information ÛÒ Egypt Cyprus and Greece agreed to fightåÊterrorism http://t.co/V6IjxCCD2I http://t.co/YSXhFWMGOD,diretube information ûò egypt cyprus greece agreed fightåêterrorism URL URL,DireTube Information ÛÒ Egypt Cyprus and Greece agreed to fightåÊterrorism http http,terrorism,Unknown,Disaster-related,0.4006,0.018213478848338127,0.9081338047981262,0.07365281134843826,Neutral,0.055439332500100136,0.9081338047981262
778254284,6.291E+17,DHS Refuses to Call Chattanooga Û÷Islamic TerrorismÛª out of respect for MUSLIMS ... http://t.co/u8RGB51d22 via @po_st http://t.co/2tnu95VGFE,DHS Refuses to Call Chattanooga Û÷Islamic Terrorism Ûª out of respect for MUSLIMS ... http://t.co/u8RGB51d22 via @po_st http://t.co/2tnu95VGFE,dhs refuse call chattanooga terrorism ûª respect muslim URL via USER URL,DHS Refuses to Call Chattanooga Û÷Islamic Terrorism Ûª out of respect for MUSLIMS ... http via @user http,terrorism,Unknown,Disaster-related,1.0,0.4073348641395569,0.5810372829437256,0.011627894826233387,Neutral,-0.3957069693133235,0.5810372829437256
778254292,6.29098E+17,@AdamNibloe Arrest report: Affiliation with Terrorism,@AdamNibloe Arrest report: Affiliation with Terrorism,USER arrest report affiliation terrorism,@user Arrest report: Affiliation with Terrorism,terrorism,"toronto, ontario",Disaster-related,1.0,0.20510822534561157,0.7841562032699585,0.010735605843365192,Neutral,-0.19437261950224638,0.7841562032699585
778254301,6.291E+17,@Daggy1 Maybe reagan giving weapons to Iran's regime in the 1980s is terrorism no?,@Daggy1 Maybe reagan giving weapons to Iran's regime in the 1980s is terrorism no?,USER maybe reagan giving weapon iran regime terrorism,@user Maybe reagan giving weapons to Iran's regime in the 1980s is terrorism no?,terrorism,Unknown,Disaster-related,0.7964,0.5815102458000183,0.4097673296928406,0.00872244592756033,Negative,-0.572787799872458,0.5815102458000183
778254313,6.29356E+17,@OfficialMqm you are terrorist,@OfficialMqm you are terrorist,USER terrorist,@user you are terrorist,terrorist,peshawar pakistan,Not disaster-related,1.0,0.9019052386283875,0.09053032845258713,0.007564414758235216,Negative,-0.8943408238701522,0.9019052386283875
778254328,6.29353E+17,Anyone missing their license plate? Two stolen ones found on terrorist's car... http://t.co/CWGCciw3V6,Anyone missing their license plate? Two stolen ones found on terrorist's car... http://t.co/CWGCciw3V6,anyone missing license plate two stolen one found terrorist car URL,Anyone missing their license plate? Two stolen ones found on terrorist's car... http,terrorist,Loading...,Disaster-related,0.6675,0.5246888995170593,0.4656124413013458,0.009698661975562572,Negative,-0.5149902375414968,0.5246888995170593
778254336,6.29353E+17,Tltltltltlttlt @P_Grolsh: Ladies are doing gymnastics in the shower!!! Opening legs wider wololo #MetrofmTalk',Tltltltltlttlt @P_Grolsh: Ladies are doing gymnastics in the shower!!! Opening legs wider wololo #MetrofmTalk',tltltltltlttlt USER lady gymnastics shower opening leg wider wololo metrofmtalk,Tltltltltlttlt @user: Ladies are doing gymnastics in the shower!!! Opening legs wider wololo #MetrofmTalk',terrorist,Iraq|Afghanistan| RSA |Baghdad,Not disaster-related,0.597,0.013984843157231808,0.6657581925392151,0.3202570080757141,Neutral,0.3062721649184823,0.6657581925392151
778254337,6.29352E+17,@ShipsXAnchors IDEK HOW IS  THERE PEOPLE WHO ACTUALLY THINK HE'S A TERRORIST,@ShipsXAnchors IDEK HOW IS THERE PEOPLE WHO ACTUALLY THINK HE'S A TERRORIST,USER idek people actually think terrorist,@user IDEK HOW IS THERE PEOPLE WHO ACTUALLY THINK HE'S A TERRORIST,terrorist,Niall's arms,Not disaster-related,0.7991,0.8837162852287292,0.1060437560081482,0.010239953175187111,Negative,-0.8734763320535421,0.8837162852287292
778254338,6.29354E+17,You May Know Me from Such Roles as Terrorist #4 http://t.co/xImPncZXtH,You May Know Me from Such Roles as Terrorist #4 http://t.co/xImPncZXtH,may know role terrorist NUMBER URL,You May Know Me from Such Roles as Terrorist #4 http,terrorist,Canada,Not disaster-related,0.797,0.3867805004119873,0.5947018265724182,0.018517669290304184,Neutral,-0.3682628311216831,0.5947018265724182
778254340,6.29355E+17,@SwiftyCommissh @TaoistInsight @ImmortalTech Some jewish ppl agree tht Israel is a bully nd a terrorist state killin palestine kids nd women,@SwiftyCommissh @TaoistInsight @ImmortalTech Some jewish ppl agree tht Israel is a bully nd a terrorist state killin palestine kids nd women,USER USER USER jewish ppl agree tht israel bully nd terrorist state killin palestine kid nd woman,@user @user @user Some jewish ppl agree tht Israel is a bully nd a terrorist state killin palestine kids nd women,terrorist,proudly South African,Disaster-related,1.0,0.86822909116745,0.12661665678024292,0.005154217593371868,Negative,-0.8630748735740781,0.86822909116745
778254353,6.29355E+17,Okay #MetroFmTalk,Okay #MetroFmTalk,okay metrofmtalk,Okay #MetroFmTalk,terrorist,Iraq|Afghanistan| RSA |Baghdad,Not disaster-related,1.0,0.014436808414757252,0.8055757880210876,0.17998743057250977,Neutral,0.16555062215775251,0.8055757880210876
778254356,6.29353E+17,Isn't it ironic that on the anniversary of Hiroshima our current President is helping a terrorist nation acquire nuclear weapons. #TRAITOR,Isn't it ironic that on the anniversary of Hiroshima our current President is helping a terrorist nation acquire nuclear weapons. #TRAITOR,ironic anniversary hiroshima current president helping terrorist nation acquire nuclear weapon traitor,Isn't it ironic that on the anniversary of Hiroshima our current President is helping a terrorist nation acquire nuclear weapons. #TRAITOR,terrorist,Charleston S.C.,Disaster-related,1.0,0.9039034247398376,0.08758021146059036,0.008516304194927216,Negative,-0.8953871205449104,0.9039034247398376
778254359,6.29355E+17,Don't say @ALIPAPER: women got problems this #keepingtheviginaclean thing is very interesting n less expensive #metrofmtalk',Don't say @ALIPAPER: women got problems this #keepingtheviginaclean thing is very interesting n less expensive #metrofmtalk',say USER woman got problem keepingtheviginaclean thing interesting n less expensive metrofmtalk,Don't say @user: women got problems this #keepingtheviginaclean thing is very interesting n less expensive #metrofmtalk',terrorist,Iraq|Afghanistan| RSA |Baghdad,Not disaster-related,1.0,0.09335974603891373,0.44901105761528015,0.4576292037963867,Positive,0.364269457757473,0.4576292037963867
778254360,6.29123E+17,Build and share your own custom applications all within @ThreatConnect w/ TC Exchange  http://t.co/hRL4XNJ9K7 #infosec #DFIR #ThreatIntel,Build and share your own custom applications all within @ThreatConnect w/ TC Exchange http://t.co/hRL4XNJ9K7 #infosec #DFIR #ThreatIntel,build share custom application within USER tc exchange URL infosec dfir threatintel,Build and share your own custom applications all within @user w/ TC Exchange http #infosec #DFIR #ThreatIntel,threat,Everywhere,Not disaster-related,1.0,0.007414375431835651,0.8117380142211914,0.18084757030010223,Neutral,0.17343319486826658,0.8117380142211914
778254362,6.29123E+17,White Space Devices Pose Threat to Medical Devices Warns Lawmakers  http://t.co/kZ240R8qp9,White Space Devices Pose Threat to Medical Devices Warns Lawmakers http://t.co/kZ240R8qp9,white space device pose threat medical device warns lawmaker URL,White Space Devices Pose Threat to Medical Devices Warns Lawmakers http,threat,Unknown,Not disaster-related,0.5988,0.42302438616752625,0.5598717331886292,0.0171038880944252,Neutral,-0.40592049807310104,0.5598717331886292
778254365,6.29123E+17,Is this the end of AustraliaÛªs best burger? http://t.co/te5tDLyIMN via @newscomauHQ,Is this the end of Australia Ûªs best burger? http://t.co/te5tDLyIMN via @newscomauHQ,end australia ûªs best burger URL via USER,Is this the end of Australia Ûªs best burger? http via @user,threat,Unknown,Not disaster-related,0.6006,0.10421864688396454,0.7195162773132324,0.17626504600048065,Neutral,0.07204639911651611,0.7195162773132324
778254370,6.29123E+17,"Generational Û÷British schismÛª over privacy threat of drones http://t.co/dqtMTPqmBR
  #drones #privacy http://t.co/dMsnYPtscY",Generational Û÷British schism Ûª over privacy threat of drones http://t.co/dqtMTPqmBR #drones #privacy http://t.co/dMsnYPtscY,generational schism ûª privacy threat drone URL drone privacy URL,Generational Û÷British schism Ûª over privacy threat of drones http #drones #privacy http,threat,"London, UK",Not disaster-related,1.0,0.18639540672302246,0.7854000329971313,0.028204575181007385,Neutral,-0.15819083154201508,0.7854000329971313
778254371,6.29123E+17,Get access to the most extensive sources of threat information right out of the box. Then easily add your own internal intelligence. #BHUSA,Get access to the most extensive sources of threat information right out of the box. Then easily add your own internal intelligence. #BHUSA,get access extensive source threat information right box easily add internal intelligence bhusa,Get access to the most extensive sources of threat information right out of the box. Then easily add your own internal intelligence. #BHUSA,threat,"Arlington, VA",Not disaster-related,1.0,0.04654376953840256,0.6297729015350342,0.32368332147598267,Neutral,0.2771395519375801,0.6297729015350342
778254381,6.29354E+17,The worst part is seeing lightning and trying to guess when the thunder will crack,The worst part is seeing lightning and trying to guess when the thunder will crack,worst part seeing lightning trying guess thunder crack,The worst part is seeing lightning and trying to guess when the thunder will crack,thunder,"South Carolina, USA",Not disaster-related,0.5957,0.8670731782913208,0.1180957779288292,0.014831086620688438,Negative,-0.8522420916706324,0.8670731782913208
778254386,6.29356E+17,Okay maybe not as extreme as thunder and lightning but pretty much all other types! #FIFA16  https://t.co/ETuuYISLHw,Okay maybe not as extreme as thunder and lightning but pretty much all other types! #FIFA16 https://t.co/ETuuYISLHw,okay maybe extreme thunder lightning pretty much type URL,Okay maybe not as extreme as thunder and lightning but pretty much all other types! #FIFA16 http,thunder,London,Not disaster-related,0.7982,0.146921306848526,0.5750741362571716,0.27800452709198,Neutral,0.13108322024345398,0.5750741362571716
778254395,6.29355E+17,The one thing I like about here is thunder .. Heheh,The one thing I like about here is thunder .. Heheh,one thing like thunder heheh,The one thing I like about here is thunder .. Heheh,thunder,Unknown,Not disaster-related,1.0,0.004251315724104643,0.035980224609375,0.9597684741020203,Positive,0.9555171583779156,0.9597684741020203
778254406,6.29355E+17,I need a thunder buddy. ????,I need a thunder buddy. ????,need thunder buddy,I need a thunder buddy. ????,thunder,Journey,Not disaster-related,0.806,0.1917167603969574,0.6507789492607117,0.15750427544116974,Neutral,-0.03421248495578766,0.6507789492607117
778254425,6.29354E+17,@HaydnExists so glad i saved them all at once then didnÛªt want you stealing my thunder :P,@HaydnExists so glad i saved them all at once then didn Ûªt want you stealing my thunder :P,USER glad saved ûªt want stealing thunder p,@user so glad i saved them all at once then didn Ûªt want you stealing my thunder :P,thunder,gamertag: bexrayandvav,Disaster-related,0.8006,0.03954378142952919,0.140603169798851,0.8198530077934265,Positive,0.7803092263638973,0.8198530077934265
778254436,6.29119E+17,@RachelRofe tired it' 5:36 am. Woke up to a thunderstorm lightning and rain. How are you?,@RachelRofe tired it' 5:36 am. Woke up to a thunderstorm lightning and rain. How are you?,USER tired NUMBER NUMBER woke thunderstorm lightning rain,@user tired it' 5:36 am. Woke up to a thunderstorm lightning and rain. How are you?,thunderstorm,Unknown,Not disaster-related,0.5025,0.13909204304218292,0.8118921518325806,0.049015771597623825,Neutral,-0.0900762714445591,0.8118921518325806
778254438,6.29124E+17,NWS has Continued a Severe Thunderstorm Warning for Oklahoma-OK until 10:30 PM,NWS has Continued a Severe Thunderstorm Warning for Oklahoma-OK until 10:30 PM,nw continued severe thunderstorm warning NUMBER NUMBER pm,NWS has Continued a Severe Thunderstorm Warning for Oklahoma-OK until 10:30 PM,thunderstorm,"El Dorado, Arkansas",Disaster-related,1.0,0.09146153926849365,0.8716696500778198,0.036868833005428314,Neutral,-0.05459270626306534,0.8716696500778198
778254458,6.29118E+17,Falling asleep to the sounds to thousands of River Plate fans in the stadium and a thunderstorm. #VivaArgentina,Falling asleep to the sounds to thousands of River Plate fans in the stadium and a thunderstorm. #VivaArgentina,falling asleep sound thousand river plate fan stadium thunderstorm vivaargentina,Falling asleep to the sounds to thousands of River Plate fans in the stadium and a thunderstorm. #VivaArgentina,thunderstorm,Unknown,Not disaster-related,0.5994,0.22587382793426514,0.6553707122802734,0.11875542253255844,Neutral,-0.1071184054017067,0.6553707122802734
778254468,6.29118E+17,[HIGH PRIORITY] SEVERE THUNDERSTORM WATCH ENDED Issued for Lethbridge [Updated: Aug 05th 20:29 MDT] http://t.co/yqYiwjN8eZ,[HIGH PRIORITY] SEVERE THUNDERSTORM WATCH ENDED Issued for Lethbridge [Updated: Aug 05th 20:29 MDT] http://t.co/yqYiwjN8eZ,high priority severe thunderstorm watch ended issued lethbridge updated aug NUMBER NUMBER mdt URL,[HIGH PRIORITY] SEVERE THUNDERSTORM WATCH ENDED Issued for Lethbridge [Updated: Aug 05th 20:29 MDT] http,thunderstorm,"Lethbridge, Alberta, Canada",Disaster-related,1.0,0.0416194312274456,0.9233000874519348,0.0350804477930069,Neutral,-0.0065389834344387054,0.9233000874519348
778254469,6.2912E+17,A STRONG THUNDERSTORM WILL AFFECT CENTRAL HALIFAX COUNTY THROUGH 1145 PM EDT for Halifax [VA] till 11:45 PM EDT http://t.co/MjSTefgGU5,A STRONG THUNDERSTORM WILL AFFECT CENTRAL HALIFAX COUNTY THROUGH 1145 PM EDT for Halifax [VA] till 11:45 PM EDT http://t.co/MjSTefgGU5,strong thunderstorm affect central halifax county NUMBER pm edt halifax va till NUMBER NUMBER pm edt URL,A STRONG THUNDERSTORM WILL AFFECT CENTRAL HALIFAX COUNTY THROUGH 1145 PM EDT for Halifax [VA] till 11:45 PM EDT http,thunderstorm,Unknown,Disaster-related,1.0,0.027242526412010193,0.9391002655029297,0.03365716710686684,Neutral,0.006414640694856644,0.9391002655029297
778254480,6.29107E+17,Storm damage maybe a tornado near Chadbourn. See http://t.co/gAs4sS3dKS http://t.co/zlhVYArtCU,Storm damage maybe a tornado near Chadbourn. See http://t.co/gAs4sS3dKS http://t.co/zlhVYArtCU,storm damage maybe tornado near chadbourn see URL URL,Storm damage maybe a tornado near Chadbourn. See http http,tornado,"ÌÏT: 35.353272,-78.553744",Disaster-related,1.0,0.21704967319965363,0.7626720666885376,0.020278245210647583,Neutral,-0.19677142798900604,0.7626720666885376
778254483,6.29111E+17,Lily Xo is a sexy cowgirl out in the sticks http://t.co/qew4c5M1xd View and download video,Lily Xo is a sexy cowgirl out in the sticks http://t.co/qew4c5M1xd View and download video,lily xo sexy cowgirl stick URL view download video,Lily Xo is a sexy cowgirl out in the sticks http View and download video,tornado,Unknown,Not disaster-related,0.7994,0.008496232330799103,0.22020767629146576,0.7712960839271545,Positive,0.7627998515963554,0.7712960839271545
778254490,6.29107E+17,Dakota Skye gets horny with some porn then gets her juicy pussy pounded http://t.co/qew4c5M1xd View and download video,Dakota Skye gets horny with some porn then gets her juicy pussy pounded http://t.co/qew4c5M1xd View and download video,dakota skye get horny porn get juicy pussy pounded URL view download video,Dakota Skye gets horny with some porn then gets her juicy pussy pounded http View and download video,tornado,Unknown,Not disaster-related,1.0,0.06093272566795349,0.7127444744110107,0.22632284462451935,Neutral,0.16539011895656586,0.7127444744110107
778254492,6.29123E+17,I liked a @YouTube video http://t.co/itnKBxgWLH Lexi Belle for Oklahoma tornado victims,I liked a @YouTube video http://t.co/itnKBxgWLH Lexi Belle for Oklahoma tornado victims,liked USER video URL lexi belle oklahoma tornado victim,I liked a @user video http Lexi Belle for Oklahoma tornado victims,tornado,"Asheville, NC",Disaster-related,0.7988,0.0055783651769161224,0.08839000761508942,0.906031608581543,Positive,0.9004532434046268,0.906031608581543
778254493,6.29106E+17,@SakhalinTribune Calgary area tornado warnings end as thunderstorms move eastward,@SakhalinTribune Calgary area tornado warnings end as thunderstorms move eastward,USER calgary area tornado warning end thunderstorm move eastward,@user Calgary area tornado warnings end as thunderstorms move eastward,tornado,"Fort Knox, KY 40121",Disaster-related,1.0,0.23452408611774445,0.7434313893318176,0.0220444705337286,Neutral,-0.21247961558401585,0.7434313893318176
778254495,6.29107E+17,(AL)  Severe Thunderstorm Warning issued August 05 at 8:44PM CDT until August 05 at 9:15PM CDT by NWS http://t.co/bviYy8BMsb #alwx,(AL) Severe Thunderstorm Warning issued August 05 at 8:44PM CDT until August 05 at 9:15PM CDT by NWS http://t.co/bviYy8BMsb #alwx,al severe thunderstorm warning issued august NUMBER NUMBER cdt august NUMBER NUMBER cdt nw URL alwx,(AL) Severe Thunderstorm Warning issued August 05 at 8:44PM CDT until August 05 at 9:15PM CDT by NWS http #alwx,tornado,Midwest,Disaster-related,1.0,0.07957320660352707,0.8945419192314148,0.02588486485183239,Neutral,-0.05368834175169468,0.8945419192314148
778254499,6.29113E+17,Environment Canada confirms 2nd tornado touched down last weekend åÈ http://t.co/x8zqbwNfO1,Environment Canada confirms 2nd tornado touched down last weekend åÈ http://t.co/x8zqbwNfO1,environment canada confirms tornado touched last weekend åè URL,Environment Canada confirms 2nd tornado touched down last weekend åÈ http,tornado,Toronto,Disaster-related,1.0,0.20073819160461426,0.779524564743042,0.019737277179956436,Neutral,-0.18100091442465782,0.779524564743042
778254501,6.29122E+17,Pizza and beer in a tornado in Austin. Windy af right now,Pizza and beer in a tornado in Austin. Windy af right now,pizza beer tornado austin windy af right,Pizza and beer in a tornado in Austin. Windy af right now,tornado,"San Antonio, TX",Disaster-related,1.0,0.6314024329185486,0.3135845959186554,0.05501299723982811,Negative,-0.5763894356787205,0.6314024329185486
778254508,6.29107E+17,@Rebelmage2 I'm glad you got away XD But My 'be safe' was in reference to a tornado near calgary and drum heller at around 4 :O,@Rebelmage2 I'm glad you got away XD But My 'be safe' was in reference to a tornado near calgary and drum heller at around 4 :O,USER glad got away xd safe reference tornado near calgary drum heller around NUMBER,@user I'm glad you got away XD But My 'be safe' was in reference to a tornado near calgary and drum heller at around 4 :O,tornado,Unknown,Disaster-related,1.0,0.0389460064470768,0.25137531757354736,0.7096787095069885,Positive,0.6707327030599117,0.7096787095069885
778254510,6.2911E+17,A tornado flew around my room before you came...,A tornado flew around my room before you came...,tornado flew around room came,A tornado flew around my room before you came...,tornado,Unknown,Not disaster-related,0.5976,0.4317077398300171,0.512052595615387,0.05623963847756386,Neutral,-0.37546810135245323,0.512052595615387
778254512,6.2911E+17,#TornadoGiveaway åÊ #thebookclub åÊ Join in!! https://t.co/8qucf6sgOc https://t.co/5U1t8hc4uf,#TornadoGiveaway åÊ #thebookclub åÊ Join in!! https://t.co/8qucf6sgOc https://t.co/5U1t8hc4uf,tornadogiveaway åê thebookclub åê join URL URL,#TornadoGiveaway åÊ #thebookclub åÊ Join in!! http http,tornado,"Gurgaon, Haryana.",Disaster-related,0.6006,0.002269706455990672,0.18016549944877625,0.8175647854804993,Positive,0.8152950790245086,0.8175647854804993
778254514,6.29113E+17,Loving you was like throwing a lasso around a tornado I tried to hold on to.??,Loving you was like throwing a lasso around a tornado I tried to hold on to.??,loving like throwing lasso around tornado tried hold,Loving you was like throwing a lasso around a tornado I tried to hold on to.??,tornado,Unknown,Disaster-related,0.6057,0.1431119292974472,0.5410356521606445,0.31585243344306946,Neutral,0.17274050414562225,0.5410356521606445
778254515,6.29121E+17,@Ayshun_Tornado then don't,@Ayshun_Tornado then don't,USER,@user then don't,tornado,Unknown,Not disaster-related,1.0,0.4665173590183258,0.5046086311340332,0.028873994946479797,Neutral,-0.437643364071846,0.5046086311340332
778254529,6.29099E+17,Rly tragedy in MP: Some live to recount horror: ÛÏWhen I saw coaches of my train plunging into water I called ... http://t.co/KiXRcBNjLs,Rly tragedy in MP: Some live to recount horror: ÛÏWhen I saw coaches of my train plunging into water I called ... http://t.co/KiXRcBNjLs,rly tragedy mp live recount horror ûïwhen saw coach train plunging water called URL,Rly tragedy in MP: Some live to recount horror: ÛÏWhen I saw coaches of my train plunging into water I called ... http,tragedy,"Mumbai, India",Disaster-related,0.8048,0.8348602056503296,0.15748682618141174,0.0076529402285814285,Negative,-0.8272072654217482,0.8348602056503296
778254535,6.29103E+17,'Sometimes God uses sorrowful tragedy to set the stage for glorious redemption.' -David Platt Run forÛ_ https://t.co/86V81dv00E,'Sometimes God uses sorrowful tragedy to set the stage for glorious redemption.' -David Platt Run for Û_ https://t.co/86V81dv00E,god us sorrowful tragedy set stage glorious redemption platt run URL,'Sometimes God uses sorrowful tragedy to set the stage for glorious redemption.' -David Platt Run for Û_ http,tragedy,'Merica,Not disaster-related,1.0,0.022127756848931313,0.4379197955131531,0.5399523973464966,Positive,0.5178246404975653,0.5399523973464966
778254542,6.291E+17,The tragedy of life is not that it ends so soon but that we wait so long to begin it. ~ W.M. Lewis #quotes,The tragedy of life is not that it ends so soon but that we wait so long to begin it. ~ W.M. Lewis #quotes,tragedy life end soon wait long begin lewis quote,The tragedy of life is not that it ends so soon but that we wait so long to begin it. ~ W.M. Lewis #quotes,tragedy,"San Diego, CA",Not disaster-related,1.0,0.7273944020271301,0.24794448912143707,0.024661121889948845,Negative,-0.7027332801371813,0.7273944020271301
778254547,6.29103E+17,"@TOIIndiaNews ofcourse 

Just 8 minute b4 tragedy another train had crossed this place 

N a flash flood caued washing of tracks..",@TOIIndiaNews ofcourse Just 8 minute b4 tragedy another train had crossed this place N a flash flood caued washing of tracks..,USER ofcourse NUMBER minute tragedy another train crossed place n flash flood caued washing track,@user ofcourse Just 8 minute b4 tragedy another train had crossed this place N a flash flood caued washing of tracks..,tragedy,dubai,Disaster-related,1.0,0.7389976382255554,0.24653248488903046,0.014469902031123638,Negative,-0.7245277361944318,0.7389976382255554
778254548,6.29103E+17,#ModiMinistry Rly tragedy in MP: Some live to recount horror http://t.co/s43wE7Oe2i,#ModiMinistry Rly tragedy in MP: Some live to recount horror http://t.co/s43wE7Oe2i,modiministry rly tragedy mp live recount horror URL,#ModiMinistry Rly tragedy in MP: Some live to recount horror http,tragedy,Unknown,Disaster-related,1.0,0.7955875396728516,0.19374549388885498,0.01066696085035801,Negative,-0.7849205788224936,0.7955875396728516
778254549,6.29102E+17,Rly tragedy in MP: Some live to recount horror: ÛÏWhen I saw coaches of my train plunging into water I called ... http://t.co/vScPGMsJXY,Rly tragedy in MP: Some live to recount horror: ÛÏWhen I saw coaches of my train plunging into water I called ... http://t.co/vScPGMsJXY,rly tragedy mp live recount horror ûïwhen saw coach train plunging water called URL,Rly tragedy in MP: Some live to recount horror: ÛÏWhen I saw coaches of my train plunging into water I called ... http,tragedy,Unknown,Disaster-related,0.8042,0.8348602056503296,0.15748682618141174,0.0076529402285814285,Negative,-0.8272072654217482,0.8348602056503296
778254552,6.29099E+17,DTN India: Rly tragedy in MP: Some live to recount horror: ÛÏWhen I saw coaches of my train plunging into water... http://t.co/WK63tm34a0,DTN India: Rly tragedy in MP: Some live to recount horror: ÛÏWhen I saw coaches of my train plunging into water... http://t.co/WK63tm34a0,dtn india rly tragedy mp live recount horror ûïwhen saw coach train plunging water URL,DTN India: Rly tragedy in MP: Some live to recount horror: ÛÏWhen I saw coaches of my train plunging into water... http,tragedy,Canada,Disaster-related,1.0,0.8264842629432678,0.1653340607881546,0.008181667886674404,Negative,-0.8183025950565934,0.8264842629432678
778254559,6.29102E+17,Back home they mad cause I chill with the white boys .,Back home they mad cause I chill with the white boys .,back home mad cause chill white boy,Back home they mad cause I chill with the white boys .,tragedy,Orlando,Not disaster-related,1.0,0.6339098215103149,0.3443794250488281,0.021710779517889023,Negative,-0.6121990419924259,0.6339098215103149
778254560,6.29099E+17,Rly tragedy in MP: Some live to recount horror: ÛÏWhen I saw coaches of my train plunging into water I called ... http://t.co/BdlqasD0wB,Rly tragedy in MP: Some live to recount horror: ÛÏWhen I saw coaches of my train plunging into water I called ... http://t.co/BdlqasD0wB,rly tragedy mp live recount horror ûïwhen saw coach train plunging water called URL,Rly tragedy in MP: Some live to recount horror: ÛÏWhen I saw coaches of my train plunging into water I called ... http,tragedy,Unknown,Disaster-related,0.7999,0.8348602056503296,0.15748682618141174,0.0076529402285814285,Negative,-0.8272072654217482,0.8348602056503296
778254561,6.291E+17,These women all bonded through tragedy. All of em were broken in some way,These women all bonded through tragedy. All of em were broken in some way,woman bonded tragedy em broken way,These women all bonded through tragedy. All of em were broken in some way,tragedy,Unknown,Not disaster-related,0.5939,0.81453937292099,0.17204375565052032,0.013416866771876812,Negative,-0.8011225061491132,0.81453937292099
778254568,6.29099E+17,Rly tragedy in MP: Some live to recount horror: ÛÏWhen I saw coaches of my train plunging into water I called my daughters and said t...,Rly tragedy in MP: Some live to recount horror: ÛÏWhen I saw coaches of my train plunging into water I called my daughters and said t...,rly tragedy mp live recount horror ûïwhen saw coach train plunging water called daughter said,Rly tragedy in MP: Some live to recount horror: ÛÏWhen I saw coaches of my train plunging into water I called my daughters and said t...,tragedy,India,Disaster-related,1.0,0.850846529006958,0.14090315997600555,0.008250312879681587,Negative,-0.8425962161272764,0.850846529006958
778254572,6.29099E+17,Rly tragedy in MP: Some live to recount horror: ÛÏWhen I saw coaches of my train plunging into water I called ... http://t.co/xtlJz7BjgL,Rly tragedy in MP: Some live to recount horror: ÛÏWhen I saw coaches of my train plunging into water I called ... http://t.co/xtlJz7BjgL,rly tragedy mp live recount horror ûïwhen saw coach train plunging water called URL,Rly tragedy in MP: Some live to recount horror: ÛÏWhen I saw coaches of my train plunging into water I called ... http,tragedy,Unknown,Disaster-related,0.797,0.8348602056503296,0.15748682618141174,0.0076529402285814285,Negative,-0.8272072654217482,0.8348602056503296
778254578,6.2934E+17,@almusafirah_ you feel trapped innit ??,@almusafirah_ you feel trapped innit ??,USER feel trapped innit,@user you feel trapped innit ??,trapped,"London, England",Not disaster-related,0.7971,0.22699801623821259,0.761844277381897,0.011157668195664883,Neutral,-0.2158403480425477,0.761844277381897
778254580,6.29343E+17,Photo: prettyboyshyflizzy: Lol she trapped them into that so beautifully http://t.co/FKXCsztezB,Photo: prettyboyshyflizzy: Lol she trapped them into that so beautifully http://t.co/FKXCsztezB,photo prettyboyshyflizzy lol trapped beautifully URL,Photo: prettyboyshyflizzy: Lol she trapped them into that so beautifully http,trapped,"LITTLETON, CO, USA, TERRAN",Not disaster-related,1.0,0.011970150284469128,0.09563641995191574,0.8923934102058411,Positive,0.8804232599213719,0.8923934102058411
778254587,6.29351E+17,@BattleRoyaleMod when they die they just get teleported into somewhere middle of ocean and stays trapped in there unless they decides 2/6,@BattleRoyaleMod when they die they just get teleported into somewhere middle of ocean and stays trapped in there unless they decides 2/6,USER die get teleported somewhere middle ocean stay trapped unless decides NUMBER NUMBER,@user when they die they just get teleported into somewhere middle of ocean and stays trapped in there unless they decides 2/6,trapped,Unknown,Not disaster-related,0.7992,0.45222362875938416,0.5356402397155762,0.012136150151491165,Neutral,-0.440087478607893,0.5356402397155762
778254591,6.29341E+17,"Confused Westie Believes Dogs Are Trapped In The Computer
http://t.co/aWZoNRYc9y http://t.co/HwJ7GwAVvB",Confused Westie Believes Dogs Are Trapped In The Computer http://t.co/aWZoNRYc9y http://t.co/HwJ7GwAVvB,confused westie belief dog trapped computer URL URL,Confused Westie Believes Dogs Are Trapped In The Computer http http,trapped,Unknown,Not disaster-related,0.6,0.4757896661758423,0.5137445330619812,0.010465805418789387,Neutral,-0.4653238607570529,0.5137445330619812
778254593,6.2934E+17,(?EudryLantiqua?) Hollywood Movie About Trapped Miners Released in Chile: 'The 33' Holly... http://t.co/us1DMdXZVb (?EudryLantiqua?),(?EudryLantiqua?) Hollywood Movie About Trapped Miners Released in Chile: 'The 33' Holly... http://t.co/us1DMdXZVb (?EudryLantiqua?),eudrylantiqua hollywood movie trapped miner released chile NUMBER holly URL eudrylantiqua,(?EudryLantiqua?) Hollywood Movie About Trapped Miners Released in Chile: 'The 33' Holly... http (?EudryLantiqua?),trapped,????s ?? ????Ìø????Ì¡a,Disaster-related,0.7974,0.023271748796105385,0.9460384249687195,0.030689820647239685,Neutral,0.0074180718511343,0.9460384249687195
778254594,6.29343E+17,I feel like that episode of Victorious when they all got trapped in an RV and almost died of heat stroke #MTVHottest One Direction,I feel like that episode of Victorious when they all got trapped in an RV and almost died of heat stroke #MTVHottest One Direction,feel like episode victorious got trapped rv almost died heat stroke mtvhottest one direction,I feel like that episode of Victorious when they all got trapped in an RV and almost died of heat stroke #MTVHottest One Direction,trapped,T E X A S | wwat 8.24.14,Not disaster-related,0.6018,0.4615914225578308,0.45027318596839905,0.08813533931970596,Negative,-0.37345608323812485,0.4615914225578308
778254598,6.2934E+17,Literally trapped in my room Cuz my bathroom being remodeled. The only exit is through a window,Literally trapped in my room Cuz my bathroom being remodeled. The only exit is through a window,literally trapped room cuz bathroom remodeled exit window,Literally trapped in my room Cuz my bathroom being remodeled. The only exit is through a window,trapped,876 Jamrock.,Disaster-related,0.6006,0.8464164137840271,0.14141790568828583,0.012165703810751438,Negative,-0.8342507099732757,0.8464164137840271
778254605,6.29341E+17,I trapped this cat in my room and it's going insane but it's not leaving it's too pretty! http://t.co/gRLxUrko8D,I trapped this cat in my room and it's going insane but it's not leaving it's too pretty! http://t.co/gRLxUrko8D,trapped cat room going insane leaving pretty URL,I trapped this cat in my room and it's going insane but it's not leaving it's too pretty! http,trapped,"Georgia, USA",Not disaster-related,1.0,0.33846578001976013,0.25066959857940674,0.4108646512031555,Positive,0.07239887118339539,0.4108646512031555
778254618,6.29351E+17,Hollywood Movie About Trapped Miners Released in Chile: 'The 33' Hollywood movie about trapped miners starring... http://t.co/3Yu26V19zh,Hollywood Movie About Trapped Miners Released in Chile: 'The 33' Hollywood movie about trapped miners starring... http://t.co/3Yu26V19zh,hollywood movie trapped miner released chile NUMBER hollywood movie trapped miner starring URL,Hollywood Movie About Trapped Miners Released in Chile: 'The 33' Hollywood movie about trapped miners starring... http,trapped,Like us on Face,Not disaster-related,0.7998,0.02823379822075367,0.9476137757301331,0.024152491241693497,Neutral,-0.004081306979060173,0.9476137757301331
778254623,6.29346E+17,@JetsetExtra A2 - meeting new interesting people learning about new places and the freedom to not be trapped by circumstances #JSETT,@JetsetExtra A2 - meeting new interesting people learning about new places and the freedom to not be trapped by circumstances #JSETT,USER meeting new interesting people learning new place freedom trapped circumstance jsett,@user A2 - meeting new interesting people learning about new places and the freedom to not be trapped by circumstances #JSETT,trapped,A glass case of emotions,Not disaster-related,0.7988,0.004203385673463345,0.1338428556919098,0.8619537353515625,Positive,0.8577503496780992,0.8619537353515625
778254628,6.29097E+17,in response to trauma Children of Addicts develop a defensive self - one that decreases vulnerability. (3,in response to trauma Children of Addicts develop a defensive self - one that decreases vulnerability. (3,response trauma child addict develop defensive self one decrease vulnerability NUMBER,in response to trauma Children of Addicts develop a defensive self - one that decreases vulnerability. (3,trauma,"Montgomery County, MD",Not disaster-related,0.5973,0.38183775544166565,0.6014941930770874,0.016668017953634262,Neutral,-0.3651697374880314,0.6014941930770874
778254631,6.29097E+17,#NissanNews : Trauma Alert and 1 Child Among 6 Hospitalized After 2-Car Wreck on A1A Near Bing's Landing: The ... http://t.co/9dWyJqvFY4,#NissanNews : Trauma Alert and 1 Child Among 6 Hospitalized After 2-Car Wreck on A1A Near Bing's Landing: The ... http://t.co/9dWyJqvFY4,nissannews trauma alert NUMBER child among NUMBER hospitalized NUMBER wreck near bing landing URL,#NissanNews : Trauma Alert and 1 Child Among 6 Hospitalized After 2-Car Wreck on A1A Near Bing's Landing: The ... http,trauma,"Detroit, MI",Disaster-related,1.0,0.5117865204811096,0.4774266481399536,0.010786843486130238,Negative,-0.5009996769949794,0.5117865204811096
778254634,6.291E+17,games that I really hope to see in AGDQ: Trauma Center Second Opinion Kororinpa Marble Mania TLoZ Oracle of Ages Metroid II,games that I really hope to see in AGDQ: Trauma Center Second Opinion Kororinpa Marble Mania TLoZ Oracle of Ages Metroid II,game really hope see agdq trauma center second opinion kororinpa marble mania tloz oracle age metroid ii,games that I really hope to see in AGDQ: Trauma Center Second Opinion Kororinpa Marble Mania TLoZ Oracle of Ages Metroid II,trauma,Your notifications,Not disaster-related,1.0,0.002485176082700491,0.08013006299734116,0.917384684085846,Positive,0.9148995080031455,0.917384684085846
778254636,6.29098E+17,@crazyindapeg @VETS78734 completely understandable considering the trauma #ptsdchat,@crazyindapeg @VETS78734 completely understandable considering the trauma #ptsdchat,USER USER completely understandable considering trauma ptsdchat,@user @user completely understandable considering the trauma #ptsdchat,trauma,Unknown,Not disaster-related,1.0,0.11255449056625366,0.7105337977409363,0.17691172659397125,Neutral,0.06435723602771759,0.7105337977409363
778254649,6.29099E+17,@AshGhebranious civil rights continued in the 60s. And what about trans-generational trauma? if anything we should listen to the Americans.,@AshGhebranious civil rights continued in the 60s. And what about trans-generational trauma? if anything we should listen to the Americans.,USER civil right continued trauma anything listen american,@user civil rights continued in the 60s. And what about trans-generational trauma? if anything we should listen to the Americans.,trauma,Unknown,Not disaster-related,0.8006,0.29768016934394836,0.6618348360061646,0.040484942495822906,Neutral,-0.25719522684812546,0.6618348360061646
778254651,6.291E+17,"Why #Marijuana Is Critical For Research in Treating #PTSD

http://t.co/T6fuAhFp7p 
#hempoil #cannabis #marijuanaÛ_ http://t.co/RhE7dXM7Ey",Why #Marijuana Is Critical For Research in Treating #PTSD http://t.co/T6fuAhFp7p #hempoil #cannabis #marijuana Û_ http://t.co/RhE7dXM7Ey,marijuana critical research treating ptsd URL hempoil cannabis marijuana URL,Why #Marijuana Is Critical For Research in Treating #PTSD http #hempoil #cannabis #marijuana Û_ http,trauma,The Jewfnited State,Not disaster-related,0.6,0.008330547250807285,0.6400319337844849,0.3516375422477722,Neutral,0.34330699499696493,0.6400319337844849
778254655,6.291E+17,I need to plan a trip to Cleveland soon! ??,I need to plan a trip to Cleveland soon! ??,need plan trip cleveland soon,I need to plan a trip to Cleveland soon! ??,trauma,Unknown,Not disaster-related,1.0,0.014211589470505714,0.7974507808685303,0.18833757936954498,Neutral,0.17412598989903927,0.7974507808685303
778254656,6.291E+17,Esteemed journalist recalls tragic effects of unaddressed #childhood #trauma. @keithboykin @RandallPinkston @pozarmy  http://t.co/GXq1Auzb18,Esteemed journalist recalls tragic effects of unaddressed #childhood #trauma. @keithboykin @RandallPinkston @pozarmy http://t.co/GXq1Auzb18,esteemed journalist recall tragic effect unaddressed childhood trauma USER USER USER URL,Esteemed journalist recalls tragic effects of unaddressed #childhood #trauma. @user @user @user http,trauma,"Nashville, TN",Disaster-related,0.6022,0.6626700758934021,0.3263266384601593,0.01100329402834177,Negative,-0.6516667818650603,0.6626700758934021
778254674,6.291E+17,RT @judithabarrow author CHANGING PATTERNS  #amazon http://t.co/0oCrOtMkHM SILENT TRAUMA http://t.co/2ZGrVnMDW9 #amazon,RT @judithabarrow author CHANGING PATTERNS #amazon http://t.co/0oCrOtMkHM SILENT TRAUMA http://t.co/2ZGrVnMDW9 #amazon,rt USER author changing pattern amazon URL silent trauma URL amazon,RT @user author CHANGING PATTERNS #amazon http SILENT TRAUMA http #amazon,trauma,Unknown,Not disaster-related,1.0,0.01013773214071989,0.9194112420082092,0.07045096158981323,Neutral,0.06031322944909334,0.9194112420082092
778254683,6.29009E+17,I'm that traumatised that I can't even spell properly! Excuse the typos!,I'm that traumatised that I can't even spell properly! Excuse the typos!,traumatised ca even spell properly excuse typo,I'm that traumatised that I can't even spell properly! Excuse the typos!,traumatised,"Portsmouth, UK",Not disaster-related,0.8,0.9281896948814392,0.062299005687236786,0.009511271491646767,Negative,-0.9186784233897924,0.9281896948814392
778254697,6.29051E+17,Watching Casino Royale. She's clearly traumatised! Sucking her fingers work! Right?! #JamesBond,Watching Casino Royale. She's clearly traumatised! Sucking her fingers work! Right?! #JamesBond,watching casino royale clearly traumatised sucking finger work right jamesbond,Watching Casino Royale. She's clearly traumatised! Sucking her fingers work! Right?! #JamesBond,traumatised,Unknown,Not disaster-related,0.5994,0.8864688873291016,0.10549047589302063,0.00804062094539404,Negative,-0.8784282663837075,0.8864688873291016
778254701,6.29071E+17,@disneyIrh so traumatised im ???? http://t.co/TATZfK63Ch,@disneyIrh so traumatised im ???? http://t.co/TATZfK63Ch,USER traumatised im URL,@user so traumatised im ???? http,traumatised,Unknown,Disaster-related,0.8001,0.9258221387863159,0.06878318637609482,0.005394625943154097,Negative,-0.9204275128431618,0.9258221387863159
778254702,6.29039E+17,Sending a snapchat to the wrong person instead of your brother about the toilet ?? ?? ???? #snapchatselfie #wrongperson  #traumatised,Sending a snapchat to the wrong person instead of your brother about the toilet ?? ?? ???? #snapchatselfie #wrongperson #traumatised,sending snapchat wrong person instead brother toilet snapchatselfie wrongperson traumatised,Sending a snapchat to the wrong person instead of your brother about the toilet ?? ?? ???? #snapchatselfie #wrongperson #traumatised,traumatised,North East / Middlesbrough,Not disaster-related,0.6018,0.8784169554710388,0.11715038120746613,0.004432613030076027,Negative,-0.8739843424409628,0.8784169554710388
778254706,6.29065E+17,"ÛÏ@_keits: @LIVA_GOTTA get a gold chain you'll understandÛ

One boy gave me one and my neck went green It traumatised me",ÛÏ@_keits: @LIVA_GOTTA get a gold chain you'll understand Û One boy gave me one and my neck went green It traumatised me,ûï USER USER get gold chain understand û one boy gave one neck went green traumatised,ÛÏ@user: @user get a gold chain you'll understand Û One boy gave me one and my neck went green It traumatised me,traumatised,Londonstan,Not disaster-related,1.0,0.8420944213867188,0.14687955379486084,0.011026008985936642,Negative,-0.8310684124007821,0.8420944213867188
778254707,6.2905E+17,@CiaraMcKendry mine came on the day after my data renewed this month i was traumatised,@CiaraMcKendry mine came on the day after my data renewed this month i was traumatised,USER mine came day data renewed month traumatised,@user mine came on the day after my data renewed this month i was traumatised,traumatised,Unknown,Not disaster-related,1.0,0.8994225263595581,0.09184366464614868,0.008733786642551422,Negative,-0.8906887397170067,0.8994225263595581
778254736,6.2909E+17,@BadAstronomer ...I have a lot of trouble getting both students and adults to understand that the moon is farther away than they think.,@BadAstronomer ...I have a lot of trouble getting both students and adults to understand that the moon is farther away than they think.,USER lot trouble getting student adult understand moon farther away think,@user ...I have a lot of trouble getting both students and adults to understand that the moon is farther away than they think.,trouble,"Indiana, USA",Not disaster-related,1.0,0.5105680823326111,0.4534502625465393,0.035981640219688416,Negative,-0.47458644211292267,0.5105680823326111
778254739,6.29088E+17,@smoak_queen 'I'm going to be in so much trouble.',@smoak_queen 'I'm going to be in so much trouble.',USER going much trouble,@user 'I'm going to be in so much trouble.',trouble,Bathtub de Bett,Not disaster-related,1.0,0.7439091205596924,0.23182234168052673,0.024268539622426033,Negative,-0.7196405809372663,0.7439091205596924
778254745,6.29089E+17,If all men sauntered like Fred I think I'd be in trouble. #ShallWeDance #SummerUnderTheStars #TCMParty,If all men sauntered like Fred I think I'd be in trouble. #ShallWeDance #SummerUnderTheStars #TCMParty,men sauntered like fred think trouble shallwedance summerunderthestars tcmparty,If all men sauntered like Fred I think I'd be in trouble. #ShallWeDance #SummerUnderTheStars #TCMParty,trouble,Michigan,Not disaster-related,1.0,0.31137803196907043,0.6059752106666565,0.08264680206775665,Neutral,-0.22873122990131378,0.6059752106666565
778254753,6.29088E+17,The trouble in one of Buffett's favorite sectors http://t.co/J4dqPFLMkR,The trouble in one of Buffett's favorite sectors http://t.co/J4dqPFLMkR,trouble one buffett favorite sector URL,The trouble in one of Buffett's favorite sectors http,trouble,Unknown,Not disaster-related,1.0,0.4324548542499542,0.5078567266464233,0.05968839302659035,Neutral,-0.3727664612233639,0.5078567266464233
778254757,6.2909E+17,@ModCloth having some trouble with your site- keep getting this every time I log in? http://t.co/dnKkYiFsvT,@ModCloth having some trouble with your site- keep getting this every time I log in? http://t.co/dnKkYiFsvT,USER trouble keep getting every time log URL,@user having some trouble with your site- keep getting this every time I log in? http,trouble,"Melbourne, Australia",Not disaster-related,1.0,0.8689295649528503,0.12435656040906906,0.006713817827403545,Negative,-0.8622157471254468,0.8689295649528503
778254758,6.2909E+17,@cspan #Prez. Mr. President you are the biggest terrorist and trouble maker in the world. You create terrorist you sponsor terrorist.,@cspan #Prez. Mr. President you are the biggest terrorist and trouble maker in the world. You create terrorist you sponsor terrorist.,USER prez president biggest terrorist trouble maker world create terrorist sponsor terrorist,@user #Prez. Mr. President you are the biggest terrorist and trouble maker in the world. You create terrorist you sponsor terrorist.,trouble,Unknown,Disaster-related,0.6024,0.9550909996032715,0.04024558886885643,0.004663414321839809,Negative,-0.9504275852814317,0.9550909996032715
778254761,6.29089E+17,Love how I don't get in any trouble for having people over and the house still being trashed,Love how I don't get in any trouble for having people over and the house still being trashed,love get trouble people house still trashed,Love how I don't get in any trouble for having people over and the house still being trashed,trouble,Unknown,Not disaster-related,0.6024,0.43233436346054077,0.3585289716720581,0.20913663506507874,Negative,-0.22319772839546204,0.43233436346054077
778254764,6.29088E+17,@charlieputh that song have a Cool beat like Nothing But Trouble,@charlieputh that song have a Cool beat like Nothing But Trouble,USER song cool beat like nothing trouble,@user that song have a Cool beat like Nothing But Trouble,trouble,Manila City,Not disaster-related,1.0,0.011709354817867279,0.178381085395813,0.8099095821380615,Positive,0.7982002273201942,0.8099095821380615
778254766,6.29089E+17,Reddit's new content policy shows that maybe Reddit can't have it all http://t.co/YO3T8qho9h via @nkulw http://t.co/8oDTzMvqaR,Reddit's new content policy shows that maybe Reddit can't have it all http://t.co/YO3T8qho9h via @nkulw http://t.co/8oDTzMvqaR,reddit new content policy show maybe reddit ca URL via USER URL,Reddit's new content policy shows that maybe Reddit can't have it all http via @user http,trouble,"Palo Alto, CA",Not disaster-related,1.0,0.40193429589271545,0.5680587887763977,0.030006885528564453,Neutral,-0.371927410364151,0.5680587887763977
778254773,6.29089E+17,Trouble with mental fog? Consider these tests: http://t.co/XAerMBMvlv,Trouble with mental fog? Consider these tests: http://t.co/XAerMBMvlv,trouble mental fog consider test URL,Trouble with mental fog? Consider these tests: http,trouble,"Washington, DC",Not disaster-related,1.0,0.16347356140613556,0.7765591740608215,0.059967223554849625,Neutral,-0.10350633785128593,0.7765591740608215
778254781,6.29086E+17,@freefromwolves GodsLove &amp; #thankU brother Danny for RT of NEW VIDEO http://t.co/cybKsXHF7d The Coming Apocalyptic US Earthquake &amp; Tsunami,@freefromwolves GodsLove & #thankU brother Danny for RT of NEW VIDEO http://t.co/cybKsXHF7d The Coming Apocalyptic US Earthquake & Tsunami,USER godslove thanku brother danny rt new video URL coming apocalyptic u earthquake tsunami,@user GodsLove & #thankU brother Danny for RT of NEW VIDEO http The Coming Apocalyptic US Earthquake & Tsunami,tsunami,in the Word of God,Not disaster-related,0.6,0.025512240827083588,0.25198137760162354,0.7225063443183899,Positive,0.6969941034913063,0.7225063443183899
778254783,6.29092E+17,I'm at Baan Thai / Tsunami Sushi in Washington DC https://t.co/Udp10FRXrL,I'm at Baan Thai / Tsunami Sushi in Washington DC https://t.co/Udp10FRXrL,baan thai tsunami sushi washington dc URL,I'm at Baan Thai / Tsunami Sushi in Washington DC http,tsunami,"Washington, DC",Not disaster-related,0.5964,0.005219943355768919,0.9229758381843567,0.07180424779653549,Neutral,0.06658430444076657,0.9229758381843567
778254787,6.29091E+17,@TerriF77 GodsLove &amp; #thankU beloved sister Terri for RT of NEW VIDEO http://t.co/cybKsXHF7d The Coming Apocalyptic US Earthquake &amp; Tsunami,@TerriF77 GodsLove & #thankU beloved sister Terri for RT of NEW VIDEO http://t.co/cybKsXHF7d The Coming Apocalyptic US Earthquake & Tsunami,USER godslove thanku beloved sister terri rt new video URL coming apocalyptic u earthquake tsunami,@user GodsLove & #thankU beloved sister Terri for RT of NEW VIDEO http The Coming Apocalyptic US Earthquake & Tsunami,tsunami,in the Word of God,Disaster-related,0.5994,0.018812675029039383,0.18431462347507477,0.7968726754188538,Positive,0.7780600003898144,0.7968726754188538
778254796,6.29091E+17,Earthquake and tsunami that occurred in Japan 'free speech' is also swallowed. http://t.co/TJyyFT6NV0,Earthquake and tsunami that occurred in Japan 'free speech' is also swallowed. http://t.co/TJyyFT6NV0,earthquake tsunami occurred japan speech also swallowed URL,Earthquake and tsunami that occurred in Japan 'free speech' is also swallowed. http,tsunami,??????????????,Disaster-related,1.0,0.5689416527748108,0.41396138072013855,0.01709696464240551,Negative,-0.5518446881324053,0.5689416527748108
778254800,6.2908E+17,@tsunami_esh ?? hey Esh,@tsunami_esh ?? hey Esh,USER hey esh,@user ?? hey Esh,tsunami,Land Of The Kings,Not disaster-related,0.6006,0.01291719265282154,0.8785454034805298,0.108537457883358,Neutral,0.09562026523053646,0.8785454034805298
778254802,6.29088E+17,6 Trends Are Driving a Data Tsunami for Startups http://t.co/sjh0HsRp4s #startup,6 Trends Are Driving a Data Tsunami for Startups http://t.co/sjh0HsRp4s #startup,NUMBER trend driving data tsunami startup URL startup,6 Trends Are Driving a Data Tsunami for Startups http #startup,tsunami,Unknown,Not disaster-related,0.7987,0.04321859031915665,0.8597179055213928,0.09706349670886993,Neutral,0.05384490638971329,0.8597179055213928
778254803,6.29083E+17,"?#FUKUSHIMA?#TEPCO?
Mountains of debris from the Japanese tsunami have floated to the West Coast
http://t.co/y518jYrZav",?#FUKUSHIMA?#TEPCO? Mountains of debris from the Japanese tsunami have floated to the West Coast http://t.co/y518jYrZav,fukushima tepco mountain debris japanese tsunami floated west coast URL,?#FUKUSHIMA?#TEPCO? Mountains of debris from the Japanese tsunami have floated to the West Coast http,tsunami,The Netherlands,Disaster-related,1.0,0.5799504518508911,0.41006386280059814,0.00998569093644619,Negative,-0.5699647609144449,0.5799504518508911
778254808,6.29081E+17,@tsunami_esh ESH PLEASE OKAY!,@tsunami_esh ESH PLEASE OKAY!,USER esh please okay,@user ESH PLEASE OKAY!,tsunami,COMING SOON,Not disaster-related,1.0,0.014655282720923424,0.19356945157051086,0.7917752861976624,Positive,0.7771200034767389,0.7917752861976624
778254811,6.29093E+17,I liked a @YouTube video http://t.co/18aAsFMVbl Call Of Duty Ghosts Walktrough Part-8 Tsunami!,I liked a @YouTube video http://t.co/18aAsFMVbl Call Of Duty Ghosts Walktrough Part-8 Tsunami!,liked USER video URL call duty ghost walktrough NUMBER tsunami,I liked a @user video http Call Of Duty Ghosts Walktrough Part-8 Tsunami!,tsunami,Unknown,Not disaster-related,0.5994,0.0019701605197042227,0.0373733751475811,0.960656464099884,Positive,0.9586863035801798,0.960656464099884
778254818,6.29091E+17,I liked a @YouTube video http://t.co/0h7OUa1pns Call of Duty: Ghosts - Campanha - EP 6 'Tsunami',I liked a @YouTube video http://t.co/0h7OUa1pns Call of Duty: Ghosts - Campanha - EP 6 'Tsunami',liked USER video URL call duty ghost campanha ep NUMBER,I liked a @user video http Call of Duty: Ghosts - Campanha - EP 6 'Tsunami',tsunami,Unknown,Not disaster-related,0.5994,0.0017836656188592315,0.054297711700201035,0.9439186453819275,Positive,0.9421349797630683,0.9439186453819275
778254851,6.29109E+17,when you get stuck on the wicked twister and they have to call maintenance to get you out.. http://t.co/7iFPMFssMU,when you get stuck on the wicked twister and they have to call maintenance to get you out.. http://t.co/7iFPMFssMU,get stuck wicked twister call maintenance get URL,when you get stuck on the wicked twister and they have to call maintenance to get you out.. http,twister,Flat Rock,Disaster-related,0.5994,0.5645179748535156,0.4112798869609833,0.02420211024582386,Negative,-0.5403158646076918,0.5645179748535156
778254855,6.29086E+17,HAPPY 24 TWISTER!!! Thank you for all the laughs sticking by my side no matter what and also forÛ_ https://t.co/ttq9IlHp8W,HAPPY 24 TWISTER!!! Thank you for all the laughs sticking by my side no matter what and also for Û_ https://t.co/ttq9IlHp8W,happy NUMBER twister thank laugh sticking side matter also URL,HAPPY 24 TWISTER!!! Thank you for all the laughs sticking by my side no matter what and also for Û_ http,twister,"Midwest City, OK",Not disaster-related,1.0,0.002843799302354455,0.008142386563122272,0.9890137314796448,Positive,0.9861699321772903,0.9890137314796448
778254864,6.29059E+17,@bamagaga Best part of today? Your song I'M TO BLAME by @KIPMOOREMUSIC is about to play on 101.9 The Twister! http://t.co/sKV3O4Teni,@bamagaga Best part of today? Your song I'M TO BLAME by @KIPMOOREMUSIC is about to play on 101.9 The Twister! http://t.co/sKV3O4Teni,USER best part today song blame USER play NUMBER twister URL,@user Best part of today? Your song I'M TO BLAME by @user is about to play on 101.9 The Twister! http,twister,Unknown,Not disaster-related,1.0,0.0012585638323798776,0.012157144956290722,0.9865843653678894,Positive,0.9853258015355095,0.9865843653678894
778254867,6.29063E+17,Does the opening scene of Harry Potter and the Order of the Phoenix remind anyone else of the movie Twister? Just me? Okay,Does the opening scene of Harry Potter and the Order of the Phoenix remind anyone else of the movie Twister? Just me? Okay,opening scene harry potter order phoenix remind anyone else movie twister okay,Does the opening scene of Harry Potter and the Order of the Phoenix remind anyone else of the movie Twister? Just me? Okay,twister,Unknown,Not disaster-related,1.0,0.04244990646839142,0.8742265701293945,0.08332359045743942,Neutral,0.040873683989048004,0.8742265701293945
778254868,6.29059E+17,Drunk twister is so hard ????,Drunk twister is so hard ????,drunk twister hard,Drunk twister is so hard ????,twister,instagram: bribriony,Not disaster-related,1.0,0.7483345866203308,0.22444649040699005,0.027218952775001526,Negative,-0.7211156338453293,0.7483345866203308
778254869,6.29073E+17,Work-related Dick Twister That Happened Today http://t.co/oJ5cUBshGz,Work-related Dick Twister That Happened Today http://t.co/oJ5cUBshGz,dick twister happened today URL,Work-related Dick Twister That Happened Today http,twister,The Internet,Not disaster-related,0.7964,0.1315905749797821,0.8232632279396057,0.045146115124225616,Neutral,-0.08644445985555649,0.8232632279396057
778254875,6.29051E+17,@jrlallo My narrator will have to say 'chemically interesting lavatory' for DB5. Not quite the tongue twister but certainly odd. :P,@jrlallo My narrator will have to say 'chemically interesting lavatory' for DB5. Not quite the tongue twister but certainly odd. :P,USER narrator say interesting lavatory quite tongue twister certainly odd p,@user My narrator will have to say 'chemically interesting lavatory' for DB5. Not quite the tongue twister but certainly odd. :P,twister,"Seattle native in Prescott, AZ",Not disaster-related,0.806,0.09530194103717804,0.5877528190612793,0.31694525480270386,Neutral,0.22164331376552582,0.5877528190612793
778254876,6.29352E+17,#Breaking144 Obama Declares Disaster for Typhoon-Devastated Saipan: Obama signs disaster declarat... http://t.co/M8CIKs60BX #AceNewsDesk,#Breaking144 Obama Declares Disaster for Typhoon-Devastated Saipan: Obama signs disaster declarat... http://t.co/M8CIKs60BX #AceNewsDesk,obama declares disaster saipan obama sign disaster declarat URL acenewsdesk,#Breaking144 Obama Declares Disaster for Typhoon-Devastated Saipan: Obama signs disaster declarat... http #AceNewsDesk,typhoon,Unknown,Disaster-related,1.0,0.2039710134267807,0.7693347334861755,0.02669427916407585,Neutral,-0.17727673426270485,0.7693347334861755
778254879,6.2935E+17,Global precipitation measurement satellite captures 3-D image of Typhoon Soudelor - NASAHurricane. Visit: http://t.co/sQN4girdvZ,Global precipitation measurement satellite captures 3-D image of Typhoon Soudelor - NASAHurricane. Visit: http://t.co/sQN4girdvZ,global precipitation measurement satellite capture NUMBER image typhoon soudelor nasahurricane visit URL,Global precipitation measurement satellite captures 3-D image of Typhoon Soudelor - NASAHurricane. Visit: http,typhoon,Whole World,Disaster-related,1.0,0.008546486496925354,0.9168740510940552,0.07457944005727768,Neutral,0.06603295356035233,0.9168740510940552
778254881,6.29352E+17,Obama Declares Disaster for Typhoon-Devastated Saipan: Obama signs disaster declaration for Northern Marians a... http://t.co/Hni4v2ZUk3,Obama Declares Disaster for Typhoon-Devastated Saipan: Obama signs disaster declaration for Northern Marians a... http://t.co/Hni4v2ZUk3,obama declares disaster saipan obama sign disaster declaration northern marians URL,Obama Declares Disaster for Typhoon-Devastated Saipan: Obama signs disaster declaration for Northern Marians a... http,typhoon,ID,Disaster-related,1.0,0.4805458188056946,0.5003557205200195,0.019098473712801933,Neutral,-0.46144734509289265,0.5003557205200195
778254895,6.29356E+17,Obama Declares Disaster for Typhoon-Devastated Saipan http://t.co/CanEyTtwEV #international,Obama Declares Disaster for Typhoon-Devastated Saipan http://t.co/CanEyTtwEV #international,obama declares disaster saipan URL international,Obama Declares Disaster for Typhoon-Devastated Saipan http #international,typhoon,Unites States,Disaster-related,1.0,0.6673166155815125,0.31653401255607605,0.016149431467056274,Negative,-0.6511671841144562,0.6673166155815125
778254897,6.2935E+17,nbanews Soudelor Typhoon Soudelor is taking dead aim at Taiwan and is expected to make landfall Friday according to the Joint TyphoonÛ_,nbanews Soudelor Typhoon Soudelor is taking dead aim at Taiwan and is expected to make landfall Friday according to the Joint Typhoon Û_,nbanews soudelor typhoon soudelor taking dead aim taiwan expected make landfall friday according joint typhoon,nbanews Soudelor Typhoon Soudelor is taking dead aim at Taiwan and is expected to make landfall Friday according to the Joint Typhoon Û_,typhoon,Unknown,Disaster-related,1.0,0.4143722951412201,0.5719727277755737,0.013655008748173714,Neutral,-0.4007172863930464,0.5719727277755737
778254902,6.29352E+17,Obama Declares Disaster for Typhoon-Devastated Saipan: Obama signs disaster declaration for Northern Marians a... http://t.co/VTS9CAyiBC,Obama Declares Disaster for Typhoon-Devastated Saipan: Obama signs disaster declaration for Northern Marians a... http://t.co/VTS9CAyiBC,obama declares disaster saipan obama sign disaster declaration northern marians URL,Obama Declares Disaster for Typhoon-Devastated Saipan: Obama signs disaster declaration for Northern Marians a... http,typhoon,Unknown,Disaster-related,1.0,0.4805458188056946,0.5003557205200195,0.019098473712801933,Neutral,-0.46144734509289265,0.5003557205200195
778254908,6.29347E+17,Satellite Spies Super Typhoon Soudelor from Space (Photo) http://t.co/VBhu2t8wgB,Satellite Spies Super Typhoon Soudelor from Space (Photo) http://t.co/VBhu2t8wgB,satellite spy super typhoon soudelor space photo URL,Satellite Spies Super Typhoon Soudelor from Space (Photo) http,typhoon,Evergreen Colorado,Not disaster-related,0.797,0.007621529512107372,0.9056627750396729,0.0867157131433487,Neutral,0.07909418363124132,0.9056627750396729
778254926,6.2861E+17,@SushmaSwaraj Am sure background check of the child's details are done before the kid gets into another upheaval.,@SushmaSwaraj Am sure background check of the child's details are done before the kid gets into another upheaval.,USER sure background check child detail done kid get another upheaval,@user Am sure background check of the child's details are done before the kid gets into another upheaval.,upheaval,Unknown,Not disaster-related,1.0,0.20389367640018463,0.7631885409355164,0.032917823642492294,Neutral,-0.17097585275769234,0.7631885409355164
778254929,6.28562E+17,USW: 'The damage from abandoning the deal could well create a new level of uncertainty...economic upheaval &amp; military unrest',USW: 'The damage from abandoning the deal could well create a new level of uncertainty...economic upheaval & military unrest',usw damage abandoning deal could well create new level uncertainty economic upheaval military unrest,USW: 'The damage from abandoning the deal could well create a new level of uncertainty...economic upheaval & military unrest',upheaval,"Washington, D.C.",Not disaster-related,0.5958,0.7039069533348083,0.2863752245903015,0.009717783890664577,Negative,-0.6941891694441438,0.7039069533348083
778254931,6.28747E+17,A look at state actions a year after FergusonÛªs upheaval  http://t.co/G5ZsRU0zVQ,A look at state actions a year after Ferguson Ûªs upheaval http://t.co/G5ZsRU0zVQ,look state action year ferguson ûªs upheaval URL,A look at state actions a year after Ferguson Ûªs upheaval http,upheaval,Unknown,Not disaster-related,0.7982,0.051692765206098557,0.9215618371963501,0.026745444163680077,Neutral,-0.02494732104241848,0.9215618371963501
778254955,6.28936E+17,Ancient Mayan Tablet with Hieroglyphics Honors Lowly King http://t.co/Im6m4XAeN2,Ancient Mayan Tablet with Hieroglyphics Honors Lowly King http://t.co/Im6m4XAeN2,ancient mayan tablet hieroglyphic honor lowly king URL,Ancient Mayan Tablet with Hieroglyphics Honors Lowly King http,upheaval,Woosley,Not disaster-related,0.5994,0.027485797181725502,0.9208297729492188,0.05168451741337776,Neutral,0.02419872023165226,0.9208297729492188
778254960,6.28533E+17,A Look at State Actions a Year after FergusonÛªs Upheaval https://t.co/M4tuI0P9nT MD is mentioned in the last group for a 'reporting' bill,A Look at State Actions a Year after Ferguson Ûªs Upheaval https://t.co/M4tuI0P9nT MD is mentioned in the last group for a 'reporting' bill,look state action year ferguson ûªs upheaval URL md mentioned last group bill,A Look at State Actions a Year after Ferguson Ûªs Upheaval http MD is mentioned in the last group for a 'reporting' bill,upheaval,maryland,Disaster-related,0.7996,0.016946159303188324,0.9458178281784058,0.03723603114485741,Neutral,0.020289871841669083,0.9458178281784058
778254966,6.28976E+17,"Medieval Upheaval (Hardy Boys: The Secret Files)
Franklin W. Dixon - Aladdin. http://t.co/Yb7ijKtlnB",Medieval Upheaval (Hardy Boys: The Secret Files) Franklin W. Dixon - Aladdin. http://t.co/Yb7ijKtlnB,medieval upheaval hardy boy secret file franklin dixon aladdin URL,Medieval Upheaval (Hardy Boys: The Secret Files) Franklin W. Dixon - Aladdin. http,upheaval,"Books Published, USA",Not disaster-related,1.0,0.005422276444733143,0.9311960339546204,0.0633816346526146,Neutral,0.05795935820788145,0.9311960339546204
778254989,6.26809E+17,#Amsterdam POV video captures violent landing at Amsterdam Airport Schiphol during a st... http://t.co/AlUMrGl40e http://t.co/8h2KCTFB8I,#Amsterdam POV video captures violent landing at Amsterdam Airport Schiphol during a st... http://t.co/AlUMrGl40e http://t.co/8h2KCTFB8I,amsterdam pov video capture violent landing amsterdam airport schiphol st URL URL,#Amsterdam POV video captures violent landing at Amsterdam Airport Schiphol during a st... http http,violent storm,Unknown,Disaster-related,0.7994,0.304760217666626,0.6817795038223267,0.013460381887853146,Neutral,-0.29129983577877283,0.6817795038223267
778254995,6.26264E+17,I don't understand 'taking' ANY life as a trophy. It's violent killing. http://t.co/NEqW47E1uj #CecilTheLion #BADChoices #BANTROPHYHUNTING,I don't understand 'taking' ANY life as a trophy. It's violent killing. http://t.co/NEqW47E1uj #CecilTheLion #BADChoices #BANTROPHYHUNTING,understand life trophy violent killing URL cecilthelion badchoices bantrophyhunting,I don't understand 'taking' ANY life as a trophy. It's violent killing. http #CecilTheLion #BADChoices #BANTROPHYHUNTING,violent storm,Unknown,Disaster-related,0.5953,0.9272531270980835,0.06767434626817703,0.0050724283792078495,Negative,-0.9221806987188756,0.9272531270980835
778254997,6.27966E+17,"Violent Forces Radio: Now Playing Acid Storm - Scourgue Of The Gods
TuneIn Player @ http://t.co/XsSgEdSbH4",Violent Forces Radio: Now Playing Acid Storm - Scourgue Of The Gods TuneIn Player @ http://t.co/XsSgEdSbH4,violent force radio playing acid storm scourgue god tunein player URL,Violent Forces Radio: Now Playing Acid Storm - Scourgue Of The Gods TuneIn Player @ http,violent storm,Worldwide,Disaster-related,0.6006,0.023238835856318474,0.9331910014152527,0.04357017204165459,Neutral,0.020331336185336113,0.9331910014152527
778255000,6.28496E+17,"U.S.PACIFIC COMMAND.
I can see it!
They gave their all in the peace unity festival
It disappears when freedom
A Violent Storm hit Sea",U.S.PACIFIC COMMAND. I can see it! They gave their all in the peace unity festival It disappears when freedom A Violent Storm hit Sea,command see gave peace unity festival disappears freedom violent storm hit sea,U.S.PACIFIC COMMAND. I can see it! They gave their all in the peace unity festival It disappears when freedom A Violent Storm hit Sea,violent storm,us,Disaster-related,0.803,0.6358416080474854,0.3135753571987152,0.05058301240205765,Negative,-0.5852585956454277,0.6358416080474854
778255002,6.26504E+17,@Vickie627 Desert Storm was an unqualified victory a treaty was signed.  Under Clinton the situation only got worse and more violent. #tcot,@Vickie627 Desert Storm was an unqualified victory a treaty was signed. Under Clinton the situation only got worse and more violent. #tcot,USER desert storm unqualified victory treaty signed clinton situation got worse violent tcot,@user Desert Storm was an unqualified victory a treaty was signed. Under Clinton the situation only got worse and more violent. #tcot,violent storm,Your Six,Disaster-related,0.5957,0.9314305782318115,0.0635419487953186,0.00502749951556325,Negative,-0.9264030787162483,0.9314305782318115
778255010,6.28959E+17,Dramatic Video Shows Plane Landing During Violent Storm http://t.co/XRgPdlSWfD,Dramatic Video Shows Plane Landing During Violent Storm http://t.co/XRgPdlSWfD,dramatic video show plane landing violent storm URL,Dramatic Video Shows Plane Landing During Violent Storm http,violent storm,"ÌÏT: 1.50225,103.742992",Disaster-related,1.0,0.26807719469070435,0.711764931678772,0.020157955586910248,Neutral,-0.2479192391037941,0.711764931678772
778255019,6.29022E+17,Storm batters top half of North Island: A violent overnight storm has battered the upper North Island uprootin... http://t.co/fHVOkmpheD,Storm batters top half of North Island: A violent overnight storm has battered the upper North Island uprootin... http://t.co/fHVOkmpheD,storm batter top half north island violent overnight storm battered upper north island uprootin URL,Storm batters top half of North Island: A violent overnight storm has battered the upper North Island uprootin... http,violent storm,New Zealand,Disaster-related,1.0,0.45194414258003235,0.5326266288757324,0.015429253689944744,Neutral,-0.4365148888900876,0.5326266288757324
778255021,6.26196E+17,If you were the NWS wth a rotating storm w/ a report of a 'HUGE' / 'MASSIVE' / 'VIOLENT' tornado what would you do? https://t.co/J3dI85IST5,If you were the NWS wth a rotating storm w/ a report of a 'HUGE' / 'MASSIVE' / 'VIOLENT' tornado what would you do? https://t.co/J3dI85IST5,nw wth rotating storm report tornado would URL,If you were the NWS wth a rotating storm w/ a report of a 'HUGE' / 'MASSIVE' / 'VIOLENT' tornado what would you do? http,violent storm,Unknown,Disaster-related,0.8009,0.1448403298854828,0.8095614910125732,0.045598238706588745,Neutral,-0.09924209117889404,0.8095614910125732
778255023,6.26631E+17,2012#Shell's 250-foot-tall drilling rig broke loose from a towline&amp;drifted out of control during violent winter storm #incompetent #shellno,2012#Shell's 250-foot-tall drilling rig broke loose from a towline&drifted out of control during violent winter storm #incompetent #shellno,NUMBER shell NUMBER drilling rig broke loose towline drifted control violent winter storm incompetent shellno,2012#Shell's 250-foot-tall drilling rig broke loose from a towline&drifted out of control during violent winter storm #incompetent #shellno,violent storm,"Greater Vancouver, British Columbia",Disaster-related,1.0,0.8872684836387634,0.10667828470468521,0.006053247954696417,Negative,-0.881215235684067,0.8872684836387634
778255026,6.29103E+17,Jetstar and Virgin forced to cancel Bali flights again because of ash from Mount Raung volcano http://t.co/jTJoFLtMS4,Jetstar and Virgin forced to cancel Bali flights again because of ash from Mount Raung volcano http://t.co/jTJoFLtMS4,jetstar virgin forced cancel bali flight ash mount raung volcano URL,Jetstar and Virgin forced to cancel Bali flights again because of ash from Mount Raung volcano http,volcano,"Perth, Australia",Disaster-related,1.0,0.65627521276474,0.3356075882911682,0.008117232471704483,Negative,-0.6481579802930355,0.65627521276474
778255027,6.291E+17,"nside a Dragon's belly. Or an ice cave under
a volcano in Kamchatka | Photography by
å©Daniel Korzhonov
http://t.co/8T36HWgoqd",nside a Dragon's belly. Or an ice cave under a volcano in Kamchatka | Photography by å©Daniel Korzhonov http://t.co/8T36HWgoqd,nside dragon belly ice cave volcano kamchatka photography korzhonov URL,nside a Dragon's belly. Or an ice cave under a volcano in Kamchatka | Photography by å©Daniel Korzhonov http,volcano,? ??????? ? ( ?? å¡ ? ? ? å¡),Disaster-related,0.597,0.014043906703591347,0.9527319669723511,0.033224038779735565,Neutral,0.01918013207614422,0.9527319669723511
778255031,6.29101E+17,Maailiss: Diaporama : sixpenceee: Karymsky Lake is a crater lake located in the Karymsky volcanoåÊinåÊRussia. With aÛ_ http://t.co/4o460Fm8HN,Maailiss: Diaporama : sixpenceee: Karymsky Lake is a crater lake located in the Karymsky volcanoåÊinåÊRussia. With a Û_ http://t.co/4o460Fm8HN,maailiss diaporama sixpenceee karymsky lake crater lake located karymsky volcanoåêinåêrussia URL,Maailiss: Diaporama : sixpenceee: Karymsky Lake is a crater lake located in the Karymsky volcanoåÊinåÊRussia. With a Û_ http,volcano,Unknown,Not disaster-related,0.5996,0.016230672597885132,0.9535930156707764,0.030176237225532532,Neutral,0.0139455646276474,0.9535930156707764
778255041,6.29101E+17,#USGS M 1.9 - 5km S of Volcano Hawaii: Time2015-08-06 01:04:01 UTC2015-08-05 15:04:01 -10:00 at epicenter... http://t.co/dIsrwhQGym #SM,#USGS M 1.9 - 5km S of Volcano Hawaii: Time2015-08-06 01:04:01 UTC2015-08-05 15:04:01 -10:00 at epicenter... http://t.co/dIsrwhQGym #SM,usgs NUMBER volcano hawaii NUMBER NUMBER NUMBER NUMBER NUMBER NUMBER NUMBER NUMBER NUMBER NUMBER NUMBER NUMBER epicenter URL sm,#USGS M 1.9 - 5km S of Volcano Hawaii: Time2015-08-06 01:04:01 UTC2015-08-05 15:04:01 -10:00 at epicenter... http #SM,volcano,Unknown,Disaster-related,1.0,0.016889899969100952,0.9445316791534424,0.038578376173973083,Neutral,0.02168847620487213,0.9445316791534424
778255044,6.29099E+17,Diaporama : sixpenceee: Karymsky Lake is a crater lake located in the Karymsky volcanoåÊinåÊRussia. With a... http://t.co/7uf7TSt9Zx,Diaporama : sixpenceee: Karymsky Lake is a crater lake located in the Karymsky volcanoåÊinåÊRussia. With a... http://t.co/7uf7TSt9Zx,diaporama sixpenceee karymsky lake crater lake located karymsky volcanoåêinåêrussia URL,Diaporama : sixpenceee: Karymsky Lake is a crater lake located in the Karymsky volcanoåÊinåÊRussia. With a... http,volcano,Paris,Not disaster-related,0.7994,0.011826175265014172,0.962334156036377,0.025839636102318764,Neutral,0.014013460837304592,0.962334156036377
778255057,6.29097E+17,@alextucker VOLCANO BOWL DRINK,@alextucker VOLCANO BOWL DRINK,USER volcano bowl drink,@user VOLCANO BOWL DRINK,volcano,"cleveland, oh",Disaster-related,0.6038,0.03413095325231552,0.8393115997314453,0.12655749917030334,Neutral,0.09242654591798782,0.8393115997314453
778255059,6.291E+17,Brian Shaw + J.J. Hickson + Kenneth Faried trying to defend LaMarcus Aldridge was A BLOOD VOLCANO http://t.co/20TWGPmM7d,Brian Shaw + J.J. Hickson + Kenneth Faried trying to defend LaMarcus Aldridge was A BLOOD VOLCANO http://t.co/20TWGPmM7d,brian shaw hickson kenneth faried trying defend lamarcus aldridge blood volcano URL,Brian Shaw + J.J. Hickson + Kenneth Faried trying to defend LaMarcus Aldridge was A BLOOD VOLCANO http,volcano,Northern Colorado,Not disaster-related,0.5964,0.29228413105010986,0.6751934289932251,0.032522402703762054,Neutral,-0.2597617283463478,0.6751934289932251
778255067,6.29097E+17,This LA Startup Is So Hot that Their Flowers Come Straight from a Volcano http://t.co/R3PDdjPiEe via @LATechWatch,This LA Startup Is So Hot that Their Flowers Come Straight from a Volcano http://t.co/R3PDdjPiEe via @LATechWatch,la startup hot flower come straight volcano URL via USER,This LA Startup Is So Hot that Their Flowers Come Straight from a Volcano http via @user,volcano,Unknown,Not disaster-related,0.8005,0.002637929283082485,0.053531453013420105,0.9438306093215942,Positive,0.9411926800385118,0.9438306093215942
778255084,6.29089E+17,I think it's time for a cup of tea and a scone before I tackle the war zone that is is my bedroom. I wonder how many condom packets Ill find,I think it's time for a cup of tea and a scone before I tackle the war zone that is is my bedroom. I wonder how many condom packets Ill find,think time cup tea scone tackle war zone bedroom wonder many condom packet ill find,I think it's time for a cup of tea and a scone before I tackle the war zone that is is my bedroom. I wonder how many condom packets Ill find,war zone,"Wellington City, New Zealand",Not disaster-related,1.0,0.16248711943626404,0.6669563055038452,0.1705566644668579,Neutral,0.008069545030593872,0.6669563055038452
778255091,6.29105E+17,@kasiakosek the drive sucks in my case because I know my desk looks like a war zone and then everyone goes into the 'I need this' mode,@kasiakosek the drive sucks in my case because I know my desk looks like a war zone and then everyone goes into the 'I need this' mode,USER drive suck case know desk look like war zone everyone go need mode,@user the drive sucks in my case because I know my desk looks like a war zone and then everyone goes into the 'I need this' mode,war zone,Southern California,Not disaster-related,1.0,0.9129738211631775,0.07607438415288925,0.010951841250061989,Negative,-0.9020219799131155,0.9129738211631775
778255096,6.29106E+17,@RobertONeill31 Getting hit by a foul ball while sitting there is hardly a freak accident. It's a war zone.,@RobertONeill31 Getting hit by a foul ball while sitting there is hardly a freak accident. It's a war zone.,USER getting hit foul ball sitting hardly freak accident war zone,@user Getting hit by a foul ball while sitting there is hardly a freak accident. It's a war zone.,war zone,Unknown,Not disaster-related,0.803,0.7715699672698975,0.21305537223815918,0.015374667011201382,Negative,-0.7561953002586961,0.7715699672698975
778255099,6.29098E+17,Twitter is going to be a war zone today  https://t.co/1QHNqCZvod,Twitter is going to be a war zone today https://t.co/1QHNqCZvod,twitter going war zone today URL,Twitter is going to be a war zone today http,war zone,Sky's The limit (B.I.G) ????,Not disaster-related,1.0,0.7937212586402893,0.1843530535697937,0.021925708279013634,Negative,-0.7717955503612757,0.7937212586402893
778255111,6.29127E+17,@junsuisengen changing my weapon!,@junsuisengen changing my weapon!,USER changing weapon,@user changing my weapon!,weapon,åÊ(? Û¢`? Û¢å«)??,Not disaster-related,1.0,0.022854095324873924,0.7611523270606995,0.21599359810352325,Neutral,0.19313950277864933,0.7611523270606995
778255112,6.29125E+17,@DwarfOnJetpack I guess I can say you and me might have one thing in common my biological father made me this way to be his weapon,@DwarfOnJetpack I guess I can say you and me might have one thing in common my biological father made me this way to be his weapon,USER guess say might one thing common biological father made way weapon,@user I guess I can say you and me might have one thing in common my biological father made me this way to be his weapon,weapon,New York 2099,Not disaster-related,1.0,0.08060004562139511,0.673794150352478,0.24560579657554626,Neutral,0.16500575095415115,0.673794150352478
778255120,6.29125E+17,@Weapon_X_music hey guys thanks for a rock in my world and for the follow????????,@Weapon_X_music hey guys thanks for a rock in my world and for the follow????????,USER hey guy thanks rock world follow,@user hey guys thanks for a rock in my world and for the follow????????,weapon,"UK,singer,songwriter,?2 act",Not disaster-related,0.7964,0.0023770334664732218,0.02388186939060688,0.9737410545349121,Positive,0.9713640210684389,0.9737410545349121
778255122,6.29126E+17,Iranian warship points weapon at U.S. helicopter official says http://t.co/SnqfHpYm3O #tcot,Iranian warship points weapon at U.S. helicopter official says http://t.co/SnqfHpYm3O #tcot,iranian warship point weapon helicopter official say URL tcot,Iranian warship points weapon at U.S. helicopter official says http #tcot,weapon,MI - CA,Disaster-related,1.0,0.1709289252758026,0.8142285346984863,0.014842570759356022,Neutral,-0.1560863545164466,0.8142285346984863
778255128,6.29126E+17,Rare insight into #terror and How to fight it http://t.co/t6OBVWaPhW #Cameroon #USA #Whitehouse #ES #FR #Nigeria #UK #Africa #DE #CA #AU #JP,Rare insight into #terror and How to fight it http://t.co/t6OBVWaPhW #Cameroon #USA #Whitehouse #ES #FR #Nigeria #UK #Africa #DE #CA #AU #JP,rare insight terror fight URL cameroon usa whitehouse e fr nigeria uk africa de ca au jp,Rare insight into #terror and How to fight it http #Cameroon #USA #Whitehouse #ES #FR #Nigeria #UK #Africa #DE #CA #AU #JP,weapon,Washington DC,Disaster-related,0.6012,0.15803439915180206,0.8172229528427124,0.024742648005485535,Neutral,-0.13329175114631653,0.8172229528427124
778255136,6.29125E+17,Even if u have your weapon and your badge we gonna put them choppas on your ass????,Even if u have your weapon and your badge we gonna put them choppas on your ass????,even u weapon badge gon na put choppas as,Even if u have your weapon and your badge we gonna put them choppas on your ass????,weapon,Unknown,Disaster-related,0.6024,0.7931262850761414,0.19536522030830383,0.011508442461490631,Negative,-0.7816178426146507,0.7931262850761414
778255152,6.29125E+17,Iranian warship points weapon at American helicopter... http://t.co/cgFZk8Ha1R,Iranian warship points weapon at American helicopter... http://t.co/cgFZk8Ha1R,iranian warship point weapon american helicopter URL,Iranian warship points weapon at American helicopter... http,weapon,Not Of This World,Disaster-related,0.8036,0.12315361201763153,0.8553288578987122,0.021517477929592133,Neutral,-0.1016361340880394,0.8553288578987122
778255154,6.29076E+17,#Kick Hendrixonfire  @'=BLACKCATS= | BIG NOOB CONQUEST | MIXED MAPS | ALL WEAPONS' for violated K/DR  Limit /Server  max 3,#Kick Hendrixonfire @'=BLACKCATS= | BIG NOOB CONQUEST | MIXED MAPS | ALL WEAPONS' for violated K/DR Limit /Server max 3,kick hendrixonfire big noob conquest mixed map weapon violated limit max NUMBER,#Kick Hendrixonfire @'=BLACKCATS= | BIG NOOB CONQUEST | MIXED MAPS | ALL WEAPONS' for violated K/DR Limit /Server max 3,weapons,"California, United States",Not disaster-related,0.5976,0.0690998062491417,0.8867427110671997,0.04415753111243248,Neutral,-0.024942275136709213,0.8867427110671997
778255156,6.2908E+17,"The thing with rules is break it once it becomes easier the next time.
http://t.co/hGb1mc3IRk  https://t.co/6ysXGhc8gz",The thing with rules is break it once it becomes easier the next time. http://t.co/hGb1mc3IRk https://t.co/6ysXGhc8gz,thing rule break becomes easier next time URL URL,The thing with rules is break it once it becomes easier the next time. http http,weapons,"Odawara, Japan",Not disaster-related,1.0,0.3110767602920532,0.6151517033576965,0.07377158105373383,Neutral,-0.2373051792383194,0.6151517033576965
778255157,6.29077E+17,I'm sorry but if you have to resort to weapons to settle something you're a pussy win or lose take your shit like a man &amp; leave it at that,I'm sorry but if you have to resort to weapons to settle something you're a pussy win or lose take your shit like a man & leave it at that,sorry resort weapon settle something pussy win lose take shit like man leave,I'm sorry but if you have to resort to weapons to settle something you're a pussy win or lose take your shit like a man & leave it at that,weapons,"Houston, TX",Disaster-related,0.597,0.9307082295417786,0.06446360051631927,0.00482812337577343,Negative,-0.9258801061660051,0.9307082295417786
778255158,6.29078E+17,Incredulous at continued outcry of welfare being a waste of taxpayers money but never similar objection to å£100bn on nuclear weapons,Incredulous at continued outcry of welfare being a waste of taxpayers money but never similar objection to å£100bn on nuclear weapons,incredulous continued outcry welfare waste taxpayer money never similar objection nuclear weapon,Incredulous at continued outcry of welfare being a waste of taxpayers money but never similar objection to å£100bn on nuclear weapons,weapons,"Ely, Cambridgeshire",Disaster-related,0.8022,0.8680905103683472,0.11956804990768433,0.012341443449258804,Negative,-0.8557490669190884,0.8680905103683472
778255161,6.29073E+17,@JPens4Real21 Geno has weapons now I'll give him the benefit of the doubt this year. I'm just not a huge believer. Still not mature enough.,@JPens4Real21 Geno has weapons now I'll give him the benefit of the doubt this year. I'm just not a huge believer. Still not mature enough.,USER geno weapon give benefit doubt year huge believer still mature enough,@user Geno has weapons now I'll give him the benefit of the doubt this year. I'm just not a huge believer. Still not mature enough.,weapons,"New York, NY",Not disaster-related,0.5946,0.4009096920490265,0.5440123677253723,0.055077891796827316,Neutral,-0.3458318002521992,0.5440123677253723
778255176,6.29074E+17,Ukraine argues for US weapons during Pelosi's visit to Kiev http://t.co/jnN0kRNXvY http://t.co/5LOiWuyv5r,Ukraine argues for US weapons during Pelosi's visit to Kiev http://t.co/jnN0kRNXvY http://t.co/5LOiWuyv5r,ukraine argues u weapon pelosi visit kiev URL URL,Ukraine argues for US weapons during Pelosi's visit to Kiev http http,weapons,Unknown,Disaster-related,0.6013,0.13156214356422424,0.844802737236023,0.023635132238268852,Neutral,-0.10792701132595539,0.844802737236023
778255180,6.29075E+17,"??Water fight??
Penn park 6pm 
      BYOW
(Bring Your Own Weapons)",??Water fight?? Penn park 6pm BYOW (Bring Your Own Weapons),water fight penn park byow bring weapon,??Water fight?? Penn park 6pm BYOW (Bring Your Own Weapons),weapons,Unknown,Not disaster-related,1.0,0.025065194815397263,0.8913242220878601,0.08361052721738815,Neutral,0.05854533240199089,0.8913242220878601
778255181,6.29075E+17,Abe proposed a new plan for abolishing nuclear weapons. Yesterday his defense minister made clear nukes are fine. http://t.co/A6IR8rKuwS,Abe proposed a new plan for abolishing nuclear weapons. Yesterday his defense minister made clear nukes are fine. http://t.co/A6IR8rKuwS,abe proposed new plan abolishing nuclear weapon yesterday defense minister made clear nuke fine URL,Abe proposed a new plan for abolishing nuclear weapons. Yesterday his defense minister made clear nukes are fine. http,weapons,Tokyo,Not disaster-related,0.403,0.02587370201945305,0.6992729306221008,0.27485331892967224,Neutral,0.2489796169102192,0.6992729306221008
778255189,6.29073E+17,PM Abe pledged to make every effort to seek a world without nuclear weapons. http://t.co/CBXnHhZ6kD,PM Abe pledged to make every effort to seek a world without nuclear weapons. http://t.co/CBXnHhZ6kD,pm abe pledged make every effort seek world without nuclear weapon URL,PM Abe pledged to make every effort to seek a world without nuclear weapons. http,weapons,"Hawthorne, NE",Disaster-related,0.597,0.019494472071528435,0.726824164390564,0.2536812722682953,Neutral,0.23418680019676685,0.726824164390564
778255209,6.29252E+17,Missing Malaysian airplane: Debris was planted ÛÒ Families News - WhirlWind News http://t.co/bLd0nHKzbh,Missing Malaysian airplane: Debris was planted ÛÒ Families News - WhirlWind News http://t.co/bLd0nHKzbh,missing malaysian airplane debris planted ûò family news whirlwind news URL,Missing Malaysian airplane: Debris was planted ÛÒ Families News - WhirlWind News http,whirlwind,Unknown,Disaster-related,1.0,0.39522767066955566,0.5918987989425659,0.01287359930574894,Neutral,-0.3823540713638067,0.5918987989425659
778255215,6.2933E+17,Warcraft has always been this weird referential whirlwind to itself and other things,Warcraft has always been this weird referential whirlwind to itself and other things,warcraft always weird referential whirlwind thing,Warcraft has always been this weird referential whirlwind to itself and other things,whirlwind,GARRUS?,Disaster-related,0.6024,0.590857744216919,0.3905009925365448,0.018641263246536255,Negative,-0.5722164809703827,0.590857744216919
778255226,6.29304E+17,I liked a @YouTube video http://t.co/a5YTAw9Vih S.O.S. Rona Guide - The Red Whirlwind,I liked a @YouTube video http://t.co/a5YTAw9Vih S.O.S. Rona Guide - The Red Whirlwind,liked USER video URL rona guide red whirlwind,I liked a @user video http S.O.S. Rona Guide - The Red Whirlwind,whirlwind,Japan,Not disaster-related,0.8,0.001805960782803595,0.03963928669691086,0.958554744720459,Positive,0.9567487839376554,0.958554744720459
778255232,6.29333E+17,Whirlwind that has lasted for more than an hour and still strong. A standstill in parts of middle east.,Whirlwind that has lasted for more than an hour and still strong. A standstill in parts of middle east.,whirlwind lasted hour still strong standstill part middle east,Whirlwind that has lasted for more than an hour and still strong. A standstill in parts of middle east.,whirlwind,"Nairobi, Kenya",Disaster-related,0.8012,0.5854109525680542,0.39078816771507263,0.02380084991455078,Negative,-0.5616101026535034,0.5854109525680542
778255245,6.29225E+17,In @edfringe? We highly recommend @M00NF00L #Titania @Summerhallery A whirlwind reimagining /Shakespeare's Midsummer https://t.co/iIAIGZkbnJ,In @edfringe? We highly recommend @M00NF00L #Titania @Summerhallery A whirlwind reimagining /Shakespeare's Midsummer https://t.co/iIAIGZkbnJ,USER highly recommend USER titania USER whirlwind reimagining midsummer URL,In @user? We highly recommend @user #Titania @user A whirlwind reimagining /Shakespeare's Midsummer http,whirlwind,Manchester,Not disaster-related,1.0,0.0017239724984392524,0.06608391553163528,0.9321921467781067,Positive,0.9304681742796674,0.9321921467781067
778255247,6.29251E+17,Whirlwind weekend #1 starts in 12 hours #cantwaittoplayinminneapolis,Whirlwind weekend #1 starts in 12 hours #cantwaittoplayinminneapolis,whirlwind weekend NUMBER start NUMBER hour cantwaittoplayinminneapolis,Whirlwind weekend #1 starts in 12 hours #cantwaittoplayinminneapolis,whirlwind,Unknown,Not disaster-related,0.6,0.0035294783301651478,0.16086694598197937,0.8356035947799683,Positive,0.8320741164498031,0.8356035947799683
778255251,6.29306E+17,This past week has been an absolute whirlwind.... Athens bound,This past week has been an absolute whirlwind.... Athens bound,past week absolute whirlwind athens bound,This past week has been an absolute whirlwind.... Athens bound,whirlwind,Atlanta - FAU class of '18,Disaster-related,1.0,0.37339574098587036,0.318979948759079,0.30762428045272827,Negative,-0.06577146053314209,0.37339574098587036
778255255,6.28608E+17,?? #BREAKING: massive wild- and field fires reported throughout Germany! The most fires are in eastern #German http://t.co/4zSIy7EO2O,?? #BREAKING: massive wild- and field fires reported throughout Germany! The most fires are in eastern #German http://t.co/4zSIy7EO2O,breaking massive field fire reported throughout germany fire eastern german URL,?? #BREAKING: massive wild- and field fires reported throughout Germany! The most fires are in eastern #German http,wild fires,Welt,Disaster-related,1.0,0.5661396384239197,0.38548627495765686,0.048374105244874954,Negative,-0.5177655331790447,0.5661396384239197
778255258,6.29123E+17,my wife has opted to take holidays &amp; historically since we met @lanahillman gets special treatment her bonfires can't start wild fires-RAIN!,my wife has opted to take holidays & historically since we met @lanahillman gets special treatment her bonfires can't start wild fires-RAIN!,wife opted take holiday historically since met USER get special treatment bonfire ca start wild,my wife has opted to take holidays & historically since we met @user gets special treatment her bonfires can't start wild fires-RAIN!,wild fires,YYC,Disaster-related,0.6018,0.34558215737342834,0.544102668762207,0.11031518131494522,Neutral,-0.23526697605848312,0.544102668762207
778255266,6.28318E+17,Firefighters Headed To California To Fight Wild Fires http://t.co/J2PYkYo0EN,Firefighters Headed To California To Fight Wild Fires http://t.co/J2PYkYo0EN,firefighter headed california fight wild fire URL,Firefighters Headed To California To Fight Wild Fires http,wild fires,"Fort Walton Beach, FL",Disaster-related,1.0,0.024958034977316856,0.9139991998672485,0.061042726039886475,Neutral,0.03608469106256962,0.9139991998672485
778255272,6.28549E+17,California wild fires...clearly caused by global climate change and excess CO2!!!?,California wild fires...clearly caused by global climate change and excess CO2!!!?,california wild fire clearly caused global climate change excess,California wild fires...clearly caused by global climate change and excess CO2!!!?,wild fires,USA,Disaster-related,1.0,0.7398077845573425,0.24208106100559235,0.018111109733581543,Negative,-0.721696674823761,0.7398077845573425
778255274,6.28239E+17,@cnni @PrisonPlanet Climate Change CNN weather 'specialist' warning:wild fires rain flooding noting about the sun? http://t.co/0sZwlWL9qU,@cnni @PrisonPlanet Climate Change CNN weather 'specialist' warning:wild fires rain flooding noting about the sun? http://t.co/0sZwlWL9qU,USER USER climate change cnn weather warning wild fire rain flooding noting sun URL,@user @user Climate Change CNN weather 'specialist' warning:wild fires rain flooding noting about the sun? http,wild fires,planet earth,Disaster-related,1.0,0.09469790011644363,0.8902983069419861,0.01500376034528017,Neutral,-0.07969413977116346,0.8902983069419861
778255281,6.28966E+17,Stampedes and fires brought him home; can her love make him stay? TAME A WILD HEART #audiobook http://t.co/2dPKqAFtbr #BYNR @BeingAuthor,Stampedes and fires brought him home; can her love make him stay? TAME A WILD HEART #audiobook http://t.co/2dPKqAFtbr #BYNR @BeingAuthor,stampede fire brought home love make stay tame wild heart audiobook URL bynr USER,Stampedes and fires brought him home; can her love make him stay? TAME A WILD HEART #audiobook http #BYNR @user,wild fires,Colorado,Not disaster-related,0.8338,0.005689272657036781,0.3790234625339508,0.6152873039245605,Positive,0.6095980312675238,0.6152873039245605
778255285,6.28333E+17,These wild fires out west are crazy.,These wild fires out west are crazy.,wild fire west crazy,These wild fires out west are crazy.,wild fires,New Jersey,Disaster-related,1.0,0.7923938632011414,0.17738492786884308,0.03022114560008049,Negative,-0.7621727176010609,0.7923938632011414
778255298,6.28262E+17,when there's 35 wild fires in the US and 21 of them are in California....AND we're in a drought.....this state is so sad,when there's 35 wild fires in the US and 21 of them are in California....AND we're in a drought.....this state is so sad,NUMBER wild fire u NUMBER california drought state sad,when there's 35 wild fires in the US and 21 of them are in California....AND we're in a drought.....this state is so sad,wild fires,Unknown,Disaster-related,1.0,0.9266871809959412,0.06782457232475281,0.00548821734264493,Negative,-0.9211989636532962,0.9266871809959412
778255299,6.29159E+17,Wild land fires.. Here I come. ??????,Wild land fires.. Here I come. ??????,wild land fire come,Wild land fires.. Here I come. ??????,wild fires,Unknown,Disaster-related,0.803,0.6675180792808533,0.3118908703327179,0.02059105969965458,Negative,-0.6469270195811987,0.6675180792808533
778255301,6.28405E+17,My heart goes out to all those effected by the wild fires in Cali????,My heart goes out to all those effected by the wild fires in Cali????,heart go effected wild fire cali,My heart goes out to all those effected by the wild fires in Cali????,wild fires,Unknown,Disaster-related,1.0,0.8587021231651306,0.1294575333595276,0.011840282939374447,Negative,-0.8468618402257562,0.8587021231651306
778255309,6.29351E+17,11:57am Wildfire by The Mynabirds from Lovers Know,11:57am Wildfire by The Mynabirds from Lovers Know,NUMBER wildfire mynabirds lover know,11:57am Wildfire by The Mynabirds from Lovers Know,wildfire,Colorado,Not disaster-related,0.5944,0.009853447787463665,0.9104350209236145,0.07971160858869553,Neutral,0.06985816080123186,0.9104350209236145
778255313,6.2935E+17,About to get it with the babes of #wildfire and @taviiikenney of course!!,About to get it with the babes of #wildfire and @taviiikenney of course!!,get babe wildfire USER course,About to get it with the babes of #wildfire and @user of course!!,wildfire,Unknown,Not disaster-related,0.6024,0.00174500304274261,0.03729652240872383,0.9609584808349609,Positive,0.9592134777922183,0.9609584808349609
778255320,6.29347E+17,#IDFire Parker Ridge Fact Sheet Aug 6 2015 (Parker Ridge Wildfire): Information Phone: 208-267-6773 Email: pa... http://t.co/ZggpaCjP7D,#IDFire Parker Ridge Fact Sheet Aug 6 2015 (Parker Ridge Wildfire): Information Phone: 208-267-6773 Email: pa... http://t.co/ZggpaCjP7D,idfire parker ridge fact sheet aug NUMBER NUMBER parker ridge wildfire information phone NUMBER NUMBER NUMBER email pa URL,#IDFire Parker Ridge Fact Sheet Aug 6 2015 (Parker Ridge Wildfire): Information Phone: 208-267-6773 Email: pa... http,wildfire,Unknown,Disaster-related,0.7964,0.03641301020979881,0.9466680288314819,0.016918925568461418,Neutral,-0.019494084641337395,0.9466680288314819
778255327,6.29353E+17,As California fires rage the Forest Service sounds the alarm about sharply rising wildfire costs http://t.co/ht8FyiMJlR,As California fires rage the Forest Service sounds the alarm about sharply rising wildfire costs http://t.co/ht8FyiMJlR,california fire rage forest service sound alarm sharply rising wildfire cost URL,As California fires rage the Forest Service sounds the alarm about sharply rising wildfire costs http,wildfire,"California, USA",Disaster-related,1.0,0.4837663769721985,0.5008695721626282,0.015364035964012146,Neutral,-0.46840234100818634,0.5008695721626282
778255337,6.29347E+17,Solitude Fire Update August 6 2015 (Solitude Wildfire): Summary: This lightning-caused fire is being ... http://t.co/4eSbsA8InT #UTFire,Solitude Fire Update August 6 2015 (Solitude Wildfire): Summary: This lightning-caused fire is being ... http://t.co/4eSbsA8InT #UTFire,solitude fire update august NUMBER NUMBER solitude wildfire summary fire URL utfire,Solitude Fire Update August 6 2015 (Solitude Wildfire): Summary: This lightning-caused fire is being ... http #UTFire,wildfire,Unknown,Disaster-related,1.0,0.12546122074127197,0.8546801805496216,0.019858650863170624,Neutral,-0.10560256987810135,0.8546801805496216
778255338,6.29352E+17,The Latest: More homes razed by Northern California wildfire - LancasterOnline http://t.co/ph7wllKRfI #Lancaster,The Latest: More homes razed by Northern California wildfire - LancasterOnline http://t.co/ph7wllKRfI #Lancaster,latest home razed northern california wildfire lancasteronline URL lancaster,The Latest: More homes razed by Northern California wildfire - LancasterOnline http #Lancaster,wildfire,Lancaster California,Disaster-related,1.0,0.29530805349349976,0.6898198127746582,0.01487215980887413,Neutral,-0.2804358936846256,0.6898198127746582
778255351,6.29348E+17,The Latest: #Wildfire destroys more homes but crews advance - WQOW TV News 18 http://t.co/Hj26SFDdfI,The Latest: #Wildfire destroys more homes but crews advance - WQOW TV News 18 http://t.co/Hj26SFDdfI,latest wildfire destroys home crew advance wqow tv news NUMBER URL,The Latest: #Wildfire destroys more homes but crews advance - WQOW TV News 18 http,wildfire,USA,Disaster-related,1.0,0.5129593014717102,0.4661981165409088,0.02084253542125225,Negative,-0.49211676605045795,0.5129593014717102
778255353,6.28908E+17,For sixth year in a row premium costs for windstorm insurance to climb. This time by 5 percent. #GalvNews  https://t.co/Cm9TvE2Vsq,For sixth year in a row premium costs for windstorm insurance to climb. This time by 5 percent. #GalvNews https://t.co/Cm9TvE2Vsq,sixth year row premium cost windstorm insurance climb time NUMBER percent galvnews URL,For sixth year in a row premium costs for windstorm insurance to climb. This time by 5 percent. #GalvNews http,windstorm,"Galveston, Texas",Not disaster-related,0.8,0.5223032832145691,0.44913437962532043,0.02856234833598137,Negative,-0.4937409348785877,0.5223032832145691
778255363,6.28643E+17,Texas Seeks Comment on Rules for Changes to WindstormåÊInsurer http://t.co/92fwtObi3U,Texas Seeks Comment on Rules for Changes to WindstormåÊInsurer http://t.co/92fwtObi3U,texas seek comment rule change windstormåêinsurer URL,Texas Seeks Comment on Rules for Changes to WindstormåÊInsurer http,windstorm,Unknown,Disaster-related,0.6036,0.05614331364631653,0.9247732758522034,0.019083483144640923,Neutral,-0.037059830501675606,0.9247732758522034
778255370,6.28759E+17,#Insurance Texas Seeks Comment on Rules for Changes to Windstorm Insurer: The Texas Department of Insurance is...  http://t.co/byvUBg0WyE,#Insurance Texas Seeks Comment on Rules for Changes to Windstorm Insurer: The Texas Department of Insurance is... http://t.co/byvUBg0WyE,insurance texas seek comment rule change windstorm insurer texas department insurance URL,#Insurance Texas Seeks Comment on Rules for Changes to Windstorm Insurer: The Texas Department of Insurance is... http,windstorm,Unknown,Disaster-related,0.6013,0.017272185534238815,0.9544076919555664,0.028320103883743286,Neutral,0.01104791834950447,0.9544076919555664
778255372,6.28681E+17,Windstorm board OKs rate hike before change http://t.co/AI6kwOrBbT #politics #txlege #twia,Windstorm board OKs rate hike before change http://t.co/AI6kwOrBbT #politics #txlege #twia,windstorm board ok rate hike change URL politics txlege twia,Windstorm board OKs rate hike before change http #politics #txlege #twia,windstorm,"Austin, Texas",Not disaster-related,0.8014,0.046501487493515015,0.9325201511383057,0.020978450775146484,Neutral,-0.02552303671836853,0.9325201511383057
778255381,6.28766E+17,My precious olive tree lost this battle...another crazy windstorm in #yyc! @weathernetwork http://t.co/N00DVXEga2,My precious olive tree lost this battle...another crazy windstorm in #yyc! @weathernetwork http://t.co/N00DVXEga2,precious olive tree lost battle another crazy windstorm yyc USER URL,My precious olive tree lost this battle...another crazy windstorm in #yyc! @user http,windstorm,"calgary,ab",Disaster-related,0.5991,0.9147806167602539,0.07532209157943726,0.009897264651954174,Negative,-0.9048833521082997,0.9147806167602539
778255392,6.28636E+17,Damn...was wondering where my drone ended up after the freak windstorm...?? https://t.co/dHgGxo7Mcc,Damn...was wondering where my drone ended up after the freak windstorm...?? https://t.co/dHgGxo7Mcc,damn wondering drone ended freak windstorm URL,Damn...was wondering where my drone ended up after the freak windstorm...?? http,windstorm,Argus Industries \m/666\m/,Disaster-related,1.0,0.8924260139465332,0.09998278319835663,0.007591210771352053,Negative,-0.8848348031751812,0.8924260139465332
778255397,6.28685E+17,A few more photos from this mornings windstorm. We've never seen anything like it! #rhodeisland #warwick,A few more photos from this mornings windstorm. We've never seen anything like it! #rhodeisland #warwick,photo morning windstorm never seen anything like rhodeisland warwick,A few more photos from this mornings windstorm. We've never seen anything like it! #rhodeisland #warwick,windstorm,Rhode Island,Disaster-related,1.0,0.033307891339063644,0.23447416722774506,0.7322179675102234,Positive,0.6989100761711597,0.7322179675102234
778255418,6.2912E+17,Police Officer Wounded Suspect Dead After Exchanging Shots: Richmond police officer wounded suspect killed after exchange of gunfire,Police Officer Wounded Suspect Dead After Exchanging Shots: Richmond police officer wounded suspect killed after exchange of gunfire,police officer wounded suspect dead exchanging shot richmond police officer wounded suspect killed exchange gunfire,Police Officer Wounded Suspect Dead After Exchanging Shots: Richmond police officer wounded suspect killed after exchange of gunfire,wounded,santo domingo,Disaster-related,1.0,0.5765737891197205,0.41464927792549133,0.008776980452239513,Negative,-0.567796808667481,0.5765737891197205
778255421,6.29117E+17,Gunmen kill four in El Salvador bus attack: Suspected Salvadoran gang members killed four people and wounded s... http://t.co/CNtwB6ScZj,Gunmen kill four in El Salvador bus attack: Suspected Salvadoran gang members killed four people and wounded s... http://t.co/CNtwB6ScZj,gunman kill four el salvador bus attack suspected salvadoran gang member killed four people wounded URL,Gunmen kill four in El Salvador bus attack: Suspected Salvadoran gang members killed four people and wounded s... http,wounded,Worldwide - Global,Disaster-related,0.803,0.7990885376930237,0.19494971632957458,0.005961705464869738,Negative,-0.7931268322281539,0.7990885376930237
778255423,6.29115E+17,"Have you ever seen the President 
who killed your wounded child?
Or the man that crashed your sister's plane 
claimin' he was sent of God?",Have you ever seen the President who killed your wounded child? Or the man that crashed your sister's plane claimin' he was sent of God?,ever seen president killed wounded child man crashed sister plane claimin sent god,Have you ever seen the President who killed your wounded child? Or the man that crashed your sister's plane claimin' he was sent of God?,wounded,Unknown,Not disaster-related,0.8048,0.9020790457725525,0.09260905534029007,0.005311848130077124,Negative,-0.8967671976424754,0.9020790457725525
778255429,6.29121E+17,Police officer wounded suspect dead after exchanging shots: RICHMOND Va. (AP) ÛÓ A Richmond police officer wa... http://t.co/Y0qQS2L7bS,Police officer wounded suspect dead after exchanging shots: RICHMOND Va. (AP) ÛÓ A Richmond police officer wa... http://t.co/Y0qQS2L7bS,police officer wounded suspect dead exchanging shot richmond ap ûó richmond police officer wa URL,Police officer wounded suspect dead after exchanging shots: RICHMOND Va. (AP) ÛÓ A Richmond police officer wa... http,wounded,Americas Newsroom,Disaster-related,0.6006,0.49952736496925354,0.4929170310497284,0.0075556254014372826,Negative,-0.49197173956781626,0.49952736496925354
778255439,6.29112E+17,I'm liable to sound like a wounded animal during sex if the ?? is good lol,I'm liable to sound like a wounded animal during sex if the ?? is good lol,liable sound like wounded animal sex good lol,I'm liable to sound like a wounded animal during sex if the ?? is good lol,wounded,"Brooklyn, NY",Not disaster-related,0.7952,0.6647986769676208,0.2643723487854004,0.07082897424697876,Negative,-0.5939697027206421,0.6647986769676208
778255440,6.2912E+17,Officer Wounded Suspect Killed in Exchange of Gunfire: Richmond police officer wounded suspect killed in exc... http://t.co/zDHwRN6cZc,Officer Wounded Suspect Killed in Exchange of Gunfire: Richmond police officer wounded suspect killed in exc... http://t.co/zDHwRN6cZc,officer wounded suspect killed exchange gunfire richmond police officer wounded suspect killed exc URL,Officer Wounded Suspect Killed in Exchange of Gunfire: Richmond police officer wounded suspect killed in exc... http,wounded,worldwide,Disaster-related,0.803,0.34631988406181335,0.6440061926841736,0.009673894383013248,Neutral,-0.3366459896788001,0.6440061926841736
778255442,6.29122E+17,Officer Wounded Suspect Killed in Exchange of Gunfire http://t.co/HHSjnAVHUA,Officer Wounded Suspect Killed in Exchange of Gunfire http://t.co/HHSjnAVHUA,officer wounded suspect killed exchange gunfire URL,Officer Wounded Suspect Killed in Exchange of Gunfire http,wounded,SWMO,Disaster-related,0.8042,0.557097852230072,0.4336804151535034,0.009221769869327545,Negative,-0.5478760823607445,0.557097852230072
778255445,6.29118E+17,[#Latestnews] Police officer wounded suspect dead after exchanging shots: RICHMOND Va. (AP) ÛÓ A Richmond pol... http://t.co/ia1HnGnHVB,[#Latestnews] Police officer wounded suspect dead after exchanging shots: RICHMOND Va. (AP) ÛÓ A Richmond pol... http://t.co/ia1HnGnHVB,latestnews police officer wounded suspect dead exchanging shot richmond ap ûó richmond pol URL,[#Latestnews] Police officer wounded suspect dead after exchanging shots: RICHMOND Va. (AP) ÛÓ A Richmond pol... http,wounded,"England, United Kingdom",Disaster-related,1.0,0.3895663321018219,0.601614773273468,0.008818875066936016,Neutral,-0.3807474570348859,0.601614773273468
778255446,6.29122E+17,ABC News: Police Officer Wounded Suspect Dead After Exchanging Shots. More #news - http://t.co/AzovGv4SB6,ABC News: Police Officer Wounded Suspect Dead After Exchanging Shots. More #news - http://t.co/AzovGv4SB6,abc news police officer wounded suspect dead exchanging shot news URL,ABC News: Police Officer Wounded Suspect Dead After Exchanging Shots. More #news - http,wounded,USA,Disaster-related,1.0,0.19118136167526245,0.790183424949646,0.018635226413607597,Neutral,-0.17254613526165485,0.790183424949646
778255447,6.29109E+17,National free root beer float day is tomorrow at A&amp;W from 2pm-close!! Help support the Wounded Warrior Project with donations!! :),National free root beer float day is tomorrow at A&W from 2pm-close!! Help support the Wounded Warrior Project with donations!! :),national free root beer float day tomorrow w help support wounded warrior project donation,National free root beer float day is tomorrow at A&W from 2pm-close!! Help support the Wounded Warrior Project with donations!! :),wounded,Unknown,Not disaster-related,0.5993,0.0012578351888805628,0.026825791224837303,0.9719163179397583,Positive,0.9706584827508777,0.9719163179397583
778255450,6.2912E+17,Police Officer Wounded Suspect Dead After Exchanging Shots: Richmond police officer wounded suspect killed a... http://t.co/w0r8EAOKA0,Police Officer Wounded Suspect Dead After Exchanging Shots: Richmond police officer wounded suspect killed a... http://t.co/w0r8EAOKA0,police officer wounded suspect dead exchanging shot richmond police officer wounded suspect killed URL,Police Officer Wounded Suspect Dead After Exchanging Shots: Richmond police officer wounded suspect killed a... http,wounded,"Paterson, New Jersey",Disaster-related,1.0,0.4759245812892914,0.5157641768455505,0.0083112558349967,Neutral,-0.4676133254542947,0.5157641768455505
778255478,6.2934E+17,Having your wounds kissed by Someone who doesn't see them as disasters in your soul but rather cracks to pour their love into is amazing.,Having your wounds kissed by Someone who doesn't see them as disasters in your soul but rather cracks to pour their love into is amazing.,wound kissed someone see disaster soul rather crack pour love amazing,Having your wounds kissed by Someone who doesn't see them as disasters in your soul but rather cracks to pour their love into is amazing.,wounds,United States,Not disaster-related,0.8738,0.034216880798339844,0.14968976378440857,0.8160933256149292,Positive,0.7818764448165894,0.8160933256149292
778255480,6.29349E+17,@FEVWarrior -in the Vault that could take a look at those wounds of yours if you'd like to go to one of these places first.' Zarry has had-,@FEVWarrior -in the Vault that could take a look at those wounds of yours if you'd like to go to one of these places first.' Zarry has had-,USER vault could take look wound like go one place first zarry,@user -in the Vault that could take a look at those wounds of yours if you'd like to go to one of these places first.' Zarry has had-,wounds,The American Wasteland (MV),Not disaster-related,1.0,0.026335788890719414,0.9090970158576965,0.0645672082901001,Neutral,0.038231419399380684,0.9090970158576965
778255487,6.29356E+17,It is not always friendship when kisses show up neither is it always enemity that shows up when wounds show up. #BishopFred,It is not always friendship when kisses show up neither is it always enemity that shows up when wounds show up. #BishopFred,always friendship kiss show neither always enemity show wound show bishopfred,It is not always friendship when kisses show up neither is it always enemity that shows up when wounds show up. #BishopFred,wounds,"KADUNA, NIGERIA",Not disaster-related,1.0,0.3709608316421509,0.5728949904441833,0.05614416301250458,Neutral,-0.3148166686296463,0.5728949904441833
778255492,6.29339E+17,What they (dentists) don't tell u is how much ur mouth will be in pain when the numbing wears off because of the puncture wounds in ur gums.,What they (dentists) don't tell u is how much ur mouth will be in pain when the numbing wears off because of the puncture wounds in ur gums.,dentist tell u much ur mouth pain numbing wear puncture wound ur gum,What they (dentists) don't tell u is how much ur mouth will be in pain when the numbing wears off because of the puncture wounds in ur gums.,wounds,"Dallas, TX",Not disaster-related,0.5999,0.7531429529190063,0.23342448472976685,0.013432460837066174,Negative,-0.7397104920819402,0.7531429529190063
778255503,6.29356E+17,@Squeaver just hangin out in star buck watchin my boy wreck this septic tank,@Squeaver just hangin out in star buck watchin my boy wreck this septic tank,USER hangin star buck watchin boy wreck septic tank,@user just hangin out in star buck watchin my boy wreck this septic tank,wreck,moss chamber b,Not disaster-related,1.0,0.33489134907722473,0.574049174785614,0.09105946123600006,Neutral,-0.24383188784122467,0.574049174785614
778255512,6.29353E+17,i'm sitting in the parking lot waiting to go into therapy and i'm crying and an emotional wreck and i don't want my therapist to know ????????????,i'm sitting in the parking lot waiting to go into therapy and i'm crying and an emotional wreck and i don't want my therapist to know ????????????,sitting parking lot waiting go therapy cry emotional wreck want therapist know,i'm sitting in the parking lot waiting to go into therapy and i'm crying and an emotional wreck and i don't want my therapist to know ????????????,wreck,"atl, ga",Not disaster-related,1.0,0.8952267169952393,0.09505587816238403,0.009717458859086037,Negative,-0.8855092581361532,0.8952267169952393
778255514,6.29355E+17,@Memenaar But the design decision to 'Let's make something fresh and beautiful and wonderful and then WRECK IT' is kindof odd in restrospect,@Memenaar But the design decision to 'Let's make something fresh and beautiful and wonderful and then WRECK IT' is kindof odd in restrospect,USER design decision make something fresh beautiful wonderful wreck kindof odd restrospect,@user But the design decision to 'Let's make something fresh and beautiful and wonderful and then WRECK IT' is kindof odd in restrospect,wreck,"Victoria, BC",Not disaster-related,1.0,0.5424019694328308,0.380942165851593,0.07665583491325378,Negative,-0.465746134519577,0.5424019694328308
778255519,6.29361E+17,i'm an emotional wreck watching emmerdale fml,i'm an emotional wreck watching emmerdale fml,emotional wreck watching emmerdale fml,i'm an emotional wreck watching emmerdale fml,wreck,probably in hell,Not disaster-related,1.0,0.8087790608406067,0.1555095762014389,0.03571136295795441,Negative,-0.7730676978826523,0.8087790608406067
778255526,6.29359E+17,I'm an emotional wreck right now.,I'm an emotional wreck right now.,emotional wreck right,I'm an emotional wreck right now.,wreck,Unknown,Not disaster-related,1.0,0.8701854944229126,0.10709365457296371,0.022720923647284508,Negative,-0.8474645707756281,0.8701854944229126
778255546,6.29359E+17,Dj d wreck cut the beat,Dj d wreck cut the beat,dj wreck cut beat,Dj d wreck cut the beat,wreck,Philippians 4:13,Not disaster-related,1.0,0.20656552910804749,0.7215848565101624,0.07184961438179016,Neutral,-0.13471591472625732,0.7215848565101624
778255553,6.29123E+17,Wreckage 'Conclusively Confirmed' as From MH370: Malaysia PM: Investigators and the families of those who were... http://t.co/SfAKQNveta,Wreckage 'Conclusively Confirmed' as From MH370: Malaysia PM: Investigators and the families of those who were... http://t.co/SfAKQNveta,wreckage confirmed malaysia pm investigator family URL,Wreckage 'Conclusively Confirmed' as From MH370: Malaysia PM: Investigators and the families of those who were... http,wreckage,Mumbai,Disaster-related,0.5988,0.37977904081344604,0.6092639565467834,0.010957006365060806,Neutral,-0.36882203444838524,0.6092639565467834
778255554,6.29124E+17,Wreckage Confirmed As Part of Missing Malaysia Airlines Flight MH370 http://t.co/yoPeYPJkb2 (VICE News),Wreckage Confirmed As Part of Missing Malaysia Airlines Flight MH370 http://t.co/yoPeYPJkb2 (VICE News),wreckage confirmed part missing malaysia airline flight URL vice news,Wreckage Confirmed As Part of Missing Malaysia Airlines Flight MH370 http (VICE News),wreckage,Tokyo,Disaster-related,1.0,0.5403487086296082,0.44959914684295654,0.010052190162241459,Negative,-0.5302965184673667,0.5403487086296082
778255555,6.29123E+17,Wreckage 'Conclusively Confirmed' as From MH370: Malaysia PM: Investigators and the families of those who were... http://t.co/gRh7zLK979,Wreckage 'Conclusively Confirmed' as From MH370: Malaysia PM: Investigators and the families of those who were... http://t.co/gRh7zLK979,wreckage confirmed malaysia pm investigator family URL,Wreckage 'Conclusively Confirmed' as From MH370: Malaysia PM: Investigators and the families of those who were... http,wreckage,Unknown,Disaster-related,1.0,0.37977904081344604,0.6092639565467834,0.010957006365060806,Neutral,-0.36882203444838524,0.6092639565467834
778255563,6.29123E+17,Wreckage 'Conclusively Confirmed' as From MH370: Malaysia PM: Investigators and the families of those who were... http://t.co/4xB4ZwyhCt,Wreckage 'Conclusively Confirmed' as From MH370: Malaysia PM: Investigators and the families of those who were... http://t.co/4xB4ZwyhCt,wreckage confirmed malaysia pm investigator family URL,Wreckage 'Conclusively Confirmed' as From MH370: Malaysia PM: Investigators and the families of those who were... http,wreckage,khanna,Disaster-related,1.0,0.37977904081344604,0.6092639565467834,0.010957006365060806,Neutral,-0.36882203444838524,0.6092639565467834
778255565,6.29127E+17,#science Now that a piece of wreckage from flight MH370 has been confirmed on RÌ©union Island is it possible t...  http://t.co/uqva3dfbCA,#science Now that a piece of wreckage from flight MH370 has been confirmed on RÌ©union Island is it possible t... http://t.co/uqva3dfbCA,science piece wreckage flight confirmed island possible URL,#science Now that a piece of wreckage from flight MH370 has been confirmed on RÌ©union Island is it possible t... http,wreckage,Unknown,Disaster-related,1.0,0.08950504660606384,0.8890227675437927,0.02147224359214306,Neutral,-0.06803280301392078,0.8890227675437927
778255573,6.29125E+17,"Related News: 

Plane Wreckage Found Is Part Of Missing MH370 Malaysia Prime Minister?Says
 - World - BuzzFeed |  http://t.co/qSiPL1C9Fa",Related News: Plane Wreckage Found Is Part Of Missing MH370 Malaysia Prime Minister?Says - World - BuzzFeed | http://t.co/qSiPL1C9Fa,related news plane wreckage found part missing malaysia prime minister say world buzzfeed URL,Related News: Plane Wreckage Found Is Part Of Missing MH370 Malaysia Prime Minister?Says - World - BuzzFeed | http,wreckage,Unknown,Disaster-related,1.0,0.32244953513145447,0.663014829158783,0.01453564316034317,Neutral,-0.3079138919711113,0.663014829158783
778255581,6.29127E+17,The first piece of wreckage from the first-ever lost Boeing 777 which vanished back in early March along with the 239 people on board has,The first piece of wreckage from the first-ever lost Boeing 777 which vanished back in early March along with the 239 people on board has,first piece wreckage lost boeing NUMBER vanished back early march along NUMBER people board,The first piece of wreckage from the first-ever lost Boeing 777 which vanished back in early March along with the 239 people on board has,wreckage,Unknown,Disaster-related,1.0,0.6118631362915039,0.3766135573387146,0.011523323133587837,Negative,-0.6003398131579161,0.6118631362915039
778255586,6.29126E+17,"Wreckage is MH370: Najib
http://t.co/iidKC0jSBx #MH370 #najibrazak #MalaysiaAirlines",Wreckage is MH370: Najib http://t.co/iidKC0jSBx #MH370 #najibrazak #MalaysiaAirlines,wreckage najib URL najibrazak malaysiaairlines,Wreckage is MH370: Najib http #MH370 #najibrazak #MalaysiaAirlines,wreckage,Unknown,Disaster-related,1.0,0.47104427218437195,0.5124460458755493,0.01650969497859478,Neutral,-0.45453457720577717,0.5124460458755493
778255587,6.29123E+17,Check out 'Malaysia Confirms Plane Wreckage Is From Flight MH370' at  http://t.co/UB3woZ2UT1,Check out 'Malaysia Confirms Plane Wreckage Is From Flight MH370' at http://t.co/UB3woZ2UT1,check confirms plane wreckage flight URL,Check out 'Malaysia Confirms Plane Wreckage Is From Flight MH370' at http,wreckage,"No ID, No VOTE!!!",Disaster-related,1.0,0.11808156222105026,0.8637232184410095,0.01819515787065029,Neutral,-0.09988640435039997,0.8637232184410095
778255606,6.29066E+17,I wonder how times someone has wrecked trying to do the 'stare and drive' move from 2 Fast 2 Furious,I wonder how times someone has wrecked trying to do the 'stare and drive' move from 2 Fast 2 Furious,wonder time someone wrecked trying drive move NUMBER fast NUMBER furious,I wonder how times someone has wrecked trying to do the 'stare and drive' move from 2 Fast 2 Furious,wrecked,United States,Not disaster-related,0.5976,0.18249405920505524,0.7576234340667725,0.05988248065114021,Neutral,-0.12261157855391502,0.7576234340667725
778255617,6.29077E+17,James Kunstler: How bad architecture wrecked cities http://t.co/Ac6I3tE8mT #residualincome #mlm http://t.co/Wq0JLsHW1g,James Kunstler: How bad architecture wrecked cities http://t.co/Ac6I3tE8mT #residualincome #mlm http://t.co/Wq0JLsHW1g,james kunstler bad architecture wrecked city URL residualincome mlm URL,James Kunstler: How bad architecture wrecked cities http #residualincome #mlm http,wrecked,Unknown,Not disaster-related,0.5963,0.7944793701171875,0.1962648332118988,0.00925587210804224,Negative,-0.7852234980091453,0.7944793701171875
778255620,6.29086E+17,The Twitter update pretty much wrecked the app,The Twitter update pretty much wrecked the app,twitter update pretty much wrecked app,The Twitter update pretty much wrecked the app,wrecked,"Click the link below, okay",Not disaster-related,0.5976,0.8863832354545593,0.10310198366641998,0.010514694266021252,Negative,-0.8758685411885381,0.8863832354545593
778255621,6.29082E+17,You wrecked me. Never felt so low in my life. But it's okay God got me,You wrecked me. Never felt so low in my life. But it's okay God got me,wrecked never felt low life okay god got,You wrecked me. Never felt so low in my life. But it's okay God got me,wrecked,Unknown,Not disaster-related,0.7962,0.7544971704483032,0.1705544888973236,0.07494839280843735,Negative,-0.6795487776398659,0.7544971704483032
778255626,6.29062E+17,"300K exotic car wrecked in train accident 
http://t.co/J49xEuj7Ps",300K exotic car wrecked in train accident http://t.co/J49xEuj7Ps,exotic car wrecked train accident URL,300K exotic car wrecked in train accident http,wrecked,Unknown,Disaster-related,0.8054,0.6538878083229065,0.32993707060813904,0.01617511548101902,Negative,-0.6377126928418875,0.6538878083229065
778255627,6.2908E+17,The twins pitcher's ego is now WRECKED,The twins pitcher's ego is now WRECKED,twin pitcher ego wrecked,The twins pitcher's ego is now WRECKED,wrecked,Unknown,Not disaster-related,1.0,0.8016513586044312,0.17833884060382843,0.02000979147851467,Negative,-0.7816415671259165,0.8016513586044312
778255640,6.29069E+17,@Caitsroberts see U the night wee bArra to get absolutely wrecked ????,@Caitsroberts see U the night wee bArra to get absolutely wrecked ????,USER see u night wee barra get absolutely wrecked,@user see U the night wee bArra to get absolutely wrecked ????,wrecked,Glasgow,Not disaster-related,0.7988,0.5307913422584534,0.3833674192428589,0.08584123104810715,Negative,-0.4449501112103462,0.5307913422584534
778255643,6.29072E+17,Cramer: 3 words that wrecked DIS stock - http://t.co/ud7XObYUa1,Cramer: 3 words that wrecked DIS stock - http://t.co/ud7XObYUa1,cramer NUMBER word wrecked dis stock URL,Cramer: 3 words that wrecked DIS stock - http,wrecked,Global,Not disaster-related,1.0,0.689822793006897,0.2942512035369873,0.015925917774438858,Negative,-0.6738968752324581,0.689822793006897
778255645,6.29054E+17,He just wrecked all of you http://t.co/y46isyZkC8,He just wrecked all of you http://t.co/y46isyZkC8,wrecked URL,He just wrecked all of you http,wrecked,Unknown,Not disaster-related,1.0,0.8716520667076111,0.1154419407248497,0.012905982322990894,Negative,-0.8587460843846202,0.8716520667076111
778255648,6.29078E+17,@jt_ruff23 @cameronhacker and I wrecked you both,@jt_ruff23 @cameronhacker and I wrecked you both,USER USER wrecked,@user @user and I wrecked you both,wrecked,Unknown,Not disaster-related,0.5946,0.6692827939987183,0.26217493414878845,0.0685422345995903,Negative,-0.600740559399128,0.6692827939987183
778261074,24352,#Sismo DETECTADO #JapÌ_n 15:41:07 Seismic intensity 0 Iwate Miyagi JST #?? http://t.co/gMoUl9zQ2Q,#Sismo DETECTADO #JapÌ_n 15:41:07 Seismic intensity 0 Iwate Miyagi JST #?? http://t.co/gMoUl9zQ2Q,sismo detectado NUMBER NUMBER NUMBER seismic intensity NUMBER iwate miyagi jst URL,#Sismo DETECTADO #JapÌ_n 15:41:07 Seismic intensity 0 Iwate Miyagi JST #?? http,unknown,Unknown,Disaster-related,0.6435,0.05841675400733948,0.9282398819923401,0.013343301601707935,Neutral,-0.04507345240563154,0.9282398819923401
778261092,432657,The death toll in a #IS-suicide car bombing on a #YPG position in the Village of Rajman in the eastern province of Hasaka has risen to 9,The death toll in a #IS-suicide car bombing on a #YPG position in the Village of Rajman in the eastern province of Hasaka has risen to 9,death toll car bombing ypg position village rajman eastern province hasaka risen NUMBER,The death toll in a #IS-suicide car bombing on a #YPG position in the Village of Rajman in the eastern province of Hasaka has risen to 9,unknown,Unknown,Disaster-related,1.0,0.8161497712135315,0.17826396226882935,0.005586231593042612,Negative,-0.8105635396204889,0.8161497712135315
